Workbook

Sheet 종합
A1: * 금융업제외 | I1: 구분 | J1: EPS성장율 | K1: roe & pbr | L1: 야마구치 | M1: RIM(개별) | N1: RIM(연결) | O1: 무성장가치
E2: 입력F | F2: 삼성전자 | I2: value | J2: =VLOOKUP($F$2,종합!$B:T,9,FALSE) | K2: =VLOOKUP($F$2,종합!$B:U,10,FALSE) | L2: =VLOOKUP($F$2,종합!$B:U,11,FALSE) | M2: =VLOOKUP($F$2,종합!$B:V,12,FALSE) | N2: =VLOOKUP($F$2,종합!$B:W,13,FALSE) | O2: =VLOOKUP($F$2,종합!$B:X,14,FALSE)
I3: 주가 | J3: =VLOOKUP($F$2,종합!$B:$I,8,FALSE) | K3: =J3 | L3: =K3 | M3: =L3 | N3: =M3 | O3: =N3
A5: CODE | B5: 종목 | C5: 주재무 | D5: 실적 | E5: 시가총액 (억) | F5: PER | G5: PBR | H5: ROE | I5: 주가 (원) | J5: EPS성장율 (원) | K5: roe & pbr (원) | L5: 야마구치 (원) | M5: RIM(개별) (원) | N5: RIM(연결) (원) | O5: 무성장가치 (원) | P5: 업종 | Q5: 주식수 | R5: 순이익 | S5: 자본총계
A6: A005930 | B6: 삼성전자 | C6: 연결 | D6: 3Q | E6: =I6*Q6/100000000 | F6: =IFERROR(E6/R6,"-") | G6: =IFERROR(E6/S6,"-") | H6: =IFERROR(G6/F6,"-") | I6: =VLOOKUP(B6,NAVER!$A$1:$G$1670,5,FALSE) | J6: =VLOOKUP(A6,'EPS 성장율'!A:L,COLUMN('EPS 성장율'!L7),FALSE) | K6: =VLOOKUP($A6,'roe&pbr'!$A:$Q,COLUMN('roe&pbr'!J7),FALSE) | L6: =IFERROR(VLOOKUP($A6,야마구치요헤이!$A:$K,COLUMN(야마구치요헤이!K7),FALSE),"-") | M6: =IFERROR(VLOOKUP($A6,'RIM (개별)'!$A:$Y,COLUMN('RIM (개별)'!H11),FALSE),"-") | N6: =IFERROR(VLOOKUP($A6,'RIM (연결)'!$A:$Y,COLUMN('RIM (연결)'!H9),FALSE),"-") | O6: =IFERROR(VLOOKUP($A6,무성장가치!$A:$Q,COLUMN(무성장가치!J7),FALSE),"-") | P6: 휴대폰 및 관련부품 | Q6: 140679337 | R6: 187409.41 | S6: 1732696.6
A7: A015760 | B7: 한국전력 | C7: 연결 | D7: 3Q | E7: =I7*Q7/100000000 | F7: =IFERROR(E7/R7,"-") | G7: =IFERROR(E7/S7,"-") | H7: =IFERROR(G7/F7,"-") | I7: =IF(COUNTIF(현재가!$A:$A,$B7),VLOOKUP($B7,현재가!$A:$B,2,FALSE),VLOOKUP($B7,현재가!$D:$E,2,FALSE)) | J7: =VLOOKUP(A7,'EPS 성장율'!A:L,COLUMN('EPS 성장율'!L7),FALSE) | K7: =VLOOKUP($A7,'roe&pbr'!$A:$Q,COLUMN('roe&pbr'!J7),FALSE) | L7: =IFERROR(VLOOKUP($A7,야마구치요헤이!$A:$K,COLUMN(야마구치요헤이!K7),FALSE),"-") | M7: =IFERROR(VLOOKUP($A7,'RIM (개별)'!$A:$Y,COLUMN('RIM (개별)'!H11),FALSE),"-") | N7: =IFERROR(VLOOKUP($A7,'RIM (연결)'!$A:$Y,COLUMN('RIM (연결)'!H9),FALSE),"-") | O7: =IFERROR(VLOOKUP($A7,무성장가치!$A:$Q,COLUMN(무성장가치!J7),FALSE),"-") | P7: 전력 | Q7: 641964077 | R7: 83293.99 | S7: 710057.63
A8: A005380 | B8: 현대차 | C8: 연결 | D8: 3Q | E8: =I8*Q8/100000000 | F8: =IFERROR(E8/R8,"-") | G8: =IFERROR(E8/S8,"-") | H8: =IFERROR(G8/F8,"-") | I8: =IF(COUNTIF(현재가!$A:$A,$B8),VLOOKUP($B8,현재가!$A:$B,2,FALSE),VLOOKUP($B8,현재가!$D:$E,2,FALSE)) | J8: =VLOOKUP(A8,'EPS 성장율'!A:L,COLUMN('EPS 성장율'!L8),FALSE) | K8: =VLOOKUP($A8,'roe&pbr'!$A:$Q,COLUMN('roe&pbr'!J8),FALSE) | L8: =IFERROR(VLOOKUP($A8,야마구치요헤이!$A:$K,COLUMN(야마구치요헤이!K8),FALSE),"-") | M8: =IFERROR(VLOOKUP($A8,'RIM (개별)'!$A:$Y,COLUMN('RIM (개별)'!H12),FALSE),"-") | N8: =IFERROR(VLOOKUP($A8,'RIM (연결)'!$A:$Y,COLUMN('RIM (연결)'!H10),FALSE),"-") | O8: =IFERROR(VLOOKUP($A8,무성장가치!$A:$Q,COLUMN(무성장가치!J8),FALSE),"-") | P8: 자동차 | Q8: 220276479 | R8: 60378.48 | S8: 642639.76
A9: A028260 | B9: 삼성물산 | C9: 연결 | D9: 3Q | E9: =I9*Q9/100000000 | F9: =IFERROR(E9/R9,"-") | G9: =IFERROR(E9/S9,"-") | H9: =IFERROR(G9/F9,"-") | I9: =IF(COUNTIF(현재가!$A:$A,$B9),VLOOKUP($B9,현재가!$A:$B,2,FALSE),VLOOKUP($B9,현재가!$D:$E,2,FALSE)) | J9: =VLOOKUP(A9,'EPS 성장율'!A:L,COLUMN('EPS 성장율'!L9),FALSE) | K9: =VLOOKUP($A9,'roe&pbr'!$A:$Q,COLUMN('roe&pbr'!J9),FALSE) | L9: =IFERROR(VLOOKUP($A9,야마구치요헤이!$A:$K,COLUMN(야마구치요헤이!K9),FALSE),"-") | M9: =IFERROR(VLOOKUP($A9,'RIM (개별)'!$A:$Y,COLUMN('RIM (개별)'!H13),FALSE),"-") | N9: =IFERROR(VLOOKUP($A9,'RIM (연결)'!$A:$Y,COLUMN('RIM (연결)'!H11),FALSE),"-") | O9: =IFERROR(VLOOKUP($A9,무성장가치!$A:$Q,COLUMN(무성장가치!J9),FALSE),"-") | P9: 복합 산업 | Q9: 189690043 | R9: -2666.9178 | S9: 164593.64
A10: A035420 | B10: NAVER | C10: 연결 | D10: 3Q | E10: =I10*Q10/100000000 | F10: =IFERROR(E10/R10,"-") | G10: =IFERROR(E10/S10,"-") | H10: =IFERROR(G10/F10,"-") | I10: =IF(COUNTIF(현재가!$A:$A,$B10),VLOOKUP($B10,현재가!$A:$B,2,FALSE),VLOOKUP($B10,현재가!$D:$E,2,FALSE)) | J10: =VLOOKUP(A10,'EPS 성장율'!A:L,COLUMN('EPS 성장율'!L10),FALSE) | K10: =VLOOKUP($A10,'roe&pbr'!$A:$Q,COLUMN('roe&pbr'!J10),FALSE) | L10: =IFERROR(VLOOKUP($A10,야마구치요헤이!$A:$K,COLUMN(야마구치요헤이!K10),FALSE),"-") | M10: =IFERROR(VLOOKUP($A10,'RIM (개별)'!$A:$Y,COLUMN('RIM (개별)'!H14),FALSE),"-") | N10: =IFERROR(VLOOKUP($A10,'RIM (연결)'!$A:$Y,COLUMN('RIM (연결)'!H12),FALSE),"-") | O10: =IFERROR(VLOOKUP($A10,무성장가치!$A:$Q,COLUMN(무성장가치!J10),FALSE),"-") | P10: 인터넷 서비스 | Q10: 32962679 | R10: 7144.7837 | S10: 37073.462
A11: A012330 | B11: 현대모비스 | C11: 연결 | D11: 3Q | E11: =I11*Q11/100000000 | F11: =IFERROR(E11/R11,"-") | G11: =IFERROR(E11/S11,"-") | H11: =IFERROR(G11/F11,"-") | I11: =IF(COUNTIF(현재가!$A:$A,$B11),VLOOKUP($B11,현재가!$A:$B,2,FALSE),VLOOKUP($B11,현재가!$D:$E,2,FALSE)) | J11: =VLOOKUP(A11,'EPS 성장율'!A:L,COLUMN('EPS 성장율'!L11),FALSE) | K11: =VLOOKUP($A11,'roe&pbr'!$A:$Q,COLUMN('roe&pbr'!J11),FALSE) | L11: =IFERROR(VLOOKUP($A11,야마구치요헤이!$A:$K,COLUMN(야마구치요헤이!K11),FALSE),"-") | M11: =IFERROR(VLOOKUP($A11,'RIM (개별)'!$A:$Y,COLUMN('RIM (개별)'!H15),FALSE),"-") | N11: =IFERROR(VLOOKUP($A11,'RIM (연결)'!$A:$Y,COLUMN('RIM (연결)'!H13),FALSE),"-") | O11: =IFERROR(VLOOKUP($A11,무성장가치!$A:$Q,COLUMN(무성장가치!J11),FALSE),"-") | P11: 자동차부품 | Q11: 97343863 | R11: 31983.44 | S11: 272860.14
A12: A000660 | B12: SK하이닉스 | C12: 연결 | D12: 3Q | E12: =I12*Q12/100000000 | F12: =IFERROR(E12/R12,"-") | G12: =IFERROR(E12/S12,"-") | H12: =IFERROR(G12/F12,"-") | I12: =IF(COUNTIF(현재가!$A:$A,$B12),VLOOKUP($B12,현재가!$A:$B,2,FALSE),VLOOKUP($B12,현재가!$D:$E,2,FALSE)) | J12: =VLOOKUP(A12,'EPS 성장율'!A:L,COLUMN('EPS 성장율'!L12),FALSE) | K12: =VLOOKUP($A12,'roe&pbr'!$A:$Q,COLUMN('roe&pbr'!J12),FALSE) | L12: =IFERROR(VLOOKUP($A12,야마구치요헤이!$A:$K,COLUMN(야마구치요헤이!K12),FALSE),"-") | M12: =IFERROR(VLOOKUP($A12,'RIM (개별)'!$A:$Y,COLUMN('RIM (개별)'!H16),FALSE),"-") | N12: =IFERROR(VLOOKUP($A12,'RIM (연결)'!$A:$Y,COLUMN('RIM (연결)'!H14),FALSE),"-") | O12: =IFERROR(VLOOKUP($A12,무성장가치!$A:$Q,COLUMN(무성장가치!J12),FALSE),"-") | P12: 반도체 및 관련장비 | Q12: 728002365 | R12: 21973.59 | S12: 220006.34
A13: A090430 | B13: 아모레퍼시픽 | C13: 연결 | D13: 3Q | E13: =I13*Q13/100000000 | F13: =IFERROR(E13/R13,"-") | G13: =IFERROR(E13/S13,"-") | H13: =IFERROR(G13/F13,"-") | I13: =IF(COUNTIF(현재가!$A:$A,$B13),VLOOKUP($B13,현재가!$A:$B,2,FALSE),VLOOKUP($B13,현재가!$D:$E,2,FALSE)) | J13: =VLOOKUP(A13,'EPS 성장율'!A:L,COLUMN('EPS 성장율'!L13),FALSE) | K13: =VLOOKUP($A13,'roe&pbr'!$A:$Q,COLUMN('roe&pbr'!J13),FALSE) | L13: =IFERROR(VLOOKUP($A13,야마구치요헤이!$A:$K,COLUMN(야마구치요헤이!K13),FALSE),"-") | M13: =IFERROR(VLOOKUP($A13,'RIM (개별)'!$A:$Y,COLUMN('RIM (개별)'!H17),FALSE),"-") | N13: =IFERROR(VLOOKUP($A13,'RIM (연결)'!$A:$Y,COLUMN('RIM (연결)'!H15),FALSE),"-") | O13: =IFERROR(VLOOKUP($A13,무성장가치!$A:$Q,COLUMN(무성장가치!J13),FALSE),"-") | P13: 개인생활용품 | Q13: 58458490 | R13: 6362.6814 | S13: 38077.337
A14: A005490 | B14: POSCO | C14: 연결 | D14: 3Q | E14: =I14*Q14/100000000 | F14: =IFERROR(E14/R14,"-") | G14: =IFERROR(E14/S14,"-") | H14: =IFERROR(G14/F14,"-") | I14: =IF(COUNTIF(현재가!$A:$A,$B14),VLOOKUP($B14,현재가!$A:$B,2,FALSE),VLOOKUP($B14,현재가!$D:$E,2,FALSE)) | J14: =VLOOKUP(A14,'EPS 성장율'!A:L,COLUMN('EPS 성장율'!L14),FALSE) | K14: =VLOOKUP($A14,'roe&pbr'!$A:$Q,COLUMN('roe&pbr'!J14),FALSE) | L14: =IFERROR(VLOOKUP($A14,야마구치요헤이!$A:$K,COLUMN(야마구치요헤이!K14),FALSE),"-") | M14: =IFERROR(VLOOKUP($A14,'RIM (개별)'!$A:$Y,COLUMN('RIM (개별)'!H18),FALSE),"-") | N14: =IFERROR(VLOOKUP($A14,'RIM (연결)'!$A:$Y,COLUMN('RIM (연결)'!H16),FALSE),"-") | O14: =IFERROR(VLOOKUP($A14,무성장가치!$A:$Q,COLUMN(무성장가치!J14),FALSE),"-") | P14: 금속 및 광물 | Q14: 87186835 | R14: 13825.241 | S14: 416713.29
A15: A017670 | B15: SK텔레콤 | C15: 연결 | D15: 3Q | E15: =I15*Q15/100000000 | F15: =IFERROR(E15/R15,"-") | G15: =IFERROR(E15/S15,"-") | H15: =IFERROR(G15/F15,"-") | I15: =IF(COUNTIF(현재가!$A:$A,$B15),VLOOKUP($B15,현재가!$A:$B,2,FALSE),VLOOKUP($B15,현재가!$D:$E,2,FALSE)) | J15: =VLOOKUP(A15,'EPS 성장율'!A:L,COLUMN('EPS 성장율'!L15),FALSE) | K15: =VLOOKUP($A15,'roe&pbr'!$A:$Q,COLUMN('roe&pbr'!J15),FALSE) | L15: =IFERROR(VLOOKUP($A15,야마구치요헤이!$A:$K,COLUMN(야마구치요헤이!K15),FALSE),"-") | M15: =IFERROR(VLOOKUP($A15,'RIM (개별)'!$A:$Y,COLUMN('RIM (개별)'!H19),FALSE),"-") | N15: =IFERROR(VLOOKUP($A15,'RIM (연결)'!$A:$Y,COLUMN('RIM (연결)'!H17),FALSE),"-") | O15: =IFERROR(VLOOKUP($A15,무성장가치!$A:$Q,COLUMN(무성장가치!J15),FALSE),"-") | P15: 무선통신 | Q15: 80745711 | R15: 14831.03 | S15: 153774.74
A16: A051910 | B16: LG화학 | C16: 연결 | D16: 3Q | E16: =I16*Q16/100000000 | F16: =IFERROR(E16/R16,"-") | G16: =IFERROR(E16/S16,"-") | H16: =IFERROR(G16/F16,"-") | I16: =IF(COUNTIF(현재가!$A:$A,$B16),VLOOKUP($B16,현재가!$A:$B,2,FALSE),VLOOKUP($B16,현재가!$D:$E,2,FALSE)) | J16: =VLOOKUP(A16,'EPS 성장율'!A:L,COLUMN('EPS 성장율'!L16),FALSE) | K16: =VLOOKUP($A16,'roe&pbr'!$A:$Q,COLUMN('roe&pbr'!J16),FALSE) | L16: =IFERROR(VLOOKUP($A16,야마구치요헤이!$A:$K,COLUMN(야마구치요헤이!K16),FALSE),"-") | M16: =IFERROR(VLOOKUP($A16,'RIM (개별)'!$A:$Y,COLUMN('RIM (개별)'!H20),FALSE),"-") | N16: =IFERROR(VLOOKUP($A16,'RIM (연결)'!$A:$Y,COLUMN('RIM (연결)'!H18),FALSE),"-") | O16: =IFERROR(VLOOKUP($A16,무성장가치!$A:$Q,COLUMN(무성장가치!J16),FALSE),"-") | P16: 화학 | Q16: 70592343 | R16: 12226.07 | S16: 135878.42
A17: A000270 | B17: 기아 | C17: 연결 | D17: 3Q | E17: =I17*Q17/100000000 | F17: =IFERROR(E17/R17,"-") | G17: =IFERROR(E17/S17,"-") | H17: =IFERROR(G17/F17,"-") | I17: =IF(COUNTIF(현재가!$A:$A,$B17),VLOOKUP($B17,현재가!$A:$B,2,FALSE),VLOOKUP($B17,현재가!$D:$E,2,FALSE)) | J17: =VLOOKUP(A17,'EPS 성장율'!A:L,COLUMN('EPS 성장율'!L17),FALSE) | K17: =VLOOKUP($A17,'roe&pbr'!$A:$Q,COLUMN('roe&pbr'!J17),FALSE) | L17: =IFERROR(VLOOKUP($A17,야마구치요헤이!$A:$K,COLUMN(야마구치요헤이!K17),FALSE),"-") | M17: =IFERROR(VLOOKUP($A17,'RIM (개별)'!$A:$Y,COLUMN('RIM (개별)'!H21),FALSE),"-") | N17: =IFERROR(VLOOKUP($A17,'RIM (연결)'!$A:$Y,COLUMN('RIM (연결)'!H19),FALSE),"-") | O17: =IFERROR(VLOOKUP($A17,무성장가치!$A:$Q,COLUMN(무성장가치!J17),FALSE),"-") | P17: 자동차 | Q17: 405363347 | R17: 28654.31 | S17: 255829.48
A18: A033780 | B18: KT&G | C18: 연결 | D18: 3Q | E18: =I18*Q18/100000000 | F18: =IFERROR(E18/R18,"-") | G18: =IFERROR(E18/S18,"-") | H18: =IFERROR(G18/F18,"-") | I18: =IF(COUNTIF(현재가!$A:$A,$B18),VLOOKUP($B18,현재가!$A:$B,2,FALSE),VLOOKUP($B18,현재가!$D:$E,2,FALSE)) | J18: =VLOOKUP(A18,'EPS 성장율'!A:L,COLUMN('EPS 성장율'!L18),FALSE) | K18: =VLOOKUP($A18,'roe&pbr'!$A:$Q,COLUMN('roe&pbr'!J18),FALSE) | L18: =IFERROR(VLOOKUP($A18,야마구치요헤이!$A:$K,COLUMN(야마구치요헤이!K18),FALSE),"-") | M18: =IFERROR(VLOOKUP($A18,'RIM (개별)'!$A:$Y,COLUMN('RIM (개별)'!H22),FALSE),"-") | N18: =IFERROR(VLOOKUP($A18,'RIM (연결)'!$A:$Y,COLUMN('RIM (연결)'!H20),FALSE),"-") | O18: =IFERROR(VLOOKUP($A18,무성장가치!$A:$Q,COLUMN(무성장가치!J18),FALSE),"-") | P18: 담배 | Q18: 137292497 | R18: 9823.5395 | S18: 66257.172
... A50: A032640 | B50: LG유플러스 | C50: 연결 | D50: 3Q | E50: =I50*Q50/100000000 | F50: =IFERROR(E50/R50,"-") | G50: =IFERROR(E50/S50,"-") | H50: =IFERROR(G50/F50,"-") | I50: =IF(COUNTIF(현재가!$A:$A,$B50),VLOOKUP($B50,현재가!$A:$B,2,FALSE),VLOOKUP($B50,현재가!$D:$E,2,FALSE)) | J50: =VLOOKUP(A50,'EPS 성장율'!A:L,COLUMN('EPS 성장율'!L50),FALSE) | K50: =VLOOKUP($A50,'roe&pbr'!$A:$Q,COLUMN('roe&pbr'!J50),FALSE) | L50: =IFERROR(VLOOKUP($A50,야마구치요헤이!$A:$K,COLUMN(야마구치요헤이!K50),FALSE),"-") | M50: =IFERROR(VLOOKUP($A50,'RIM (개별)'!$A:$Y,COLUMN('RIM (개별)'!H54),FALSE),"-") | N50: =IFERROR(VLOOKUP($A50,'RIM (연결)'!$A:$Y,COLUMN('RIM (연결)'!H52),FALSE),"-") | O50: =IFERROR(VLOOKUP($A50,무성장가치!$A:$Q,COLUMN(무성장가치!J50),FALSE),"-") | P50: 무선통신 | Q50: 436611361 | R50: 4143.44 | S50: 47131.4

Sheet EPS 성장율
D2: 할인율 | E2: 적용 PER | I2: 삼성전자 | K2: 주가 | L2: 주당가치 | M2: EPS 성장율 | N2: 미래주가 | O2: 기대수익율 | P2: 미래 EPS | Q2: 기간
C3: 입력 F | D3: 0.08 | E3: 12 | K3: =VLOOKUP($I2,$B:$X,COLUMN(K6)-1,FALSE) | L3: =VLOOKUP($I2,$B:$X,COLUMN(L6)-1,FALSE) | M3: =VLOOKUP($I2,$B:$X,COLUMN(M6)-1,FALSE) | N3: =VLOOKUP($I2,$B:$X,COLUMN(N6)-1,FALSE) | O3: =VLOOKUP($I2,$B:$X,COLUMN(O6)-1,FALSE) | P3: =VLOOKUP($I2,$B:$X,COLUMN(P6)-1,FALSE) | Q3: =VLOOKUP($I2,$B:$X,COLUMN(Q6)-1,FALSE)
Q4: 입력H | S4: 0.75 | T4: 1.75 | U4: 2.75 | V4: 3.75 | W4: 4.75 | X4: 5.75
A5: CODE | B5: 종목 | C5: 주재무 | D5: 실적 | E5: 시가총액 (억) | F5: PER | G5: PBR | H5: ROE | I5: PEG | J5: 괴리율 | K5: 주가 (원) | L5: 주당가치 | M5: EPS 성장율 | N5: 미래주가 | O5: 기대수익율 | P5: 미래 EPS | Q5: 기간 | R5: 2021.2Q | S5: 2020 | T5: 2019 | U5: 2018 | V5: 2017 | W5: 2016 | X5: 2015 | Y5: 업종 | Z5: 주식수
A6: A005930 | B6: 삼성전자 | C6: 연결 | D6: 3Q | E6: =K6*Z6/100000000 | F6: =VLOOKUP($A6,종합!$A:$T,COLUMN(종합!F34),FALSE) | G6: =VLOOKUP($A6,종합!$A:$T,COLUMN(종합!G34),FALSE) | H6: =VLOOKUP($A6,종합!$A:$T,COLUMN(종합!H34),FALSE) | I6: =IFERROR(F6/(M6*100),"-") | J6: =IFERROR((L6-K6)/K6,"-") | K6: =IF(COUNTIF(현재가!$A:$A,$B6),VLOOKUP($B6,현재가!$A:$B,2,FALSE),VLOOKUP($B6,현재가!$D:$E,2,FALSE)) | L6: =IFERROR(N6/(1+$D$3)^Q6,"-") | M6: =IF(R6<0,"적자",IF(Q6=5.75,(R6/X6)^(1/Q6)-1,IF(Q6=4.75,(R6/W6)^(1/Q6)-1,IF(Q6=3.75,(R6/V6)^(1/Q6)-1,IF(Q6=2.75,(R6/U6)^(1/Q6)-1,IF(Q6=1.75,(R6/T6)^(1/Q6)-1,IF(Q6=0.75,(R6/S6)^(1/Q6)-1))))))) | N6: =IFERROR(P6*$E$3,"-") | O6: =IFERROR((N6/K6)^(1/Q6)-1,"-") | P6: =IFERROR(R6*(1+M6)^Q6,"-") | Q6: 5.75 | R6: 112794.14 | S6: 109882.59 | T6: 135673.45 | U6: 175282.02 | V6: 136278.13 | W6: 78660.01 | X6: 92862.98 | Y6: 휴대폰 및 관련부품 | Z6: 140679337
A7: A015760 | B7: 한국전력 | C7: 연결 | D7: 3Q | E7: =K7*Z7/100000000 | F7: =VLOOKUP($A7,종합!$A:$T,COLUMN(종합!F35),FALSE) | G7: =VLOOKUP($A7,종합!$A:$T,COLUMN(종합!G35),FALSE) | H7: =VLOOKUP($A7,종합!$A:$T,COLUMN(종합!H35),FALSE) | I7: =IFERROR(F7/(M7*100),"-") | J7: =IFERROR((L7-K7)/K7,"-") | K7: =IF(COUNTIF(현재가!$A:$A,$B7),VLOOKUP($B7,현재가!$A:$B,2,FALSE),VLOOKUP($B7,현재가!$D:$E,2,FALSE)) | L7: =IFERROR(N7/(1+$D$3)^Q7,"-") | M7: =IF(R7<0,"적자",IF(Q7=5.75,(R7/X7)^(1/Q7)-1,IF(Q7=4.75,(R7/W7)^(1/Q7)-1,IF(Q7=3.75,(R7/V7)^(1/Q7)-1,IF(Q7=2.75,(R7/U7)^(1/Q7)-1,IF(Q7=1.75,(R7/T7)^(1/Q7)-1,IF(Q7=0.75,(R7/S7)^(1/Q7)-1))))))) | N7: =IFERROR(P7*$E$3,"-") | O7: =IFERROR((N7/K7)^(1/Q7)-1,"-") | P7: =IFERROR(R7*(1+M7)^Q7,"-") | Q7: 0.75 | R7: 12974.87 | S7: 20700.73 | T7: 4185.39 | U7: 93.48 | V7: -4932.7 | W7: -5251.46 | X7: -186.93 | Y7: 전력 | Z7: 641964077
A8: A005380 | B8: 현대차 | C8: 연결 | D8: 3Q | E8: =K8*Z8/100000000 | F8: =VLOOKUP($A8,종합!$A:$T,COLUMN(종합!F36),FALSE) | G8: =VLOOKUP($A8,종합!$A:$T,COLUMN(종합!G36),FALSE) | H8: =VLOOKUP($A8,종합!$A:$T,COLUMN(종합!H36),FALSE) | I8: =IFERROR(F8/(M8*100),"-") | J8: =IFERROR((L8-K8)/K8,"-") | K8: =IF(COUNTIF(현재가!$A:$A,$B8),VLOOKUP($B8,현재가!$A:$B,2,FALSE),VLOOKUP($B8,현재가!$D:$E,2,FALSE)) | L8: =IFERROR(N8/(1+$D$3)^Q8,"-") | M8: =IF(R8<0,"적자",IF(Q8=5.75,(R8/X8)^(1/Q8)-1,IF(Q8=4.75,(R8/W8)^(1/Q8)-1,IF(Q8=3.75,(R8/V8)^(1/Q8)-1,IF(Q8=2.75,(R8/U8)^(1/Q8)-1,IF(Q8=1.75,(R8/T8)^(1/Q8)-1,IF(Q8=0.75,(R8/S8)^(1/Q8)-1))))))) | N8: =IFERROR(P8*$E$3,"-") | O8: =IFERROR((N8/K8)^(1/Q8)-1,"-") | P8: =IFERROR(R8*(1+M8)^Q8,"-") | Q8: 5.75 | R8: -1393.97 | S8: 17749.13 | T8: 3632.44 | U8: 361.73 | V8: 1127.16 | W8: 2367.96 | X8: 1411.12 | Y8: 자동차 | Z8: 189690043
A9: A028260 | B9: 삼성물산 | C9: 연결 | D9: 3Q | E9: =K9*Z9/100000000 | F9: =VLOOKUP($A9,종합!$A:$T,COLUMN(종합!F37),FALSE) | G9: =VLOOKUP($A9,종합!$A:$T,COLUMN(종합!G37),FALSE) | H9: =VLOOKUP($A9,종합!$A:$T,COLUMN(종합!H37),FALSE) | I9: =IFERROR(F9/(M9*100),"-") | J9: =IFERROR((L9-K9)/K9,"-") | K9: =IF(COUNTIF(현재가!$A:$A,$B9),VLOOKUP($B9,현재가!$A:$B,2,FALSE),VLOOKUP($B9,현재가!$D:$E,2,FALSE)) | L9: =IFERROR(N9/(1+$D$3)^Q9,"-") | M9: =IF(R9<0,"적자",IF(Q9=5.75,(R9/X9)^(1/Q9)-1,IF(Q9=4.75,(R9/W9)^(1/Q9)-1,IF(Q9=3.75,(R9/V9)^(1/Q9)-1,IF(Q9=2.75,(R9/U9)^(1/Q9)-1,IF(Q9=1.75,(R9/T9)^(1/Q9)-1,IF(Q9=0.75,(R9/S9)^(1/Q9)-1))))))) | N9: =IFERROR(P9*$E$3,"-") | O9: =IFERROR((N9/K9)^(1/Q9)-1,"-") | P9: =IFERROR(R9*(1+M9)^Q9,"-") | Q9: 5.75 | R9: 3018.34 | S9: 5937.28 | T9: 5766.24 | U9: 4044.59 | V9: -233.12 | W9: -95.65 | X9: 4440.23 | Y9: 복합 산업 | Z9: 728002365
A10: A035420 | B10: NAVER | C10: 연결 | D10: 3Q | E10: =K10*Z10/100000000 | F10: =VLOOKUP($A10,종합!$A:$T,COLUMN(종합!F38),FALSE) | G10: =VLOOKUP($A10,종합!$A:$T,COLUMN(종합!G38),FALSE) | H10: =VLOOKUP($A10,종합!$A:$T,COLUMN(종합!H38),FALSE) | I10: =IFERROR(F10/(M10*100),"-") | J10: =IFERROR((L10-K10)/K10,"-") | K10: =IF(COUNTIF(현재가!$A:$A,$B10),VLOOKUP($B10,현재가!$A:$B,2,FALSE),VLOOKUP($B10,현재가!$D:$E,2,FALSE)) | L10: =IFERROR(N10/(1+$D$3)^Q10,"-") | M10: =IF(R10<0,"적자",IF(Q10=5.75,(R10/X10)^(1/Q10)-1,IF(Q10=4.75,(R10/W10)^(1/Q10)-1,IF(Q10=3.75,(R10/V10)^(1/Q10)-1,IF(Q10=2.75,(R10/U10)^(1/Q10)-1,IF(Q10=1.75,(R10/T10)^(1/Q10)-1,IF(Q10=0.75,(R10/S10)^(1/Q10)-1))))))) | N10: =IFERROR(P10*$E$3,"-") | O10: =IFERROR((N10/K10)^(1/Q10)-1,"-") | P10: =IFERROR(R10*(1+M10)^Q10,"-") | Q10: 5.75 | R10: 23412.46 | S10: 24883.84 | T10: 28488.1 | U10: 33121.96 | V10: 33217.87 | W10: 29686.54 | X10: 21587.21 | Y10: 인터넷 서비스 | Z10: 220276479
A11: A012330 | B11: 현대모비스 | C11: 연결 | D11: 3Q | E11: =K11*Z11/100000000 | F11: =VLOOKUP($A11,종합!$A:$T,COLUMN(종합!F39),FALSE) | G11: =VLOOKUP($A11,종합!$A:$T,COLUMN(종합!G39),FALSE) | H11: =VLOOKUP($A11,종합!$A:$T,COLUMN(종합!H39),FALSE) | I11: =IFERROR(F11/(M11*100),"-") | J11: =IFERROR((L11-K11)/K11,"-") | K11: =IF(COUNTIF(현재가!$A:$A,$B11),VLOOKUP($B11,현재가!$A:$B,2,FALSE),VLOOKUP($B11,현재가!$D:$E,2,FALSE)) | L11: =IFERROR(N11/(1+$D$3)^Q11,"-") | M11: =IF(R11<0,"적자",IF(Q11=5.75,(R11/X11)^(1/Q11)-1,IF(Q11=4.75,(R11/W11)^(1/Q11)-1,IF(Q11=3.75,(R11/V11)^(1/Q11)-1,IF(Q11=2.75,(R11/U11)^(1/Q11)-1,IF(Q11=1.75,(R11/T11)^(1/Q11)-1,IF(Q11=0.75,(R11/S11)^(1/Q11)-1))))))) | N11: =IFERROR(P11*$E$3,"-") | O11: =IFERROR((N11/K11)^(1/Q11)-1,"-") | P11: =IFERROR(R11*(1+M11)^Q11,"-") | Q11: 5.75 | R11: 21675.37 | S11: 15737.39 | T11: 13787.03 | U11: 45425.48 | V11: 11346.4 | W11: 9349.81 | X11: 9829.62 | Y11: 자동차부품 | Z11: 32962679
A12: A000660 | B12: SK하이닉스 | C12: 연결 | D12: 3Q | E12: =K12*Z12/100000000 | F12: =VLOOKUP($A12,종합!$A:$T,COLUMN(종합!F40),FALSE) | G12: =VLOOKUP($A12,종합!$A:$T,COLUMN(종합!G40),FALSE) | H12: =VLOOKUP($A12,종합!$A:$T,COLUMN(종합!H40),FALSE) | I12: =IFERROR(F12/(M12*100),"-") | J12: =IFERROR((L12-K12)/K12,"-") | K12: =IF(COUNTIF(현재가!$A:$A,$B12),VLOOKUP($B12,현재가!$A:$B,2,FALSE),VLOOKUP($B12,현재가!$D:$E,2,FALSE)) | L12: =IFERROR(N12/(1+$D$3)^Q12,"-") | M12: =IF(R12<0,"적자",IF(Q12=5.75,(R12/X12)^(1/Q12)-1,IF(Q12=4.75,(R12/W12)^(1/Q12)-1,IF(Q12=3.75,(R12/V12)^(1/Q12)-1,IF(Q12=2.75,(R12/U12)^(1/Q12)-1,IF(Q12=1.75,(R12/T12)^(1/Q12)-1,IF(Q12=0.75,(R12/S12)^(1/Q12)-1))))))) | N12: =IFERROR(P12*$E$3,"-") | O12: =IFERROR((N12/K12)^(1/Q12)-1,"-") | P12: =IFERROR(R12*(1+M12)^Q12,"-") | Q12: 5.75 | R12: 32854.8 | S12: 31386.56 | T12: 35165 | U12: 35148.78 | V12: 36556.43 | W12: 31054.4 | X12: 27869.64 | Y12: 반도체 및 관련장비 | Z12: 97343863
A13: A090430 | B13: 아모레퍼시픽 | C13: 연결 | D13: 3Q | E13: =K13*Z13/100000000 | F13: =VLOOKUP($A13,종합!$A:$T,COLUMN(종합!F41),FALSE) | G13: =VLOOKUP($A13,종합!$A:$T,COLUMN(종합!G41),FALSE) | H13: =VLOOKUP($A13,종합!$A:$T,COLUMN(종합!H41),FALSE) | I13: =IFERROR(F13/(M13*100),"-") | J13: =IFERROR((L13-K13)/K13,"-") | K13: =IF(COUNTIF(현재가!$A:$A,$B13),VLOOKUP($B13,현재가!$A:$B,2,FALSE),VLOOKUP($B13,현재가!$D:$E,2,FALSE)) | L13: =IFERROR(N13/(1+$D$3)^Q13,"-") | M13: =IF(R13<0,"적자",IF(Q13=5.75,(R13/X13)^(1/Q13)-1,IF(Q13=4.75,(R13/W13)^(1/Q13)-1,IF(Q13=3.75,(R13/V13)^(1/Q13)-1,IF(Q13=2.75,(R13/U13)^(1/Q13)-1,IF(Q13=1.75,(R13/T13)^(1/Q13)-1,IF(Q13=0.75,(R13/S13)^(1/Q13)-1))))))) | N13: =IFERROR(P13*$E$3,"-") | O13: =IFERROR((N13/K13)^(1/Q13)-1,"-") | P13: =IFERROR(R13*(1+M13)^Q13,"-") | Q13: 5.75 | R13: 9219.1 | S13: 9703.95 | T13: 6369.97 | U13: 4502.71 | V13: 4543.95 | W13: 5494.96 | X13: 4835 | Y13: 개인생활용품 | Z13: 58458490
A14: A005490 | B14: POSCO | C14: 연결 | D14: 3Q | E14: =K14*Z14/100000000 | F14: =VLOOKUP($A14,종합!$A:$T,COLUMN(종합!F43),FALSE) | G14: =VLOOKUP($A14,종합!$A:$T,COLUMN(종합!G43),FALSE) | H14: =VLOOKUP($A14,종합!$A:$T,COLUMN(종합!H43),FALSE) | I14: =IFERROR(F14/(M14*100),"-") | J14: =IFERROR((L14-K14)/K14,"-") | K14: =IF(COUNTIF(현재가!$A:$A,$B14),VLOOKUP($B14,현재가!$A:$B,2,FALSE),VLOOKUP($B14,현재가!$D:$E,2,FALSE)) | L14: =IFERROR(N14/(1+$D$3)^Q14,"-") | M14: =IF(R14<0,"적자",IF(Q14=5.75,(R14/X14)^(1/Q14)-1,IF(Q14=4.75,(R14/W14)^(1/Q14)-1,IF(Q14=3.75,(R14/V14)^(1/Q14)-1,IF(Q14=2.75,(R14/U14)^(1/Q14)-1,IF(Q14=1.75,(R14/T14)^(1/Q14)-1,IF(Q14=0.75,(R14/S14)^(1/Q14)-1))))))) | N14: =IFERROR(P14*$E$3,"-") | O14: =IFERROR((N14/K14)^(1/Q14)-1,"-") | P14: =IFERROR(R14*(1+M14)^Q14,"-") | Q14: 5.75 | R14: 15857.03 | S14: 2071.95 | T14: 7181.12 | U14: 15786.74 | V14: 28239.13 | W14: 41842.74 | X14: 47089.94 | Y14: 금속 및 광물 | Z14: 87186835
A15: A017670 | B15: SK텔레콤 | C15: 연결 | D15: 3Q | E15: =K15*Z15/100000000 | F15: =VLOOKUP($A15,종합!$A:$T,COLUMN(종합!F45),FALSE) | G15: =VLOOKUP($A15,종합!$A:$T,COLUMN(종합!G45),FALSE) | H15: =VLOOKUP($A15,종합!$A:$T,COLUMN(종합!H45),FALSE) | I15: =IFERROR(F15/(M15*100),"-") | J15: =IFERROR((L15-K15)/K15,"-") | K15: =IF(COUNTIF(현재가!$A:$A,$B15),VLOOKUP($B15,현재가!$A:$B,2,FALSE),VLOOKUP($B15,현재가!$D:$E,2,FALSE)) | L15: =IFERROR(N15/(1+$D$3)^Q15,"-") | M15: =IF(R15<0,"적자",IF(Q15=5.75,(R15/X15)^(1/Q15)-1,IF(Q15=4.75,(R15/W15)^(1/Q15)-1,IF(Q15=3.75,(R15/V15)^(1/Q15)-1,IF(Q15=2.75,(R15/U15)^(1/Q15)-1,IF(Q15=1.75,(R15/T15)^(1/Q15)-1,IF(Q15=0.75,(R15/S15)^(1/Q15)-1))))))) | N15: =IFERROR(P15*$E$3,"-") | O15: =IFERROR((N15/K15)^(1/Q15)-1,"-") | P15: =IFERROR(R15*(1+M15)^Q15,"-") | Q15: 5.75 | R15: 18367.58 | S15: 18807.24 | T15: 22306.79 | U15: 20297.85 | V15: 14263.36 | W15: 19974.92 | X15: 22807.56 | Y15: 무선통신 | Z15: 80745711
A16: A051910 | B16: LG화학 | C16: 연결 | D16: 3Q | E16: =K16*Z16/100000000 | F16: =VLOOKUP($A16,종합!$A:$T,COLUMN(종합!F46),FALSE) | G16: =VLOOKUP($A16,종합!$A:$T,COLUMN(종합!G46),FALSE) | H16: =VLOOKUP($A16,종합!$A:$T,COLUMN(종합!H46),FALSE) | I16: =IFERROR(F16/(M16*100),"-") | J16: =IFERROR((L16-K16)/K16,"-") | K16: =IF(COUNTIF(현재가!$A:$A,$B16),VLOOKUP($B16,현재가!$A:$B,2,FALSE),VLOOKUP($B16,현재가!$D:$E,2,FALSE)) | L16: =IFERROR(N16/(1+$D$3)^Q16,"-") | M16: =IF(R16<0,"적자",IF(Q16=5.75,(R16/X16)^(1/Q16)-1,IF(Q16=4.75,(R16/W16)^(1/Q16)-1,IF(Q16=3.75,(R16/V16)^(1/Q16)-1,IF(Q16=2.75,(R16/U16)^(1/Q16)-1,IF(Q16=1.75,(R16/T16)^(1/Q16)-1,IF(Q16=0.75,(R16/S16)^(1/Q16)-1))))))) | N16: =IFERROR(P16*$E$3,"-") | O16: =IFERROR((N16/K16)^(1/Q16)-1,"-") | P16: =IFERROR(R16*(1+M16)^Q16,"-") | Q16: 5.75 | R16: 7068.8 | S16: 6489.49 | T16: 7384.96 | U16: 9416.39 | V16: 9537.43 | W16: 8555.74 | X16: 6829.49 | Y16: 화학 | Z16: 405363347
A17: A000270 | B17: 기아 | C17: 연결 | D17: 3Q | E17: =K17*Z17/100000000 | F17: =VLOOKUP($A17,종합!$A:$T,COLUMN(종합!F47),FALSE) | G17: =VLOOKUP($A17,종합!$A:$T,COLUMN(종합!G47),FALSE) | H17: =VLOOKUP($A17,종합!$A:$T,COLUMN(종합!H47),FALSE) | I17: =IFERROR(F17/(M17*100),"-") | J17: =IFERROR((L17-K17)/K17,"-") | K17: =IF(COUNTIF(현재가!$A:$A,$B17),VLOOKUP($B17,현재가!$A:$B,2,FALSE),VLOOKUP($B17,현재가!$D:$E,2,FALSE)) | L17: =IFERROR(N17/(1+$D$3)^Q17,"-") | M17: =IF(R17<0,"적자",IF(Q17=5.75,(R17/X17)^(1/Q17)-1,IF(Q17=4.75,(R17/W17)^(1/Q17)-1,IF(Q17=3.75,(R17/V17)^(1/Q17)-1,IF(Q17=2.75,(R17/U17)^(1/Q17)-1,IF(Q17=1.75,(R17/T17)^(1/Q17)-1,IF(Q17=0.75,(R17/S17)^(1/Q17)-1))))))) | N17: =IFERROR(P17*$E$3,"-") | O17: =IFERROR((N17/K17)^(1/Q17)-1,"-") | P17: =IFERROR(R17*(1+M17)^Q17,"-") | Q17: 5.75 | R17: 7155.19 | S17: 7543.87 | T17: 6013.48 | U17: 4156.58 | V17: 5375.66 | W17: 5943.94 | X17: 7515.51 | Y17: 자동차 | Z17: 137292497
A18: A033780 | B18: KT&G | C18: 연결 | D18: 3Q | E18: =K18*Z18/100000000 | F18: =VLOOKUP($A18,종합!$A:$T,COLUMN(종합!F48),FALSE) | G18: =VLOOKUP($A18,종합!$A:$T,COLUMN(종합!G48),FALSE) | H18: =VLOOKUP($A18,종합!$A:$T,COLUMN(종합!H48),FALSE) | I18: =IFERROR(F18/(M18*100),"-") | J18: =IFERROR((L18-K18)/K18,"-") | K18: =IF(COUNTIF(현재가!$A:$A,$B18),VLOOKUP($B18,현재가!$A:$B,2,FALSE),VLOOKUP($B18,현재가!$D:$E,2,FALSE)) | L18: =IFERROR(N18/(1+$D$3)^Q18,"-") | M18: =IF(R18<0,"적자",IF(Q18=5.75,(R18/X18)^(1/Q18)-1,IF(Q18=4.75,(R18/W18)^(1/Q18)-1,IF(Q18=3.75,(R18/V18)^(1/Q18)-1,IF(Q18=2.75,(R18/U18)^(1/Q18)-1,IF(Q18=1.75,(R18/T18)^(1/Q18)-1,IF(Q18=0.75,(R18/S18)^(1/Q18)-1))))))) | N18: =IFERROR(P18*$E$3,"-") | O18: =IFERROR((N18/K18)^(1/Q18)-1,"-") | P18: =IFERROR(R18*(1+M18)^Q18,"-") | Q18: 5.75 | R18: 16544.07 | S18: 15601.98 | T18: 11744.57 | U18: 17130.82 | V18: 20223.09 | W18: 28929.98 | X18: 29205.08 | Y18: 담배 | Z18: 70592343
A19: A034730 | B19: SK | C19: 연결 | D19: 3Q | E19: =K19*Z19/100000000 | F19: =VLOOKUP($A19,종합!$A:$T,COLUMN(종합!F50),FALSE) | G19: =VLOOKUP($A19,종합!$A:$T,COLUMN(종합!G50),FALSE) | H19: =VLOOKUP($A19,종합!$A:$T,COLUMN(종합!H50),FALSE) | I19: =IFERROR(F19/(M19*100),"-") | J19: =IFERROR((L19-K19)/K19,"-") | K19: =IF(COUNTIF(현재가!$A:$A,$B19),VLOOKUP($B19,현재가!$A:$B,2,FALSE),VLOOKUP($B19,현재가!$D:$E,2,FALSE)) | L19: =IFERROR(N19/(1+$D$3)^Q19,"-") | M19: =IF(R19<0,"적자",IF(Q19=5.75,(R19/X19)^(1/Q19)-1,IF(Q19=4.75,(R19/W19)^(1/Q19)-1,IF(Q19=3.75,(R19/V19)^(1/Q19)-1,IF(Q19=2.75,(R19/U19)^(1/Q19)-1,IF(Q19=1.75,(R19/T19)^(1/Q19)-1,IF(Q19=0.75,(R19/S19)^(1/Q19)-1))))))) | N19: =IFERROR(P19*$E$3,"-") | O19: =IFERROR((N19/K19)^(1/Q19)-1,"-") | P19: =IFERROR(R19*(1+M19)^Q19,"-") | Q19: 0.75 | R19: 13662.72 | S19: 93170.89 | T19: 2545.88 | U19: 4045.12 | V19: 7122.34 | W19: 8765.01 | X19: 6493.88 | Y19: 석유 및 가스 | Z19: 70360297
A20: A051900 | B20: LG생활건강 | C20: 연결 | D20: 3Q | E20: =K20*Z20/100000000 | F20: =VLOOKUP($A20,종합!$A:$T,COLUMN(종합!F51),FALSE) | G20: =VLOOKUP($A20,종합!$A:$T,COLUMN(종합!G51),FALSE) | H20: =VLOOKUP($A20,종합!$A:$T,COLUMN(종합!H51),FALSE) | I20: =IFERROR(F20/(M20*100),"-") | J20: =IFERROR((L20-K20)/K20,"-") | K20: =IF(COUNTIF(현재가!$A:$A,$B20),VLOOKUP($B20,현재가!$A:$B,2,FALSE),VLOOKUP($B20,현재가!$D:$E,2,FALSE)) | L20: =IFERROR(N20/(1+$D$3)^Q20,"-") | M20: =IF(R20<0,"적자",IF(Q20=5.75,(R20/X20)^(1/Q20)-1,IF(Q20=4.75,(R20/W20)^(1/Q20)-1,IF(Q20=3.75,(R20/V20)^(1/Q20)-1,IF(Q20=2.75,(R20/U20)^(1/Q20)-1,IF(Q20=1.75,(R20/T20)^(1/Q20)-1,IF(Q20=0.75,(R20/S20)^(1/Q20)-1))))))) | N20: =IFERROR(P20*$E$3,"-") | O20: =IFERROR((N20/K20)^(1/Q20)-1,"-") | P20: =IFERROR(R20*(1+M20)^Q20,"-") | Q20: 5.75 | R20: 33580.34 | S20: 25982.28 | T20: 19721.99 | U20: 20166.31 | V20: 17154.16 | W20: 14941.01 | X20: 13016.22 | Y20: 가정생활용품 | Z20: 15618197
A21: A096770 | B21: SK이노베이션 | C21: 연결 | D21: 3Q | E21: =K21*Z21/100000000 | F21: =VLOOKUP($A21,종합!$A:$T,COLUMN(종합!F52),FALSE) | G21: =VLOOKUP($A21,종합!$A:$T,COLUMN(종합!G52),FALSE) | H21: =VLOOKUP($A21,종합!$A:$T,COLUMN(종합!H52),FALSE) | I21: =IFERROR(F21/(M21*100),"-") | J21: =IFERROR((L21-K21)/K21,"-") | K21: =IF(COUNTIF(현재가!$A:$A,$B21),VLOOKUP($B21,현재가!$A:$B,2,FALSE),VLOOKUP($B21,현재가!$D:$E,2,FALSE)) | L21: =IFERROR(N21/(1+$D$3)^Q21,"-") | M21: =IF(R21<0,"적자",IF(Q21=5.75,(R21/X21)^(1/Q21)-1,IF(Q21=4.75,(R21/W21)^(1/Q21)-1,IF(Q21=3.75,(R21/V21)^(1/Q21)-1,IF(Q21=2.75,(R21/U21)^(1/Q21)-1,IF(Q21=1.75,(R21/T21)^(1/Q21)-1,IF(Q21=0.75,(R21/S21)^(1/Q21)-1))))))) | N21: =IFERROR(P21*$E$3,"-") | O21: =IFERROR((N21/K21)^(1/Q21)-1,"-") | P21: =IFERROR(R21*(1+M21)^Q21,"-") | Q21: 5.75 | R21: 14145.22 | S21: 8695.9 | T21: -6283.29 | U21: 7788.8 | V21: 12649.46 | W21: 33815.74 | X21: 12151.36 | Y21: 석유 및 가스 | Z21: 92465564
A22: A018260 | B22: 삼성에스디에스 | C22: 연결 | D22: 3Q | E22: =K22*Z22/100000000 | F22: =VLOOKUP($A22,종합!$A:$T,COLUMN(종합!F54),FALSE) | G22: =VLOOKUP($A22,종합!$A:$T,COLUMN(종합!G54),FALSE) | H22: =VLOOKUP($A22,종합!$A:$T,COLUMN(종합!H54),FALSE) | I22: =IFERROR(F22/(M22*100),"-") | J22: =IFERROR((L22-K22)/K22,"-") | K22: =IF(COUNTIF(현재가!$A:$A,$B22),VLOOKUP($B22,현재가!$A:$B,2,FALSE),VLOOKUP($B22,현재가!$D:$E,2,FALSE)) | L22: =IFERROR(N22/(1+$D$3)^Q22,"-") | M22: =IF(R22<0,"적자",IF(Q22=5.75,(R22/X22)^(1/Q22)-1,IF(Q22=4.75,(R22/W22)^(1/Q22)-1,IF(Q22=3.75,(R22/V22)^(1/Q22)-1,IF(Q22=2.75,(R22/U22)^(1/Q22)-1,IF(Q22=1.75,(R22/T22)^(1/Q22)-1,IF(Q22=0.75,(R22/S22)^(1/Q22)-1))))))) | N22: =IFERROR(P22*$E$3,"-") | O22: =IFERROR((N22/K22)^(1/Q22)-1,"-") | P22: =IFERROR(R22*(1+M22)^Q22,"-") | Q22: 5.75 | R22: 4237.41 | S22: 3158.41 | T22: 2696.63 | U22: 1976.9 | V22: 1877.65 | W22: 1800.91 | X22: 1560.85 | Y22: IT 서비스 | Z22: 82458180
A23: A068270 | B23: 셀트리온 | C23: 연결 | D23: 3Q | E23: =K23*Z23/100000000 | F23: =VLOOKUP($A23,종합!$A:$T,COLUMN(종합!F55),FALSE) | G23: =VLOOKUP($A23,종합!$A:$T,COLUMN(종합!G55),FALSE) | H23: =VLOOKUP($A23,종합!$A:$T,COLUMN(종합!H55),FALSE) | I23: =IFERROR(F23/(M23*100),"-") | J23: =IFERROR((L23-K23)/K23,"-") | K23: =IF(COUNTIF(현재가!$A:$A,$B23),VLOOKUP($B23,현재가!$A:$B,2,FALSE),VLOOKUP($B23,현재가!$D:$E,2,FALSE)) | L23: =IFERROR(N23/(1+$D$3)^Q23,"-") | M23: =IF(R23<0,"적자",IF(Q23=5.75,(R23/X23)^(1/Q23)-1,IF(Q23=4.75,(R23/W23)^(1/Q23)-1,IF(Q23=3.75,(R23/V23)^(1/Q23)-1,IF(Q23=2.75,(R23/U23)^(1/Q23)-1,IF(Q23=1.75,(R23/T23)^(1/Q23)-1,IF(Q23=0.75,(R23/S23)^(1/Q23)-1))))))) | N23: =IFERROR(P23*$E$3,"-") | O23: =IFERROR((N23/K23)^(1/Q23)-1,"-") | P23: =IFERROR(R23*(1+M23)^Q23,"-") | Q23: 5.75 | R23: 6177.29 | S23: 5673.72 | T23: 5335.9 | U23: 4312.2 | V23: 5477.76 | W23: 4522.76 | X23: 4506.41 | Y23: 바이오 | Z23: 77377800
A24: A002790 | B24: 아모레G | C24: 연결 | D24: 3Q | E24: =K24*Z24/100000000 | F24: =VLOOKUP($A24,종합!$A:$T,COLUMN(종합!F56),FALSE) | G24: =VLOOKUP($A24,종합!$A:$T,COLUMN(종합!G56),FALSE) | H24: =VLOOKUP($A24,종합!$A:$T,COLUMN(종합!H56),FALSE) | I24: =IFERROR(F24/(M24*100),"-") | J24: =IFERROR((L24-K24)/K24,"-") | K24: =IF(COUNTIF(현재가!$A:$A,$B24),VLOOKUP($B24,현재가!$A:$B,2,FALSE),VLOOKUP($B24,현재가!$D:$E,2,FALSE)) | L24: =IFERROR(N24/(1+$D$3)^Q24,"-") | M24: =IF(R24<0,"적자",IF(Q24=5.75,(R24/X24)^(1/Q24)-1,IF(Q24=4.75,(R24/W24)^(1/Q24)-1,IF(Q24=3.75,(R24/V24)^(1/Q24)-1,IF(Q24=2.75,(R24/U24)^(1/Q24)-1,IF(Q24=1.75,(R24/T24)^(1/Q24)-1,IF(Q24=0.75,(R24/S24)^(1/Q24)-1))))))) | N24: =IFERROR(P24*$E$3,"-") | O24: =IFERROR((N24/K24)^(1/Q24)-1,"-") | P24: =IFERROR(R24*(1+M24)^Q24,"-") | Q24: 5.75 | R24: 1516.93 | S24: 1331.91 | T24: 1007.58 | U24: 980.61 | V24: 1673.89 | W24: 1616.05 | X24: 1067.01 | Y24: 개인생활용품 | Z24: 116598327
A25: A003550 | B25: LG | C25: 연결 | D25: 3Q | E25: =K25*Z25/100000000 | F25: =VLOOKUP($A25,종합!$A:$T,COLUMN(종합!F57),FALSE) | G25: =VLOOKUP($A25,종합!$A:$T,COLUMN(종합!G57),FALSE) | H25: =VLOOKUP($A25,종합!$A:$T,COLUMN(종합!H57),FALSE) | I25: =IFERROR(F25/(M25*100),"-") | J25: =IFERROR((L25-K25)/K25,"-") | K25: =IF(COUNTIF(현재가!$A:$A,$B25),VLOOKUP($B25,현재가!$A:$B,2,FALSE),VLOOKUP($B25,현재가!$D:$E,2,FALSE)) | L25: =IFERROR(N25/(1+$D$3)^Q25,"-") | M25: =IF(R25<0,"적자",IF(Q25=5.75,(R25/X25)^(1/Q25)-1,IF(Q25=4.75,(R25/W25)^(1/Q25)-1,IF(Q25=3.75,(R25/V25)^(1/Q25)-1,IF(Q25=2.75,(R25/U25)^(1/Q25)-1,IF(Q25=1.75,(R25/T25)^(1/Q25)-1,IF(Q25=0.75,(R25/S25)^(1/Q25)-1))))))) | N25: =IFERROR(P25*$E$3,"-") | O25: =IFERROR((N25/K25)^(1/Q25)-1,"-") | P25: =IFERROR(R25*(1+M25)^Q25,"-") | R25: 5609.58 | S25: -17761.99 | T25: -23279.14 | U25: 3667.18 | V25: 13060.61 | W25: 33671.13 | X25: 54651.78 | Y25: 복합 산업 | Z25: 76000000
A26: A034220 | B26: LG디스플레이 | C26: 연결 | D26: 3Q | E26: =K26*Z26/100000000 | F26: =VLOOKUP($A26,종합!$A:$T,COLUMN(종합!F58),FALSE) | G26: =VLOOKUP($A26,종합!$A:$T,COLUMN(종합!G58),FALSE) | H26: =VLOOKUP($A26,종합!$A:$T,COLUMN(종합!H58),FALSE) | I26: =IFERROR(F26/(M26*100),"-") | J26: =IFERROR((L26-K26)/K26,"-") | K26: =IF(COUNTIF(현재가!$A:$A,$B26),VLOOKUP($B26,현재가!$A:$B,2,FALSE),VLOOKUP($B26,현재가!$D:$E,2,FALSE)) | L26: =IFERROR(N26/(1+$D$3)^Q26,"-") | M26: =IF(R26<0,"적자",IF(Q26=5.75,(R26/X26)^(1/Q26)-1,IF(Q26=4.75,(R26/W26)^(1/Q26)-1,IF(Q26=3.75,(R26/V26)^(1/Q26)-1,IF(Q26=2.75,(R26/U26)^(1/Q26)-1,IF(Q26=1.75,(R26/T26)^(1/Q26)-1,IF(Q26=0.75,(R26/S26)^(1/Q26)-1))))))) | N26: =IFERROR(P26*$E$3,"-") | O26: =IFERROR((N26/K26)^(1/Q26)-1,"-") | P26: =IFERROR(R26*(1+M26)^Q26,"-") | Q26: 5.75 | R26: 259.47 | S26: 2701.26 | T26: 2527.19 | U26: 1190.89 | V26: 651.74 | W26: -2155.36 | X26: 3231.67 | Y26: 디스플레이 및 관련부품 | Z26: 357815700
A27: A009540 | B27: 현대중공업 | C27: 연결 | D27: 3Q | E27: =K27*Z27/100000000 | F27: =VLOOKUP($A27,종합!$A:$T,COLUMN(종합!F59),FALSE) | G27: =VLOOKUP($A27,종합!$A:$T,COLUMN(종합!G59),FALSE) | H27: =VLOOKUP($A27,종합!$A:$T,COLUMN(종합!H59),FALSE) | I27: =IFERROR(F27/(M27*100),"-") | J27: =IFERROR((L27-K27)/K27,"-") | K27: =IF(COUNTIF(현재가!$A:$A,$B27),VLOOKUP($B27,현재가!$A:$B,2,FALSE),VLOOKUP($B27,현재가!$D:$E,2,FALSE)) | L27: =IFERROR(N27/(1+$D$3)^Q27,"-") | M27: =IF(R27<0,"적자",IF(Q27=5.75,(R27/X27)^(1/Q27)-1,IF(Q27=4.75,(R27/W27)^(1/Q27)-1,IF(Q27=3.75,(R27/V27)^(1/Q27)-1,IF(Q27=2.75,(R27/U27)^(1/Q27)-1,IF(Q27=1.75,(R27/T27)^(1/Q27)-1,IF(Q27=0.75,(R27/S27)^(1/Q27)-1))))))) | N27: =IFERROR(P27*$E$3,"-") | O27: =IFERROR((N27/K27)^(1/Q27)-1,"-") | P27: =IFERROR(R27*(1+M27)^Q27,"-") | Q27: 5.75 | R27: 6100.58 | S27: 5368.62 | T27: 4802.07 | U27: 5095.29 | V27: 5334.36 | W27: 5562.69 | X27: 8692.76 | Y27: 조선 | Z27: 172557131
A28: A011170 | B28: 롯데케미칼 | C28: 연결 | D28: 3Q | E28: =K28*Z28/100000000 | F28: =VLOOKUP($A28,종합!$A:$T,COLUMN(종합!F60),FALSE) | G28: =VLOOKUP($A28,종합!$A:$T,COLUMN(종합!G60),FALSE) | H28: =VLOOKUP($A28,종합!$A:$T,COLUMN(종합!H60),FALSE) | I28: =IFERROR(F28/(M28*100),"-") | J28: =IFERROR((L28-K28)/K28,"-") | K28: =IF(COUNTIF(현재가!$A:$A,$B28),VLOOKUP($B28,현재가!$A:$B,2,FALSE),VLOOKUP($B28,현재가!$D:$E,2,FALSE)) | L28: =IFERROR(N28/(1+$D$3)^Q28,"-") | M28: =IF(R28<0,"적자",IF(Q28=5.75,(R28/X28)^(1/Q28)-1,IF(Q28=4.75,(R28/W28)^(1/Q28)-1,IF(Q28=3.75,(R28/V28)^(1/Q28)-1,IF(Q28=2.75,(R28/U28)^(1/Q28)-1,IF(Q28=1.75,(R28/T28)^(1/Q28)-1,IF(Q28=0.75,(R28/S28)^(1/Q28)-1))))))) | N28: =IFERROR(P28*$E$3,"-") | O28: =IFERROR((N28/K28)^(1/Q28)-1,"-") | P28: =IFERROR(R28*(1+M28)^Q28,"-") | Q28: 5.75 | R28: 41668.58 | S28: 28956.97 | T28: 4284.58 | U28: 8400.22 | V28: 9862.27 | W28: 30701.4 | X28: 24817.02 | Y28: 화학 | Z28: 34275419
A29: A010130 | B29: 고려아연 | C29: 연결 | D29: 3Q | E29: =K29*Z29/100000000 | F29: =VLOOKUP($A29,종합!$A:$T,COLUMN(종합!F61),FALSE) | G29: =VLOOKUP($A29,종합!$A:$T,COLUMN(종합!G61),FALSE) | H29: =VLOOKUP($A29,종합!$A:$T,COLUMN(종합!H61),FALSE) | I29: =IFERROR(F29/(M29*100),"-") | J29: =IFERROR((L29-K29)/K29,"-") | K29: =IF(COUNTIF(현재가!$A:$A,$B29),VLOOKUP($B29,현재가!$A:$B,2,FALSE),VLOOKUP($B29,현재가!$D:$E,2,FALSE)) | L29: =IFERROR(N29/(1+$D$3)^Q29,"-") | M29: =IF(R29<0,"적자",IF(Q29=5.75,(R29/X29)^(1/Q29)-1,IF(Q29=4.75,(R29/W29)^(1/Q29)-1,IF(Q29=3.75,(R29/V29)^(1/Q29)-1,IF(Q29=2.75,(R29/U29)^(1/Q29)-1,IF(Q29=1.75,(R29/T29)^(1/Q29)-1,IF(Q29=0.75,(R29/S29)^(1/Q29)-1))))))) | N29: =IFERROR(P29*$E$3,"-") | O29: =IFERROR((N29/K29)^(1/Q29)-1,"-") | P29: =IFERROR(R29*(1+M29)^Q29,"-") | Q29: 5.75 | R29: 9296.12 | S29: 5414.21 | T29: -2468.41 | U29: 2483.94 | V29: 5018.32 | W29: 10213.79 | X29: 6093.51 | Y29: 금속 및 광물 | Z29: 112582792
A30: A035250 | B30: 강원랜드 | C30: 연결 | D30: 3Q | E30: =K30*Z30/100000000 | F30: =VLOOKUP($A30,종합!$A:$T,COLUMN(종합!F63),FALSE) | G30: =VLOOKUP($A30,종합!$A:$T,COLUMN(종합!G63),FALSE) | H30: =VLOOKUP($A30,종합!$A:$T,COLUMN(종합!H63),FALSE) | I30: =IFERROR(F30/(M30*100),"-") | J30: =IFERROR((L30-K30)/K30,"-") | K30: =IF(COUNTIF(현재가!$A:$A,$B30),VLOOKUP($B30,현재가!$A:$B,2,FALSE),VLOOKUP($B30,현재가!$D:$E,2,FALSE)) | L30: =IFERROR(N30/(1+$D$3)^Q30,"-") | M30: =IF(R30<0,"적자",IF(Q30=5.75,(R30/X30)^(1/Q30)-1,IF(Q30=4.75,(R30/W30)^(1/Q30)-1,IF(Q30=3.75,(R30/V30)^(1/Q30)-1,IF(Q30=2.75,(R30/U30)^(1/Q30)-1,IF(Q30=1.75,(R30/T30)^(1/Q30)-1,IF(Q30=0.75,(R30/S30)^(1/Q30)-1))))))) | N30: =IFERROR(P30*$E$3,"-") | O30: =IFERROR((N30/K30)^(1/Q30)-1,"-") | P30: =IFERROR(R30*(1+M30)^Q30,"-") | Q30: 5.75 | R30: 27006.2 | S30: 26993.92 | T30: 26564.58 | U30: 23745.47 | V30: 29684.78 | W30: 37341.68 | X30: 29086.06 | Y30: 호텔 및 레저 | Z30: 18870000
A31: A066570 | B31: LG전자 | C31: 연결 | D31: 3Q | E31: =K31*Z31/100000000 | F31: =VLOOKUP($A31,종합!$A:$T,COLUMN(종합!F64),FALSE) | G31: =VLOOKUP($A31,종합!$A:$T,COLUMN(종합!G64),FALSE) | H31: =VLOOKUP($A31,종합!$A:$T,COLUMN(종합!H64),FALSE) | I31: =IFERROR(F31/(M31*100),"-") | J31: =IFERROR((L31-K31)/K31,"-") | K31: =IF(COUNTIF(현재가!$A:$A,$B31),VLOOKUP($B31,현재가!$A:$B,2,FALSE),VLOOKUP($B31,현재가!$D:$E,2,FALSE)) | L31: =IFERROR(N31/(1+$D$3)^Q31,"-") | M31: =IF(R31<0,"적자",IF(Q31=5.75,(R31/X31)^(1/Q31)-1,IF(Q31=4.75,(R31/W31)^(1/Q31)-1,IF(Q31=3.75,(R31/V31)^(1/Q31)-1,IF(Q31=2.75,(R31/U31)^(1/Q31)-1,IF(Q31=1.75,(R31/T31)^(1/Q31)-1,IF(Q31=0.75,(R31/S31)^(1/Q31)-1))))))) | N31: =IFERROR(P31*$E$3,"-") | O31: =IFERROR((N31/K31)^(1/Q31)-1,"-") | P31: =IFERROR(R31*(1+M31)^Q31,"-") | Q31: 5.75 | R31: 1920.89 | S31: 2117.73 | T31: -4040.43 | U31: -622.1 | V31: 4006.43 | W31: 5539.97 | X31: 4962.78 | Y31: 내구소비재 | Z31: 261111808
A32: A030200 | B32: KT | C32: 연결 | D32: 3Q | E32: =K32*Z32/100000000 | F32: =VLOOKUP($A32,종합!$A:$T,COLUMN(종합!F65),FALSE) | G32: =VLOOKUP($A32,종합!$A:$T,COLUMN(종합!G65),FALSE) | H32: =VLOOKUP($A32,종합!$A:$T,COLUMN(종합!H65),FALSE) | I32: =IFERROR(F32/(M32*100),"-") | J32: =IFERROR((L32-K32)/K32,"-") | K32: =IF(COUNTIF(현재가!$A:$A,$B32),VLOOKUP($B32,현재가!$A:$B,2,FALSE),VLOOKUP($B32,현재가!$D:$E,2,FALSE)) | L32: =IFERROR(N32/(1+$D$3)^Q32,"-") | M32: =IF(R32<0,"적자",IF(Q32=5.75,(R32/X32)^(1/Q32)-1,IF(Q32=4.75,(R32/W32)^(1/Q32)-1,IF(Q32=3.75,(R32/V32)^(1/Q32)-1,IF(Q32=2.75,(R32/U32)^(1/Q32)-1,IF(Q32=1.75,(R32/T32)^(1/Q32)-1,IF(Q32=0.75,(R32/S32)^(1/Q32)-1))))))) | N32: =IFERROR(P32*$E$3,"-") | O32: =IFERROR((N32/K32)^(1/Q32)-1,"-") | P32: =IFERROR(R32*(1+M32)^Q32,"-") | Q32: 5.75 | R32: 1387.82 | S32: 687.89 | T32: 2208.38 | U32: 977.52 | V32: 510.87 | W32: -2809.35 | X32: 7344.81 | Y32: 무선통신 | Z32: 163647814
A33: A010950 | B33: S-Oil | C33: 연결 | D33: 3Q | E33: =K33*Z33/100000000 | F33: =VLOOKUP($A33,종합!$A:$T,COLUMN(종합!F66),FALSE) | G33: =VLOOKUP($A33,종합!$A:$T,COLUMN(종합!G66),FALSE) | H33: =VLOOKUP($A33,종합!$A:$T,COLUMN(종합!H66),FALSE) | I33: =IFERROR(F33/(M33*100),"-") | J33: =IFERROR((L33-K33)/K33,"-") | K33: =IF(COUNTIF(현재가!$A:$A,$B33),VLOOKUP($B33,현재가!$A:$B,2,FALSE),VLOOKUP($B33,현재가!$D:$E,2,FALSE)) | L33: =IFERROR(N33/(1+$D$3)^Q33,"-") | M33: =IF(R33<0,"적자",IF(Q33=5.75,(R33/X33)^(1/Q33)-1,IF(Q33=4.75,(R33/W33)^(1/Q33)-1,IF(Q33=3.75,(R33/V33)^(1/Q33)-1,IF(Q33=2.75,(R33/U33)^(1/Q33)-1,IF(Q33=1.75,(R33/T33)^(1/Q33)-1,IF(Q33=0.75,(R33/S33)^(1/Q33)-1))))))) | N33: =IFERROR(P33*$E$3,"-") | O33: =IFERROR((N33/K33)^(1/Q33)-1,"-") | P33: =IFERROR(R33*(1+M33)^Q33,"-") | Q33: 5.75 | R33: 2261.41 | S33: 2064.34 | T33: 1679.74 | U33: 1391.04 | V33: 1431.37 | W33: 1781.69 | X33: 1992.19 | Y33: 석유 및 가스 | Z33: 213940500
A34: A008930 | B34: 한미사이언스 | C34: 연결 | D34: 3Q | E34: =K34*Z34/100000000 | F34: =VLOOKUP($A34,종합!$A:$T,COLUMN(종합!F68),FALSE) | G34: =VLOOKUP($A34,종합!$A:$T,COLUMN(종합!G68),FALSE) | H34: =VLOOKUP($A34,종합!$A:$T,COLUMN(종합!H68),FALSE) | I34: =IFERROR(F34/(M34*100),"-") | J34: =IFERROR((L34-K34)/K34,"-") | K34: =IF(COUNTIF(현재가!$A:$A,$B34),VLOOKUP($B34,현재가!$A:$B,2,FALSE),VLOOKUP($B34,현재가!$D:$E,2,FALSE)) | L34: =IFERROR(N34/(1+$D$3)^Q34,"-") | M34: =IF(R34<0,"적자",IF(Q34=5.75,(R34/X34)^(1/Q34)-1,IF(Q34=4.75,(R34/W34)^(1/Q34)-1,IF(Q34=3.75,(R34/V34)^(1/Q34)-1,IF(Q34=2.75,(R34/U34)^(1/Q34)-1,IF(Q34=1.75,(R34/T34)^(1/Q34)-1,IF(Q34=0.75,(R34/S34)^(1/Q34)-1))))))) | N34: =IFERROR(P34*$E$3,"-") | O34: =IFERROR((N34/K34)^(1/Q34)-1,"-") | P34: =IFERROR(R34*(1+M34)^Q34,"-") | R34: -12226.96 | S34: -12164.39 | T34: 16723.88 | U34: 25047.92 | V34: 37194.74 | W34: 32083.57 | X34: 35626.21 | Y34: 제약 | Z34: 31490892
A35: A006400 | B35: 삼성SDI | C35: 연결 | D35: 3Q | E35: =K35*Z35/100000000 | F35: =VLOOKUP($A35,종합!$A:$T,COLUMN(종합!F69),FALSE) | G35: =VLOOKUP($A35,종합!$A:$T,COLUMN(종합!G69),FALSE) | H35: =VLOOKUP($A35,종합!$A:$T,COLUMN(종합!H69),FALSE) | I35: =IFERROR(F35/(M35*100),"-") | J35: =IFERROR((L35-K35)/K35,"-") | K35: =IF(COUNTIF(현재가!$A:$A,$B35),VLOOKUP($B35,현재가!$A:$B,2,FALSE),VLOOKUP($B35,현재가!$D:$E,2,FALSE)) | L35: =IFERROR(N35/(1+$D$3)^Q35,"-") | M35: =IF(R35<0,"적자",IF(Q35=5.75,(R35/X35)^(1/Q35)-1,IF(Q35=4.75,(R35/W35)^(1/Q35)-1,IF(Q35=3.75,(R35/V35)^(1/Q35)-1,IF(Q35=2.75,(R35/U35)^(1/Q35)-1,IF(Q35=1.75,(R35/T35)^(1/Q35)-1,IF(Q35=0.75,(R35/S35)^(1/Q35)-1))))))) | N35: =IFERROR(P35*$E$3,"-") | O35: =IFERROR((N35/K35)^(1/Q35)-1,"-") | P35: =IFERROR(R35*(1+M35)^Q35,"-") | Q35: 5.75 | R35: 3323.65 | S35: 4449.26 | T35: 3237.5 | U35: 3177.64 | V35: 1219.36 | W35: 2166.02 | X35: 2514.12 | Y35: 전자 장비 및 기기 | Z35: 76380513
A36: A047810 | B36: 한국항공우주 | C36: 연결 | D36: 3Q | E36: =K36*Z36/100000000 | F36: =VLOOKUP($A36,종합!$A:$T,COLUMN(종합!F70),FALSE) | G36: =VLOOKUP($A36,종합!$A:$T,COLUMN(종합!G70),FALSE) | H36: =VLOOKUP($A36,종합!$A:$T,COLUMN(종합!H70),FALSE) | I36: =IFERROR(F36/(M36*100),"-") | J36: =IFERROR((L36-K36)/K36,"-") | K36: =IF(COUNTIF(현재가!$A:$A,$B36),VLOOKUP($B36,현재가!$A:$B,2,FALSE),VLOOKUP($B36,현재가!$D:$E,2,FALSE)) | L36: =IFERROR(N36/(1+$D$3)^Q36,"-") | M36: =IF(R36<0,"적자",IF(Q36=5.75,(R36/X36)^(1/Q36)-1,IF(Q36=4.75,(R36/W36)^(1/Q36)-1,IF(Q36=3.75,(R36/V36)^(1/Q36)-1,IF(Q36=2.75,(R36/U36)^(1/Q36)-1,IF(Q36=1.75,(R36/T36)^(1/Q36)-1,IF(Q36=0.75,(R36/S36)^(1/Q36)-1))))))) | N36: =IFERROR(P36*$E$3,"-") | O36: =IFERROR((N36/K36)^(1/Q36)-1,"-") | P36: =IFERROR(R36*(1+M36)^Q36,"-") | Q36: 2.75 | R36: 6906.11 | S36: 5291.04 | T36: 5653.76 | U36: 5957.02 | V36: 1869.38 | W36: 0 | X36: 0 | Y36: 상업서비스 | Z36: 123875069
A37: A021240 | B37: 코웨이 | C37: 연결 | D37: 3Q | E37: =K37*Z37/100000000 | F37: =VLOOKUP($A37,종합!$A:$T,COLUMN(종합!F71),FALSE) | G37: =VLOOKUP($A37,종합!$A:$T,COLUMN(종합!G71),FALSE) | H37: =VLOOKUP($A37,종합!$A:$T,COLUMN(종합!H71),FALSE) | I37: =IFERROR(F37/(M37*100),"-") | J37: =IFERROR((L37-K37)/K37,"-") | K37: =IF(COUNTIF(현재가!$A:$A,$B37),VLOOKUP($B37,현재가!$A:$B,2,FALSE),VLOOKUP($B37,현재가!$D:$E,2,FALSE)) | L37: =IFERROR(N37/(1+$D$3)^Q37,"-") | M37: =IF(R37<0,"적자",IF(Q37=5.75,(R37/X37)^(1/Q37)-1,IF(Q37=4.75,(R37/W37)^(1/Q37)-1,IF(Q37=3.75,(R37/V37)^(1/Q37)-1,IF(Q37=2.75,(R37/U37)^(1/Q37)-1,IF(Q37=1.75,(R37/T37)^(1/Q37)-1,IF(Q37=0.75,(R37/S37)^(1/Q37)-1))))))) | N37: =IFERROR(P37*$E$3,"-") | O37: =IFERROR((N37/K37)^(1/Q37)-1,"-") | P37: =IFERROR(R37*(1+M37)^Q37,"-") | Q37: 5.75 | R37: 2400.73 | S37: 1852.43 | T37: 1139.87 | U37: 924.16 | V37: 760.25 | W37: 797.02 | X37: 999.33 | Y37: 내구소비재 | Z37: 97475107
A38: A004020 | B38: 현대제철 | C38: 연결 | D38: 3Q | E38: =K38*Z38/100000000 | F38: =VLOOKUP($A38,종합!$A:$T,COLUMN(종합!F73),FALSE) | G38: =VLOOKUP($A38,종합!$A:$T,COLUMN(종합!G73),FALSE) | H38: =VLOOKUP($A38,종합!$A:$T,COLUMN(종합!H73),FALSE) | I38: =IFERROR(F38/(M38*100),"-") | J38: =IFERROR((L38-K38)/K38,"-") | K38: =IF(COUNTIF(현재가!$A:$A,$B38),VLOOKUP($B38,현재가!$A:$B,2,FALSE),VLOOKUP($B38,현재가!$D:$E,2,FALSE)) | L38: =IFERROR(N38/(1+$D$3)^Q38,"-") | M38: =IF(R38<0,"적자",IF(Q38=5.75,(R38/X38)^(1/Q38)-1,IF(Q38=4.75,(R38/W38)^(1/Q38)-1,IF(Q38=3.75,(R38/V38)^(1/Q38)-1,IF(Q38=2.75,(R38/U38)^(1/Q38)-1,IF(Q38=1.75,(R38/T38)^(1/Q38)-1,IF(Q38=0.75,(R38/S38)^(1/Q38)-1))))))) | N38: =IFERROR(P38*$E$3,"-") | O38: =IFERROR((N38/K38)^(1/Q38)-1,"-") | P38: =IFERROR(R38*(1+M38)^Q38,"-") | Q38: 5.75 | R38: 7261.22 | S38: 5865.81 | T38: 6561.67 | U38: 8102 | V38: 9334.84 | W38: 8757.48 | X38: 10812.28 | Y38: 금속 및 광물 | Z38: 133445785
A39: A128940 | B39: 한미약품 | C39: 연결 | D39: 3Q | E39: =K39*Z39/100000000 | F39: =VLOOKUP($A39,종합!$A:$T,COLUMN(종합!F74),FALSE) | G39: =VLOOKUP($A39,종합!$A:$T,COLUMN(종합!G74),FALSE) | H39: =VLOOKUP($A39,종합!$A:$T,COLUMN(종합!H74),FALSE) | I39: =IFERROR(F39/(M39*100),"-") | J39: =IFERROR((L39-K39)/K39,"-") | K39: =IF(COUNTIF(현재가!$A:$A,$B39),VLOOKUP($B39,현재가!$A:$B,2,FALSE),VLOOKUP($B39,현재가!$D:$E,2,FALSE)) | L39: =IFERROR(N39/(1+$D$3)^Q39,"-") | M39: =IF(R39<0,"적자",IF(Q39=5.75,(R39/X39)^(1/Q39)-1,IF(Q39=4.75,(R39/W39)^(1/Q39)-1,IF(Q39=3.75,(R39/V39)^(1/Q39)-1,IF(Q39=2.75,(R39/U39)^(1/Q39)-1,IF(Q39=1.75,(R39/T39)^(1/Q39)-1,IF(Q39=0.75,(R39/S39)^(1/Q39)-1))))))) | N39: =IFERROR(P39*$E$3,"-") | O39: =IFERROR((N39/K39)^(1/Q39)-1,"-") | P39: =IFERROR(R39*(1+M39)^Q39,"-") | Q39: 5.75 | R39: 16760.11 | S39: 10052.38 | T39: 14299.73 | U39: 12834.16 | V39: 13271.17 | W39: 9568.19 | X39: 7444.15 | Y39: 제약 | Z39: 37500000
A40: A161390 | B40: 한국타이어앤테크놀로지 | C40: 연결 | D40: 3Q | E40: =K40*Z40/100000000 | F40: =VLOOKUP($A40,종합!$A:$T,COLUMN(종합!F75),FALSE) | G40: =VLOOKUP($A40,종합!$A:$T,COLUMN(종합!G75),FALSE) | H40: =VLOOKUP($A40,종합!$A:$T,COLUMN(종합!H75),FALSE) | I40: =IFERROR(F40/(M40*100),"-") | J40: =IFERROR((L40-K40)/K40,"-") | K40: =IF(COUNTIF(현재가!$A:$A,$B40),VLOOKUP($B40,현재가!$A:$B,2,FALSE),VLOOKUP($B40,현재가!$D:$E,2,FALSE)) | L40: =IFERROR(N40/(1+$D$3)^Q40,"-") | M40: =IF(R40<0,"적자",IF(Q40=5.75,(R40/X40)^(1/Q40)-1,IF(Q40=4.75,(R40/W40)^(1/Q40)-1,IF(Q40=3.75,(R40/V40)^(1/Q40)-1,IF(Q40=2.75,(R40/U40)^(1/Q40)-1,IF(Q40=1.75,(R40/T40)^(1/Q40)-1,IF(Q40=0.75,(R40/S40)^(1/Q40)-1))))))) | N40: =IFERROR(P40*$E$3,"-") | O40: =IFERROR((N40/K40)^(1/Q40)-1,"-") | P40: =IFERROR(R40*(1+M40)^Q40,"-") | Q40: 5.75 | R40: 147.21 | S40: 765.05 | T40: -1425.71 | U40: 2768.31 | V40: 31191.59 | W40: 6785.39 | X40: 7548.35 | Y40: 자동차부품 | Z40: 68764530
A41: A086280 | B41: 현대글로비스 | C41: 연결 | D41: 3Q | E41: =K41*Z41/100000000 | F41: =VLOOKUP($A41,종합!$A:$T,COLUMN(종합!F76),FALSE) | G41: =VLOOKUP($A41,종합!$A:$T,COLUMN(종합!G76),FALSE) | H41: =VLOOKUP($A41,종합!$A:$T,COLUMN(종합!H76),FALSE) | I41: =IFERROR(F41/(M41*100),"-") | J41: =IFERROR((L41-K41)/K41,"-") | K41: =IF(COUNTIF(현재가!$A:$A,$B41),VLOOKUP($B41,현재가!$A:$B,2,FALSE),VLOOKUP($B41,현재가!$D:$E,2,FALSE)) | L41: =IFERROR(N41/(1+$D$3)^Q41,"-") | M41: =IF(R41<0,"적자",IF(Q41=5.75,(R41/X41)^(1/Q41)-1,IF(Q41=4.75,(R41/W41)^(1/Q41)-1,IF(Q41=3.75,(R41/V41)^(1/Q41)-1,IF(Q41=2.75,(R41/U41)^(1/Q41)-1,IF(Q41=1.75,(R41/T41)^(1/Q41)-1,IF(Q41=0.75,(R41/S41)^(1/Q41)-1))))))) | N41: =IFERROR(P41*$E$3,"-") | O41: =IFERROR((N41/K41)^(1/Q41)-1,"-") | P41: =IFERROR(R41*(1+M41)^Q41,"-") | Q41: 5.75 | R41: 11286.95 | S41: 7542.22 | T41: 10487.13 | U41: 7245.48 | V41: 7120.51 | W41: 5529.04 | X41: 6601.74 | Y41: 육상운수 | Z41: 21929022
A42: A023530 | B42: 롯데쇼핑 | C42: 연결 | D42: 3Q | E42: =K42*Z42/100000000 | F42: =VLOOKUP($A42,종합!$A:$T,COLUMN(종합!F77),FALSE) | G42: =VLOOKUP($A42,종합!$A:$T,COLUMN(종합!G77),FALSE) | H42: =VLOOKUP($A42,종합!$A:$T,COLUMN(종합!H77),FALSE) | I42: =IFERROR(F42/(M42*100),"-") | J42: =IFERROR((L42-K42)/K42,"-") | K42: =IF(COUNTIF(현재가!$A:$A,$B42),VLOOKUP($B42,현재가!$A:$B,2,FALSE),VLOOKUP($B42,현재가!$D:$E,2,FALSE)) | L42: =IFERROR(N42/(1+$D$3)^Q42,"-") | M42: =IF(R42<0,"적자",IF(Q42=5.75,(R42/X42)^(1/Q42)-1,IF(Q42=4.75,(R42/W42)^(1/Q42)-1,IF(Q42=3.75,(R42/V42)^(1/Q42)-1,IF(Q42=2.75,(R42/U42)^(1/Q42)-1,IF(Q42=1.75,(R42/T42)^(1/Q42)-1,IF(Q42=0.75,(R42/S42)^(1/Q42)-1))))))) | N42: =IFERROR(P42*$E$3,"-") | O42: =IFERROR((N42/K42)^(1/Q42)-1,"-") | P42: =IFERROR(R42*(1+M42)^Q42,"-") | Q42: 5.75 | R42: 500.31 | S42: 431.83 | T42: 515.9 | U42: 555.25 | V42: 433.89 | W42: 418.19 | X42: 421.81 | Y42: 백화점 | Z42: 533800000
A43: A018880 | B43: 한온시스템 | C43: 연결 | D43: 3Q | E43: =K43*Z43/100000000 | F43: =VLOOKUP($A43,종합!$A:$T,COLUMN(종합!F79),FALSE) | G43: =VLOOKUP($A43,종합!$A:$T,COLUMN(종합!G79),FALSE) | H43: =VLOOKUP($A43,종합!$A:$T,COLUMN(종합!H79),FALSE) | I43: =IFERROR(F43/(M43*100),"-") | J43: =IFERROR((L43-K43)/K43,"-") | K43: =IF(COUNTIF(현재가!$A:$A,$B43),VLOOKUP($B43,현재가!$A:$B,2,FALSE),VLOOKUP($B43,현재가!$D:$E,2,FALSE)) | L43: =IFERROR(N43/(1+$D$3)^Q43,"-") | M43: =IF(R43<0,"적자",IF(Q43=5.75,(R43/X43)^(1/Q43)-1,IF(Q43=4.75,(R43/W43)^(1/Q43)-1,IF(Q43=3.75,(R43/V43)^(1/Q43)-1,IF(Q43=2.75,(R43/U43)^(1/Q43)-1,IF(Q43=1.75,(R43/T43)^(1/Q43)-1,IF(Q43=0.75,(R43/S43)^(1/Q43)-1))))))) | N43: =IFERROR(P43*$E$3,"-") | O43: =IFERROR((N43/K43)^(1/Q43)-1,"-") | P43: =IFERROR(R43*(1+M43)^Q43,"-") | Q43: 5.75 | R43: 3179.06 | S43: 3062.62 | T43: 365.62 | U43: 164.32 | V43: 214.09 | W43: -252.02 | X43: 143.03 | Y43: 자동차부품 | Z43: 58290309
A44: A035720 | B44: 카카오 | C44: 연결 | D44: 3Q | E44: =K44*Z44/100000000 | F44: =VLOOKUP($A44,종합!$A:$T,COLUMN(종합!F80),FALSE) | G44: =VLOOKUP($A44,종합!$A:$T,COLUMN(종합!G80),FALSE) | H44: =VLOOKUP($A44,종합!$A:$T,COLUMN(종합!H80),FALSE) | I44: =IFERROR(F44/(M44*100),"-") | J44: =IFERROR((L44-K44)/K44,"-") | K44: =IF(COUNTIF(현재가!$A:$A,$B44),VLOOKUP($B44,현재가!$A:$B,2,FALSE),VLOOKUP($B44,현재가!$D:$E,2,FALSE)) | L44: =IFERROR(N44/(1+$D$3)^Q44,"-") | M44: =IF(R44<0,"적자",IF(Q44=5.75,(R44/X44)^(1/Q44)-1,IF(Q44=4.75,(R44/W44)^(1/Q44)-1,IF(Q44=3.75,(R44/V44)^(1/Q44)-1,IF(Q44=2.75,(R44/U44)^(1/Q44)-1,IF(Q44=1.75,(R44/T44)^(1/Q44)-1,IF(Q44=0.75,(R44/S44)^(1/Q44)-1))))))) | N44: =IFERROR(P44*$E$3,"-") | O44: =IFERROR((N44/K44)^(1/Q44)-1,"-") | P44: =IFERROR(R44*(1+M44)^Q44,"-") | Q44: 5.75 | R44: 705.6 | S44: 1269.27 | T44: 6117.11 | U44: 4531.85 | V44: 5655.86 | W44: 8079.62 | X44: 9290.1 | Y44: 인터넷 서비스 | Z44: 67615715
A45: A001040 | B45: CJ | C45: 연결 | D45: 3Q | E45: =K45*Z45/100000000 | F45: =VLOOKUP($A45,종합!$A:$T,COLUMN(종합!F82),FALSE) | G45: =VLOOKUP($A45,종합!$A:$T,COLUMN(종합!G82),FALSE) | H45: =VLOOKUP($A45,종합!$A:$T,COLUMN(종합!H82),FALSE) | I45: =IFERROR(F45/(M45*100),"-") | J45: =IFERROR((L45-K45)/K45,"-") | K45: =IF(COUNTIF(현재가!$A:$A,$B45),VLOOKUP($B45,현재가!$A:$B,2,FALSE),VLOOKUP($B45,현재가!$D:$E,2,FALSE)) | L45: =IFERROR(N45/(1+$D$3)^Q45,"-") | M45: =IF(R45<0,"적자",IF(Q45=5.75,(R45/X45)^(1/Q45)-1,IF(Q45=4.75,(R45/W45)^(1/Q45)-1,IF(Q45=3.75,(R45/V45)^(1/Q45)-1,IF(Q45=2.75,(R45/U45)^(1/Q45)-1,IF(Q45=1.75,(R45/T45)^(1/Q45)-1,IF(Q45=0.75,(R45/S45)^(1/Q45)-1))))))) | N45: =IFERROR(P45*$E$3,"-") | O45: =IFERROR((N45/K45)^(1/Q45)-1,"-") | P45: =IFERROR(R45*(1+M45)^Q45,"-") | Q45: 5.75 | R45: 8634.64 | S45: 7068.64 | T45: 7197.81 | U45: 5154.34 | V45: 7613.21 | W45: 12734.61 | X45: 8146.25 | Y45: 식료품 | Z45: 29176998
A46: A036570 | B46: 엔씨소프트 | C46: 연결 | D46: 3Q | E46: =K46*Z46/100000000 | F46: =VLOOKUP($A46,종합!$A:$T,COLUMN(종합!F83),FALSE) | G46: =VLOOKUP($A46,종합!$A:$T,COLUMN(종합!G83),FALSE) | H46: =VLOOKUP($A46,종합!$A:$T,COLUMN(종합!H83),FALSE) | I46: =IFERROR(F46/(M46*100),"-") | J46: =IFERROR((L46-K46)/K46,"-") | K46: =IF(COUNTIF(현재가!$A:$A,$B46),VLOOKUP($B46,현재가!$A:$B,2,FALSE),VLOOKUP($B46,현재가!$D:$E,2,FALSE)) | L46: =IFERROR(N46/(1+$D$3)^Q46,"-") | M46: =IF(R46<0,"적자",IF(Q46=5.75,(R46/X46)^(1/Q46)-1,IF(Q46=4.75,(R46/W46)^(1/Q46)-1,IF(Q46=3.75,(R46/V46)^(1/Q46)-1,IF(Q46=2.75,(R46/U46)^(1/Q46)-1,IF(Q46=1.75,(R46/T46)^(1/Q46)-1,IF(Q46=0.75,(R46/S46)^(1/Q46)-1))))))) | N46: =IFERROR(P46*$E$3,"-") | O46: =IFERROR((N46/K46)^(1/Q46)-1,"-") | P46: =IFERROR(R46*(1+M46)^Q46,"-") | Q46: 5.75 | R46: 949 | S46: 804.94 | T46: 522.65 | U46: 640.07 | V46: -122.17 | W46: 164.4 | X46: 1112.68 | Y46: 게임 소프트웨어 | Z46: 436611361
A47: A001800 | B47: 오리온 | C47: 연결 | D47: 3Q | E47: =K47*Z47/100000000 | F47: =VLOOKUP($A47,종합!$A:$T,COLUMN(종합!F84),FALSE) | G47: =VLOOKUP($A47,종합!$A:$T,COLUMN(종합!G84),FALSE) | H47: =VLOOKUP($A47,종합!$A:$T,COLUMN(종합!H84),FALSE) | I47: =IFERROR(F47/(M47*100),"-") | J47: =IFERROR((L47-K47)/K47,"-") | K47: =IF(COUNTIF(현재가!$A:$A,$B47),VLOOKUP($B47,현재가!$A:$B,2,FALSE),VLOOKUP($B47,현재가!$D:$E,2,FALSE)) | L47: =IFERROR(N47/(1+$D$3)^Q47,"-") | M47: =IF(R47<0,"적자",IF(Q47=5.75,(R47/X47)^(1/Q47)-1,IF(Q47=4.75,(R47/W47)^(1/Q47)-1,IF(Q47=3.75,(R47/V47)^(1/Q47)-1,IF(Q47=2.75,(R47/U47)^(1/Q47)-1,IF(Q47=1.75,(R47/T47)^(1/Q47)-1,IF(Q47=0.75,(R47/S47)^(1/Q47)-1))))))) | N47: =IFERROR(P47*$E$3,"-") | O47: =IFERROR((N47/K47)^(1/Q47)-1,"-") | P47: =IFERROR(R47*(1+M47)^Q47,"-") | Q47: 5.75 | R47: 949 | S47: 804.94 | T47: 522.65 | U47: 640.07 | V47: -122.17 | W47: 164.4 | X47: 1112.68 | Y47: 식료품
A48: A027410 | B48: BGF리테일 | C48: 연결 | D48: 3Q | E48: =K48*Z48/100000000 | F48: =VLOOKUP($A48,종합!$A:$T,COLUMN(종합!F85),FALSE) | G48: =VLOOKUP($A48,종합!$A:$T,COLUMN(종합!G85),FALSE) | H48: =VLOOKUP($A48,종합!$A:$T,COLUMN(종합!H85),FALSE) | I48: =IFERROR(F48/(M48*100),"-") | J48: =IFERROR((L48-K48)/K48,"-") | K48: =IF(COUNTIF(현재가!$A:$A,$B48),VLOOKUP($B48,현재가!$A:$B,2,FALSE),VLOOKUP($B48,현재가!$D:$E,2,FALSE)) | L48: =IFERROR(N48/(1+$D$3)^Q48,"-") | M48: =IF(R48<0,"적자",IF(Q48=5.75,(R48/X48)^(1/Q48)-1,IF(Q48=4.75,(R48/W48)^(1/Q48)-1,IF(Q48=3.75,(R48/V48)^(1/Q48)-1,IF(Q48=2.75,(R48/U48)^(1/Q48)-1,IF(Q48=1.75,(R48/T48)^(1/Q48)-1,IF(Q48=0.75,(R48/S48)^(1/Q48)-1))))))) | N48: =IFERROR(P48*$E$3,"-") | O48: =IFERROR((N48/K48)^(1/Q48)-1,"-") | P48: =IFERROR(R48*(1+M48)^Q48,"-") | Q48: 5.75 | R48: 949 | S48: 804.94 | T48: 522.65 | U48: 640.07 | V48: -122.17 | W48: 164.4 | X48: 1112.68 | Y48: 도소매
A49: A097950 | B49: CJ제일제당 | C49: 연결 | D49: 3Q | E49: =K49*Z49/100000000 | F49: =VLOOKUP($A49,종합!$A:$T,COLUMN(종합!F86),FALSE) | G49: =VLOOKUP($A49,종합!$A:$T,COLUMN(종합!G86),FALSE) | H49: =VLOOKUP($A49,종합!$A:$T,COLUMN(종합!H86),FALSE) | I49: =IFERROR(F49/(M49*100),"-") | J49: =IFERROR((L49-K49)/K49,"-") | K49: =IF(COUNTIF(현재가!$A:$A,$B49),VLOOKUP($B49,현재가!$A:$B,2,FALSE),VLOOKUP($B49,현재가!$D:$E,2,FALSE)) | L49: =IFERROR(N49/(1+$D$3)^Q49,"-") | M49: =IF(R49<0,"적자",IF(Q49=5.75,(R49/X49)^(1/Q49)-1,IF(Q49=4.75,(R49/W49)^(1/Q49)-1,IF(Q49=3.75,(R49/V49)^(1/Q49)-1,IF(Q49=2.75,(R49/U49)^(1/Q49)-1,IF(Q49=1.75,(R49/T49)^(1/Q49)-1,IF(Q49=0.75,(R49/S49)^(1/Q49)-1))))))) | N49: =IFERROR(P49*$E$3,"-") | O49: =IFERROR((N49/K49)^(1/Q49)-1,"-") | P49: =IFERROR(R49*(1+M49)^Q49,"-") | Q49: 5.75 | R49: 949 | S49: 804.94 | T49: 522.65 | U49: 640.07 | V49: -122.17 | W49: 164.4 | X49: 1112.68 | Y49: 식료품
A50: A032640 | B50: LG유플러스 | C50: 연결 | D50: 3Q | E50: =K50*Z50/100000000 | F50: =VLOOKUP($A50,종합!$A:$T,COLUMN(종합!F87),FALSE) | G50: =VLOOKUP($A50,종합!$A:$T,COLUMN(종합!G87),FALSE) | H50: =VLOOKUP($A50,종합!$A:$T,COLUMN(종합!H87),FALSE) | I50: =IFERROR(F50/(M50*100),"-") | J50: =IFERROR((L50-K50)/K50,"-") | K50: =IF(COUNTIF(현재가!$A:$A,$B50),VLOOKUP($B50,현재가!$A:$B,2,FALSE),VLOOKUP($B50,현재가!$D:$E,2,FALSE)) | L50: =IFERROR(N50/(1+$D$3)^Q50,"-") | M50: =IF(R50<0,"적자",IF(Q50=5.75,(R50/X50)^(1/Q50)-1,IF(Q50=4.75,(R50/W50)^(1/Q50)-1,IF(Q50=3.75,(R50/V50)^(1/Q50)-1,IF(Q50=2.75,(R50/U50)^(1/Q50)-1,IF(Q50=1.75,(R50/T50)^(1/Q50)-1,IF(Q50=0.75,(R50/S50)^(1/Q50)-1))))))) | N50: =IFERROR(P50*$E$3,"-") | O50: =IFERROR((N50/K50)^(1/Q50)-1,"-") | P50: =IFERROR(R50*(1+M50)^Q50,"-") | Q50: 5.75 | R50: 949 | S50: 804.94 | T50: 522.65 | U50: 640.07 | V50: -122.17 | W50: 164.4 | X50: 1112.68 | Y50: 무선통신

Sheet roe&pbr
A1: * 금융업제외
J2: 할인율 | K2: 적용기간
I3: 입력 F | J3: 0.08 | K3: 5
L4: ROE | P4: BPS
A5: CODE | B5: 종목 | C5: 주재무 | D5: 실적 | E5: 시가총액 (억) | F5: PER | G5: PBR | H5: 괴리율 | I5: 현재가 (원) | J5: 주당가치 (원) | K5: 미래BPS | L5: 3년평균 | M5: 2021.1Q | N5: 2020 | O5: 2019 | P5: 2021.1Q | Q5: 업종
A6: A005930 | B6: 삼성전자 | C6: 연결 | D6: 3Q | E6: =VLOOKUP($A6,종합!$A:$T,COLUMN(종합!E6),FALSE) | F6: =VLOOKUP($A6,종합!$A:$T,COLUMN(종합!F6),FALSE) | G6: =VLOOKUP($A6,종합!$A:$T,COLUMN(종합!G6),FALSE) | H6: =IFERROR((J6-I6)/I6,"-") | I6: =VLOOKUP($A6,종합!$A:$T,COLUMN(종합!I6),FALSE) | J6: =IFERROR(K6/(1+$J$3)^$K$3,"-") | K6: =IFERROR(P6*(1+L6)^$K$3,"-") | L6: 0.12808904 | M6: 0.089157639 | N6: 0.11159024 | O6: 0.15055882 | P6: 1135410.7 | Q6: 휴대폰 및 관련부품
A7: A015760 | B7: 한국전력 | C7: 연결 | D7: 3Q | E7: =VLOOKUP($A7,종합!$A:$T,COLUMN(종합!E7),FALSE) | F7: =VLOOKUP($A7,종합!$A:$T,COLUMN(종합!F7),FALSE) | G7: =VLOOKUP($A7,종합!$A:$T,COLUMN(종합!G7),FALSE) | H7: =IFERROR((J7-I7)/I7,"-") | I7: =VLOOKUP($A7,종합!$A:$T,COLUMN(종합!I7),FALSE) | J7: =IFERROR(K7/(1+$J$3)^$K$3,"-") | K7: =IFERROR(P7*(1+L7)^$K$3,"-") | L7: 0.13368926 | M7: 0.09955371 | N7: 0.22105109 | O7: 0.051739787 | P7: 110607.07 | Q7: 전력
A8: A005380 | B8: 현대차 | C8: 연결 | D8: 3Q | E8: =VLOOKUP($A8,종합!$A:$T,COLUMN(종합!E8),FALSE) | F8: =VLOOKUP($A8,종합!$A:$T,COLUMN(종합!F8),FALSE) | G8: =VLOOKUP($A8,종합!$A:$T,COLUMN(종합!G8),FALSE) | H8: =IFERROR((J8-I8)/I8,"-") | I8: =VLOOKUP($A8,종합!$A:$T,COLUMN(종합!I8),FALSE) | J8: =IFERROR(K8/(1+$J$3)^$K$3,"-") | K8: =IFERROR(P8*(1+L8)^$K$3,"-") | L8: 0.11341075 | M8: 0.070076727 | N8: 0.10724211 | O8: 0.13408305 | P8: 230803.14 | Q8: 자동차
A9: A028260 | B9: 삼성물산 | C9: 연결 | D9: 3Q | E9: =VLOOKUP($A9,종합!$A:$T,COLUMN(종합!E9),FALSE) | F9: =VLOOKUP($A9,종합!$A:$T,COLUMN(종합!F9),FALSE) | G9: =VLOOKUP($A9,종합!$A:$T,COLUMN(종합!G9),FALSE) | H9: =IFERROR((J9-I9)/I9,"-") | I9: =VLOOKUP($A9,종합!$A:$T,COLUMN(종합!I9),FALSE) | J9: =IFERROR(K9/(1+$J$3)^$K$3,"-") | K9: =IFERROR(P9*(1+L9)^$K$3,"-") | L9: 0.11983907 | M9: -0.0077574718 | N9: 0.25217766 | O9: 0.098738035 | P9: 96028.13 | Q9: 복합 산업
A10: A035420 | B10: NAVER | C10: 연결 | D10: 3Q | E10: =VLOOKUP($A10,종합!$A:$T,COLUMN(종합!E10),FALSE) | F10: =VLOOKUP($A10,종합!$A:$T,COLUMN(종합!F10),FALSE) | G10: =VLOOKUP($A10,종합!$A:$T,COLUMN(종합!G10),FALSE) | H10: =IFERROR((J10-I10)/I10,"-") | I10: =VLOOKUP($A10,종합!$A:$T,COLUMN(종합!I10),FALSE) | J10: =IFERROR(K10/(1+$J$3)^$K$3,"-") | K10: =IFERROR(P10*(1+L10)^$K$3,"-") | L10: 0.26918292 | M10: 0.19161091 | N10: 0.26463105 | O10: 0.27818376 | P10: 145777.46 | Q10: 인터넷 서비스
A11: A012330 | B11: 현대모비스 | C11: 연결 | D11: 3Q | E11: =VLOOKUP($A11,종합!$A:$T,COLUMN(종합!E11),FALSE) | F11: =VLOOKUP($A11,종합!$A:$T,COLUMN(종합!F11),FALSE) | G11: =VLOOKUP($A11,종합!$A:$T,COLUMN(종합!G11),FALSE) | H11: =IFERROR((J11-I11)/I11,"-") | I11: =VLOOKUP($A11,종합!$A:$T,COLUMN(종합!I11),FALSE) | J11: =IFERROR(K11/(1+$J$3)^$K$3,"-") | K11: =IFERROR(P11*(1+L11)^$K$3,"-") | L11: 0.13584057 | M11: 0.089129043 | N11: 0.12526185 | O11: 0.15821677 | P11: 283820.84 | Q11: 자동차부품
A12: A000660 | B12: SK하이닉스 | C12: 연결 | D12: 3Q | E12: =VLOOKUP($A12,종합!$A:$T,COLUMN(종합!E12),FALSE) | F12: =VLOOKUP($A12,종합!$A:$T,COLUMN(종합!F12),FALSE) | G12: =VLOOKUP($A12,종합!$A:$T,COLUMN(종합!G12),FALSE) | H12: =IFERROR((J12-I12)/I12,"-") | I12: =VLOOKUP($A12,종합!$A:$T,COLUMN(종합!I12),FALSE) | J12: =IFERROR(K12/(1+$J$3)^$K$3,"-") | K12: =IFERROR(P12*(1+L12)^$K$3,"-") | L12: 0.1982234 | M12: 0.062062256 | N12: 0.21927917 | O12: 0.26977218 | P12: 31280.87 | Q12: 반도체 및 관련장비
A13: A090430 | B13: 아모레퍼시픽 | C13: 연결 | D13: 3Q | E13: =VLOOKUP($A13,종합!$A:$T,COLUMN(종합!E13),FALSE) | F13: =VLOOKUP($A13,종합!$A:$T,COLUMN(종합!F13),FALSE) | G13: =VLOOKUP($A13,종합!$A:$T,COLUMN(종합!G13),FALSE) | H13: =IFERROR((J13-I13)/I13,"-") | I13: =VLOOKUP($A13,종합!$A:$T,COLUMN(종합!I13),FALSE) | J13: =IFERROR(K13/(1+$J$3)^$K$3,"-") | K13: =IFERROR(P13*(1+L13)^$K$3,"-") | L13: 0.17748023 | M13: 0.15889775 | N13: 0.18616853 | O13: 0.1400685 | P13: 55191.51 | Q13: 개인생활용품
A14: A005490 | B14: POSCO | C14: 연결 | D14: 3Q | E14: =VLOOKUP($A14,종합!$A:$T,COLUMN(종합!E14),FALSE) | F14: =VLOOKUP($A14,종합!$A:$T,COLUMN(종합!F15),FALSE) | G14: =VLOOKUP($A14,종합!$A:$T,COLUMN(종합!G15),FALSE) | H14: =IFERROR((J14-I14)/I14,"-") | I14: =VLOOKUP($A14,종합!$A:$T,COLUMN(종합!I15),FALSE) | J14: =IFERROR(K14/(1+$J$3)^$K$3,"-") | K14: =IFERROR(P14*(1+L14)^$K$3,"-") | L14: 0.01751391 | M14: 0.028943034 | N14: 0.0043622544 | O14: 0.01497247 | P14: 495545.89 | Q14: 금속 및 광물
A15: A017670 | B15: SK텔레콤 | C15: 연결 | D15: 3Q | E15: =VLOOKUP($A15,종합!$A:$T,COLUMN(종합!E15),FALSE) | F15: =VLOOKUP($A15,종합!$A:$T,COLUMN(종합!F17),FALSE) | G15: =VLOOKUP($A15,종합!$A:$T,COLUMN(종합!G17),FALSE) | H15: =IFERROR((J15-I15)/I15,"-") | I15: =VLOOKUP($A15,종합!$A:$T,COLUMN(종합!I17),FALSE) | J15: =IFERROR(K15/(1+$J$3)^$K$3,"-") | K15: =IFERROR(P15*(1+L15)^$K$3,"-") | L15: 0.11220516 | M15: 0.076881137 | N15: 0.1020642 | O15: 0.12884372 | P15: 218440.09 | Q15: 무선통신
A16: A051910 | B16: LG화학 | C16: 연결 | D16: 3Q | E16: =VLOOKUP($A16,종합!$A:$T,COLUMN(종합!E16),FALSE) | F16: =VLOOKUP($A16,종합!$A:$T,COLUMN(종합!F18),FALSE) | G16: =VLOOKUP($A16,종합!$A:$T,COLUMN(종합!G18),FALSE) | H16: =IFERROR((J16-I16)/I16,"-") | I16: =VLOOKUP($A16,종합!$A:$T,COLUMN(종합!I18),FALSE) | J16: =IFERROR(K16/(1+$J$3)^$K$3,"-") | K16: =IFERROR(P16*(1+L16)^$K$3,"-") | L16: 0.088072332 | M16: 0.076542559 | N16: 0.09175665 | O16: 0.073128701 | P16: 184077.43 | Q16: 화학
A17: A000270 | B17: 기아 | C17: 연결 | D17: 3Q | E17: =VLOOKUP($A17,종합!$A:$T,COLUMN(종합!E17),FALSE) | F17: =VLOOKUP($A17,종합!$A:$T,COLUMN(종합!F19),FALSE) | G17: =VLOOKUP($A17,종합!$A:$T,COLUMN(종합!G19),FALSE) | H17: =IFERROR((J17-I17)/I17,"-") | I17: =VLOOKUP($A17,종합!$A:$T,COLUMN(종합!I19),FALSE) | J17: =IFERROR(K17/(1+$J$3)^$K$3,"-") | K17: =IFERROR(P17*(1+L17)^$K$3,"-") | L17: 0.12815299 | M17: 0.098246477 | N17: 0.11268874 | O17: 0.14008829 | P17: 63675.88 | Q17: 자동차
A18: A033780 | B18: KT&G | C18: 연결 | D18: 3Q | E18: =VLOOKUP($A18,종합!$A:$T,COLUMN(종합!E18),FALSE) | F18: =VLOOKUP($A18,종합!$A:$T,COLUMN(종합!F20),FALSE) | G18: =VLOOKUP($A18,종합!$A:$T,COLUMN(종합!G20),FALSE) | H18: =IFERROR((J18-I18)/I18,"-") | I18: =VLOOKUP($A18,종합!$A:$T,COLUMN(종합!I20),FALSE) | J18: =IFERROR(K18/(1+$J$3)^$K$3,"-") | K18: =IFERROR(P18*(1+L18)^$K$3,"-") | L18: 0.16658913 | M18: 0.1292013 | N18: 0.17495945 | O18: 0.15141015 | P18: 50676.4 | Q18: 담배
A19: A034730 | B19: SK | C19: 연결 | D19: 3Q | E19: =VLOOKUP($A19,종합!$A:$T,COLUMN(종합!E19),FALSE) | F19: =VLOOKUP($A19,종합!$A:$T,COLUMN(종합!F22),FALSE) | G19: =VLOOKUP($A19,종합!$A:$T,COLUMN(종합!G22),FALSE) | H19: =IFERROR((J19-I19)/I19,"-") | I19: =VLOOKUP($A19,종합!$A:$T,COLUMN(종합!I22),FALSE) | J19: =IFERROR(K19/(1+$J$3)^$K$3,"-") | K19: =IFERROR(P19*(1+L19)^$K$3,"-") | L19: 0.26611382 | M19: 0.068309035 | N19: 0.7056488 | O19: 0.050058629 | P19: 194875.73 | Q19: 석유 및 가스
A20: A051900 | B20: LG생활건강 | C20: 연결 | D20: 3Q | E20: =VLOOKUP($A20,종합!$A:$T,COLUMN(종합!E20),FALSE) | F20: =VLOOKUP($A20,종합!$A:$T,COLUMN(종합!F23),FALSE) | G20: =VLOOKUP($A20,종합!$A:$T,COLUMN(종합!G23),FALSE) | H20: =IFERROR((J20-I20)/I20,"-") | I20: =VLOOKUP($A20,종합!$A:$T,COLUMN(종합!I23),FALSE) | J20: =IFERROR(K20/(1+$J$3)^$K$3,"-") | K20: =IFERROR(P20*(1+L20)^$K$3,"-") | L20: 0.25892773 | M20: 0.22518731 | N20: 0.25055014 | O20: 0.22941525 | P20: 144475.19 | Q20: 가정생활용품
A21: A096770 | B21: SK이노베이션 | C21: 연결 | D21: 3Q | E21: =VLOOKUP($A21,종합!$A:$T,COLUMN(종합!E21),FALSE) | F21: =VLOOKUP($A21,종합!$A:$T,COLUMN(종합!F24),FALSE) | G21: =VLOOKUP($A21,종합!$A:$T,COLUMN(종합!G24),FALSE) | H21: =IFERROR((J21-I21)/I21,"-") | I21: =VLOOKUP($A21,종합!$A:$T,COLUMN(종합!I24),FALSE) | J21: =IFERROR(K21/(1+$J$3)^$K$3,"-") | K21: =IFERROR(P21*(1+L21)^$K$3,"-") | L21: 0.037461037 | M21: 0.092699972 | N21: 0.052763051 | O21: -0.038186493 | P21: 180094.25 | Q21: 석유 및 가스
A22: A018260 | B22: 삼성에스디에스 | C22: 연결 | D22: 3Q | E22: =VLOOKUP($A22,종합!$A:$T,COLUMN(종합!E22),FALSE) | F22: =VLOOKUP($A22,종합!$A:$T,COLUMN(종합!F26),FALSE) | G22: =VLOOKUP($A22,종합!$A:$T,COLUMN(종합!G26),FALSE) | H22: =IFERROR((J22-I22)/I22,"-") | I22: =VLOOKUP($A22,종합!$A:$T,COLUMN(종합!I26),FALSE) | J22: =IFERROR(K22/(1+$J$3)^$K$3,"-") | K22: =IFERROR(P22*(1+L22)^$K$3,"-") | L22: 0.10233617 | M22: 0.075257789 | N22: 0.10091233 | O22: 0.10432862 | P22: 62510.01 | Q22: IT 서비스
A23: A068270 | B23: 셀트리온 | C23: 연결 | D23: 3Q | E23: =VLOOKUP($A23,종합!$A:$T,COLUMN(종합!E23),FALSE) | F23: =VLOOKUP($A23,종합!$A:$T,COLUMN(종합!F27),FALSE) | G23: =VLOOKUP($A23,종합!$A:$T,COLUMN(종합!G27),FALSE) | H23: =IFERROR((J23-I23)/I23,"-") | I23: =VLOOKUP($A23,종합!$A:$T,COLUMN(종합!I27),FALSE) | J23: =IFERROR(K23/(1+$J$3)^$K$3,"-") | K23: =IFERROR(P23*(1+L23)^$K$3,"-") | L23: 0.099470268 | M23: 0.071430702 | N23: 0.10476485 | O23: 0.096530361 | P23: 17186.99 | Q23: 바이오
A24: A002790 | B24: 아모레G | C24: 연결 | D24: 3Q | E24: =VLOOKUP($A24,종합!$A:$T,COLUMN(종합!E24),FALSE) | F24: =VLOOKUP($A24,종합!$A:$T,COLUMN(종합!F28),FALSE) | G24: =VLOOKUP($A24,종합!$A:$T,COLUMN(종합!G28),FALSE) | H24: =IFERROR((J24-I24)/I24,"-") | I24: =VLOOKUP($A24,종합!$A:$T,COLUMN(종합!I28),FALSE) | J24: =IFERROR(K24/(1+$J$3)^$K$3,"-") | K24: =IFERROR(P24*(1+L24)^$K$3,"-") | L24: 0.11820539 | M24: 0.11611757 | N24: 0.10738441 | O24: 0.10008439 | P24: 33102.97 | Q24: 개인생활용품
A25: A003550 | B25: LG | C25: 연결 | D25: 3Q | E25: =VLOOKUP($A25,종합!$A:$T,COLUMN(종합!E25),FALSE) | F25: =VLOOKUP($A25,종합!$A:$T,COLUMN(종합!F29),FALSE) | G25: =VLOOKUP($A25,종합!$A:$T,COLUMN(종합!G29),FALSE) | H25: =IFERROR((J25-I25)/I25,"-") | I25: =VLOOKUP($A25,종합!$A:$T,COLUMN(종합!I29),FALSE) | J25: =IFERROR(K25/(1+$J$3)^$K$3,"-") | K25: =IFERROR(P25*(1+L25)^$K$3,"-") | L25: 0.078200056 | M25: 0.069168233 | N25: 0.074854074 | O25: 0.070354549 | P25: 76632.01 | Q25: 복합 산업
A26: A034220 | B26: LG디스플레이 | C26: 연결 | D26: 3Q | E26: =VLOOKUP($A26,종합!$A:$T,COLUMN(종합!E26),FALSE) | F26: =VLOOKUP($A26,종합!$A:$T,COLUMN(종합!F30),FALSE) | G26: =VLOOKUP($A26,종합!$A:$T,COLUMN(종합!G30),FALSE) | H26: =IFERROR((J26-I26)/I26,"-") | I26: =VLOOKUP($A26,종합!$A:$T,COLUMN(종합!I30),FALSE) | J26: =IFERROR(K26/(1+$J$3)^$K$3,"-") | K26: =IFERROR(P26*(1+L26)^$K$3,"-") | L26: 0.062378644 | M26: 0.0089372515 | N26: 0.081826795 | O26: 0.082047364 | P26: 33094.93 | Q26: 디스플레이 및 관련부품
A27: A009540 | B27: 현대중공업 | C27: 연결 | D27: 3Q | E27: =VLOOKUP($A27,종합!$A:$T,COLUMN(종합!E27),FALSE) | F27: =VLOOKUP($A27,종합!$A:$T,COLUMN(종합!F31),FALSE) | G27: =VLOOKUP($A27,종합!$A:$T,COLUMN(종합!G31),FALSE) | H27: =IFERROR((J27-I27)/I27,"-") | I27: =VLOOKUP($A27,종합!$A:$T,COLUMN(종합!I31),FALSE) | J27: =IFERROR(K27/(1+$J$3)^$K$3,"-") | K27: =IFERROR(P27*(1+L27)^$K$3,"-") | L27: -0.05726994 | M27: 0.052761916 | N27: -0.09338748 | O27: -0.10913202 | P27: 225158.03 | Q27: 조선
A28: A011170 | B28: 롯데케미칼 | C28: 연결 | D28: 3Q | E28: =VLOOKUP($A28,종합!$A:$T,COLUMN(종합!E28),FALSE) | F28: =VLOOKUP($A28,종합!$A:$T,COLUMN(종합!F32),FALSE) | G28: =VLOOKUP($A28,종합!$A:$T,COLUMN(종합!G32),FALSE) | H28: =IFERROR((J28-I28)/I28,"-") | I28: =VLOOKUP($A28,종합!$A:$T,COLUMN(종합!I32),FALSE) | J28: =IFERROR(K28/(1+$J$3)^$K$3,"-") | K28: =IFERROR(P28*(1+L28)^$K$3,"-") | L28: 0.11631172 | M28: 0.15809111 | N28: 0.14217491 | O28: 0.02313924 | P28: 247732.23 | Q28: 화학
A29: A010130 | B29: 고려아연 | C29: 연결 | D29: 3Q | E29: =VLOOKUP($A29,종합!$A:$T,COLUMN(종합!E29),FALSE) | F29: =VLOOKUP($A29,종합!$A:$T,COLUMN(종합!F33),FALSE) | G29: =VLOOKUP($A29,종합!$A:$T,COLUMN(종합!G33),FALSE) | H29: =IFERROR((J29-I29)/I29,"-") | I29: =VLOOKUP($A29,종합!$A:$T,COLUMN(종합!I33),FALSE) | J29: =IFERROR(K29/(1+$J$3)^$K$3,"-") | K29: =IFERROR(P29*(1+L29)^$K$3,"-") | L29: 0.10893308 | M29: 0.079921262 | N29: 0.10490513 | O29: 0.11371123 | P29: 283323.37 | Q29: 금속 및 광물
A30: A035250 | B30: 강원랜드 | C30: 연결 | D30: 3Q | E30: =VLOOKUP($A30,종합!$A:$T,COLUMN(종합!E30),FALSE) | F30: =VLOOKUP($A30,종합!$A:$T,COLUMN(종합!F35),FALSE) | G30: =VLOOKUP($A30,종합!$A:$T,COLUMN(종합!G35),FALSE) | H30: =IFERROR((J30-I30)/I30,"-") | I30: =VLOOKUP($A30,종합!$A:$T,COLUMN(종합!I35),FALSE) | J30: =IFERROR(K30/(1+$J$3)^$K$3,"-") | K30: =IFERROR(P30*(1+L30)^$K$3,"-") | L30: 0.15395468 | M30: 0.12844213 | N30: 0.15489325 | O30: 0.13762187 | P30: 15758.52 | Q30: 호텔 및 레저
A31: A066570 | B31: LG전자 | C31: 연결 | D31: 3Q | E31: =VLOOKUP($A31,종합!$A:$T,COLUMN(종합!E31),FALSE) | F31: =VLOOKUP($A31,종합!$A:$T,COLUMN(종합!F36),FALSE) | G31: =VLOOKUP($A31,종합!$A:$T,COLUMN(종합!G36),FALSE) | H31: =IFERROR((J31-I31)/I31,"-") | I31: =VLOOKUP($A31,종합!$A:$T,COLUMN(종합!I36),FALSE) | J31: =IFERROR(K31/(1+$J$3)^$K$3,"-") | K31: =IFERROR(P31*(1+L31)^$K$3,"-") | L31: 0.028660304 | M31: 0.034198713 | N31: 0.01065656 | O31: 0.034047179 | P31: 62903.71 | Q31: 내구소비재
A32: A030200 | B32: KT | C32: 연결 | D32: 3Q | E32: =VLOOKUP($A32,종합!$A:$T,COLUMN(종합!E32),FALSE) | F32: =VLOOKUP($A32,종합!$A:$T,COLUMN(종합!F37),FALSE) | G32: =VLOOKUP($A32,종합!$A:$T,COLUMN(종합!G37),FALSE) | H32: =IFERROR((J32-I32)/I32,"-") | I32: =VLOOKUP($A32,종합!$A:$T,COLUMN(종합!I37),FALSE) | J32: =IFERROR(K32/(1+$J$3)^$K$3,"-") | K32: =IFERROR(P32*(1+L32)^$K$3,"-") | L32: 0.0018508621 | M32: 0.056081223 | N32: 0.052200796 | O32: -0.095491791 | P32: 46721.72 | Q32: 무선통신
A33: A010950 | B33: S-Oil | C33: 연결 | D33: 3Q | E33: =VLOOKUP($A33,종합!$A:$T,COLUMN(종합!E33),FALSE) | F33: =VLOOKUP($A33,종합!$A:$T,COLUMN(종합!F38),FALSE) | G33: =VLOOKUP($A33,종합!$A:$T,COLUMN(종합!G38),FALSE) | H33: =IFERROR((J33-I33)/I33,"-") | I33: =VLOOKUP($A33,종합!$A:$T,COLUMN(종합!I38),FALSE) | J33: =IFERROR(K33/(1+$J$3)^$K$3,"-") | K33: =IFERROR(P33*(1+L33)^$K$3,"-") | L33: 0.084881629 | M33: 0.180718 | N33: 0.12259948 | O33: -0.056090291 | P33: 53435.08 | Q33: 석유 및 가스
A34: A008930 | B34: 한미사이언스 | C34: 연결 | D34: 3Q | E34: =VLOOKUP($A34,종합!$A:$T,COLUMN(종합!E34),FALSE) | F34: =VLOOKUP($A34,종합!$A:$T,COLUMN(종합!F40),FALSE) | G34: =VLOOKUP($A34,종합!$A:$T,COLUMN(종합!G40),FALSE) | H34: =IFERROR((J34-I34)/I34,"-") | I34: =VLOOKUP($A34,종합!$A:$T,COLUMN(종합!I40),FALSE) | J34: =IFERROR(K34/(1+$J$3)^$K$3,"-") | K34: =IFERROR(P34*(1+L34)^$K$3,"-") | L34: 0.16877402 | M34: 0.075796996 | N34: 0.35713606 | O34: 0.051732486 | P34: 11713.76 | Q34: 제약
A35: A006400 | B35: 삼성SDI | C35: 연결 | D35: 3Q | E35: =VLOOKUP($A35,종합!$A:$T,COLUMN(종합!E35),FALSE) | F35: =VLOOKUP($A35,종합!$A:$T,COLUMN(종합!F41),FALSE) | G35: =VLOOKUP($A35,종합!$A:$T,COLUMN(종합!G41),FALSE) | H35: =IFERROR((J35-I35)/I35,"-") | I35: =VLOOKUP($A35,종합!$A:$T,COLUMN(종합!I41),FALSE) | J35: =IFERROR(K35/(1+$J$3)^$K$3,"-") | K35: =IFERROR(P35*(1+L35)^$K$3,"-") | L35: 0.0053884015 | M35: 0.019085935 | N35: 0.0047654763 | O35: -0.0088425894 | P35: 154711.89 | Q35: 전자 장비 및 기기
A36: A047810 | B36: 한국항공우주 | C36: 연결 | D36: 3Q | E36: =VLOOKUP($A36,종합!$A:$T,COLUMN(종합!E36),FALSE) | F36: =VLOOKUP($A36,종합!$A:$T,COLUMN(종합!F42),FALSE) | G36: =VLOOKUP($A36,종합!$A:$T,COLUMN(종합!G42),FALSE) | H36: =IFERROR((J36-I36)/I36,"-") | I36: =VLOOKUP($A36,종합!$A:$T,COLUMN(종합!I42),FALSE) | J36: =IFERROR(K36/(1+$J$3)^$K$3,"-") | K36: =IFERROR(P36*(1+L36)^$K$3,"-") | L36: 0.15654409 | M36: 0.15379737 | N36: 0.1635126 | O36: 0.1112081 | P36: 13576.19 | Q36: 상업서비스
A37: A021240 | B37: 코웨이 | C37: 연결 | D37: 3Q | E37: =VLOOKUP($A37,종합!$A:$T,COLUMN(종합!E37),FALSE) | F37: =VLOOKUP($A37,종합!$A:$T,COLUMN(종합!F43),FALSE) | G37: =VLOOKUP($A37,종합!$A:$T,COLUMN(종합!G43),FALSE) | H37: =IFERROR((J37-I37)/I37,"-") | I37: =VLOOKUP($A37,종합!$A:$T,COLUMN(종합!I43),FALSE) | J37: =IFERROR(K37/(1+$J$3)^$K$3,"-") | K37: =IFERROR(P37*(1+L37)^$K$3,"-") | L37: 0.25319927 | M37: 0.14127801 | N37: 0.30154854 | O37: 0.25228606 | P37: 16835.69 | Q37: 내구소비재
A38: A004020 | B38: 현대제철 | C38: 연결 | D38: 3Q | E38: =VLOOKUP($A38,종합!$A:$T,COLUMN(종합!E38),FALSE) | F38: =VLOOKUP($A38,종합!$A:$T,COLUMN(종합!F45),FALSE) | G38: =VLOOKUP($A38,종합!$A:$T,COLUMN(종합!G45),FALSE) | H38: =IFERROR((J38-I38)/I38,"-") | I38: =VLOOKUP($A38,종합!$A:$T,COLUMN(종합!I45),FALSE) | J38: =IFERROR(K38/(1+$J$3)^$K$3,"-") | K38: =IFERROR(P38*(1+L38)^$K$3,"-") | L38: 0.055888347 | M38: 0.045501501 | N38: 0.050829527 | O38: 0.057042778 | P38: 120372.08 | Q38: 금속 및 광물
A39: A128940 | B39: 한미약품 | C39: 연결 | D39: 3Q | E39: =VLOOKUP($A39,종합!$A:$T,COLUMN(종합!E39),FALSE) | F39: =VLOOKUP($A39,종합!$A:$T,COLUMN(종합!F46),FALSE) | G39: =VLOOKUP($A39,종합!$A:$T,COLUMN(종합!G46),FALSE) | H39: =IFERROR((J39-I39)/I39,"-") | I39: =VLOOKUP($A39,종합!$A:$T,COLUMN(종합!I46),FALSE) | J39: =IFERROR(K39/(1+$J$3)^$K$3,"-") | K39: =IFERROR(P39*(1+L39)^$K$3,"-") | L39: 0.15648865 | M39: 0.10308096 | N39: 0.25689008 | O39: 0.075806331 | P39: 67411.97 | Q39: 제약
A40: A161390 | B40: 한국타이어앤테크놀로지 | C40: 연결 | D40: 3Q | E40: =VLOOKUP($A40,종합!$A:$T,COLUMN(종합!E40),FALSE) | F40: =VLOOKUP($A40,종합!$A:$T,COLUMN(종합!F47),FALSE) | G40: =VLOOKUP($A40,종합!$A:$T,COLUMN(종합!G47),FALSE) | H40: =IFERROR((J40-I40)/I40,"-") | I40: =VLOOKUP($A40,종합!$A:$T,COLUMN(종합!I47),FALSE) | J40: =IFERROR(K40/(1+$J$3)^$K$3,"-") | K40: =IFERROR(P40*(1+L40)^$K$3,"-") | L40: 0.15620935 | M40: 0.12522533 | N40: 0.13590551 | O40: 0.16618811 | P40: 45047.52 | Q40: 자동차부품
A41: A086280 | B41: 현대글로비스 | C41: 연결 | D41: 3Q | E41: =VLOOKUP($A41,종합!$A:$T,COLUMN(종합!E41),FALSE) | F41: =VLOOKUP($A41,종합!$A:$T,COLUMN(종합!F48),FALSE) | G41: =VLOOKUP($A41,종합!$A:$T,COLUMN(종합!G48),FALSE) | H41: =IFERROR((J41-I41)/I41,"-") | I41: =VLOOKUP($A41,종합!$A:$T,COLUMN(종합!I48),FALSE) | J41: =IFERROR(K41/(1+$J$3)^$K$3,"-") | K41: =IFERROR(P41*(1+L41)^$K$3,"-") | L41: 0.18057439 | M41: 0.15596038 | N41: 0.12848784 | O41: 0.21008786 | P41: 91754.78 | Q41: 육상운수
A42: A023530 | B42: 롯데쇼핑 | C42: 연결 | D42: 3Q | E42: =VLOOKUP($A42,종합!$A:$T,COLUMN(종합!E42),FALSE) | F42: =VLOOKUP($A42,종합!$A:$T,COLUMN(종합!F49),FALSE) | G42: =VLOOKUP($A42,종합!$A:$T,COLUMN(종합!G49),FALSE) | H42: =IFERROR((J42-I42)/I42,"-") | I42: =VLOOKUP($A42,종합!$A:$T,COLUMN(종합!I49),FALSE) | J42: =IFERROR(K42/(1+$J$3)^$K$3,"-") | K42: =IFERROR(P42*(1+L42)^$K$3,"-") | L42: 0.0066429518 | M42: 0.01030285 | N42: -0.023235039 | O42: 0.031967111 | P42: 518692.28 | Q42: 백화점
A43: A018880 | B43: 한온시스템 | C43: 연결 | D43: 3Q | E43: =VLOOKUP($A43,종합!$A:$T,COLUMN(종합!E43),FALSE) | F43: =VLOOKUP($A43,종합!$A:$T,COLUMN(종합!F51),FALSE) | G43: =VLOOKUP($A43,종합!$A:$T,COLUMN(종합!G51),FALSE) | H43: =IFERROR((J43-I43)/I43,"-") | I43: =VLOOKUP($A43,종합!$A:$T,COLUMN(종합!I51),FALSE) | J43: =IFERROR(K43/(1+$J$3)^$K$3,"-") | K43: =IFERROR(P43*(1+L43)^$K$3,"-") | L43: 0.15601647 | M43: 0.11328057 | N43: 0.13707626 | O43: 0.17694681 | P43: 3328.84 | Q43: 자동차부품
A44: A035720 | B44: 카카오 | C44: 연결 | D44: 3Q | E44: =VLOOKUP($A44,종합!$A:$T,COLUMN(종합!E44),FALSE) | F44: =VLOOKUP($A44,종합!$A:$T,COLUMN(종합!F52),FALSE) | G44: =VLOOKUP($A44,종합!$A:$T,COLUMN(종합!G52),FALSE) | H44: =IFERROR((J44-I44)/I44,"-") | I44: =VLOOKUP($A44,종합!$A:$T,COLUMN(종합!I52),FALSE) | J44: =IFERROR(K44/(1+$J$3)^$K$3,"-") | K44: =IFERROR(P44*(1+L44)^$K$3,"-") | L44: 0.055838913 | M44: 0.011697492 | N44: 0.030223881 | O44: 0.11406695 | P44: 49239.31 | Q44: 인터넷 서비스
A45: A001040 | B45: CJ | C45: 연결 | D45: 3Q | E45: =VLOOKUP($A45,종합!$A:$T,COLUMN(종합!E45),FALSE) | F45: =VLOOKUP($A45,종합!$A:$T,COLUMN(종합!F54),FALSE) | G45: =VLOOKUP($A45,종합!$A:$T,COLUMN(종합!G54),FALSE) | H45: =IFERROR((J45-I45)/I45,"-") | I45: =VLOOKUP($A45,종합!$A:$T,COLUMN(종합!I54),FALSE) | J45: =IFERROR(K45/(1+$J$3)^$K$3,"-") | K45: =IFERROR(P45*(1+L45)^$K$3,"-") | L45: 0.068553826 | M45: 0.066200688 | N45: 0.058742557 | O45: 0.063067355 | P45: 124680.11 | Q45: 식료품
A46: A036570 | B46: 엔씨소프트 | C46: 연결 | D46: 3Q | E46: =VLOOKUP($A46,종합!$A:$T,COLUMN(종합!E46),FALSE) | F46: =VLOOKUP($A46,종합!$A:$T,COLUMN(종합!F55),FALSE) | G46: =VLOOKUP($A46,종합!$A:$T,COLUMN(종합!G55),FALSE) | H46: =IFERROR((J46-I46)/I46,"-") | I46: =VLOOKUP($A46,종합!$A:$T,COLUMN(종합!I55),FALSE) | J46: =IFERROR(K46/(1+$J$3)^$K$3,"-") | K46: =IFERROR(P46*(1+L46)^$K$3,"-") | L46: 0.14833765 | M46: 0.11756208 | N46: 0.10567945 | O46: 0.18383319 | P46: 86992.51 | Q46: 게임 소프트웨어
A47: A001800 | B47: 오리온 | C47: 연결 | D47: 3Q | E47: =VLOOKUP($A47,종합!$A:$T,COLUMN(종합!E47),FALSE) | F47: =VLOOKUP($A47,종합!$A:$T,COLUMN(종합!F57),FALSE) | G47: =VLOOKUP($A47,종합!$A:$T,COLUMN(종합!G57),FALSE) | H47: =IFERROR((J47-I47)/I47,"-") | I47: =VLOOKUP($A47,종합!$A:$T,COLUMN(종합!I57),FALSE) | J47: =IFERROR(K47/(1+$J$3)^$K$3,"-") | K47: =IFERROR(P47*(1+L47)^$K$3,"-") | L47: 0.13695647 | M47: 0.1131254 | N47: 0.1236317 | O47: 0.13796125 | P47: 249558.79 | Q47: 식료품
A48: A027410 | B48: BGF리테일 | C48: 연결 | D48: 3Q | E48: =VLOOKUP($A48,종합!$A:$T,COLUMN(종합!E48),FALSE) | F48: =VLOOKUP($A48,종합!$A:$T,COLUMN(종합!F58),FALSE) | G48: =VLOOKUP($A48,종합!$A:$T,COLUMN(종합!G58),FALSE) | H48: =IFERROR((J48-I48)/I48,"-") | I48: =VLOOKUP($A48,종합!$A:$T,COLUMN(종합!I58),FALSE) | J48: =IFERROR(K48/(1+$J$3)^$K$3,"-") | K48: =IFERROR(P48*(1+L48)^$K$3,"-") | L48: 0.24760542 | M48: 0.17835087 | N48: 0.2277133 | O48: 0.27010859 | P48: 17771.67 | Q48: 도소매
A49: A097950 | B49: CJ제일제당 | C49: 연결 | D49: 3Q | E49: =VLOOKUP($A49,종합!$A:$T,COLUMN(종합!E49),FALSE) | F49: =VLOOKUP($A49,종합!$A:$T,COLUMN(종합!F59),FALSE) | G49: =VLOOKUP($A49,종합!$A:$T,COLUMN(종합!G59),FALSE) | H49: =IFERROR((J49-I49)/I49,"-") | I49: =VLOOKUP($A49,종합!$A:$T,COLUMN(종합!I59),FALSE) | J49: =IFERROR(K49/(1+$J$3)^$K$3,"-") | K49: =IFERROR(P49*(1+L49)^$K$3,"-") | L49: 0.064936097 | M49: 0.085698165 | N49: 0.061768785 | O49: 0.031337242 | P49: 235006.1 | Q49: 식료품
A50: A032640 | B50: LG유플러스 | C50: 연결 | D50: 3Q | E50: =VLOOKUP($A50,종합!$A:$T,COLUMN(종합!E50),FALSE) | F50: =VLOOKUP($A50,종합!$A:$T,COLUMN(종합!F60),FALSE) | G50: =VLOOKUP($A50,종합!$A:$T,COLUMN(종합!G60),FALSE) | H50: =IFERROR((J50-I50)/I50,"-") | I50: =VLOOKUP($A50,종합!$A:$T,COLUMN(종합!I60),FALSE) | J50: =IFERROR(K50/(1+$J$3)^$K$3,"-") | K50: =IFERROR(P50*(1+L50)^$K$3,"-") | L50: 0.079891891 | M50: 0.082040605 | N50: 0.081493614 | O50: 0.055670176 | P50: 10794.82 | Q50: 무선통신

Sheet 야마구치요헤이
A1: * 금융업제외 | T1: * 유동자산 : 유동자산 - 매출채권
E2: 할인율 | H2: 삼성전자 | J2: 주가 | K2: 주당가치 | L2: 재산가치 (억) | M2: 사업가치 (억) | N2: 이익배수 | T2: * 비유동자산 : 비유동자산 - (유형자산 + 무형자산)
D3: 입력F | E3: 0.08 | J3: =VLOOKUP($H2,$B:$X,COLUMN(J6)-1,FALSE) | K3: =VLOOKUP($H2,$B:$X,COLUMN(K6)-1,FALSE) | L3: =VLOOKUP($H2,$B:$X,COLUMN(L6)-1,FALSE) | M3: =VLOOKUP($H2,$B:$X,COLUMN(M6)-1,FALSE) | N3: =VLOOKUP($H2,$B:$X,COLUMN(N6)-1,FALSE) | T3: * 유동부채 : 유동부채 * 1.2
P4: (3년평균) | T4: *비유동부채 : 비유동부채
A5: CODE | B5: 종목 | C5: 주재무 | D5: 실적 | E5: 시가총액 (억) | F5: PER | G5: PBR | H5: ROE | I5: 괴리율 | J5: 주가 (원) | K5: 주당가치 (원) | L5: 재산가치 (억) | M5: 사업가치 (억) | N5: 이익배수 | O5: 영업이익 (억) | P5: 법인세율 average | Q5: 2018 | R5: 2019 | S5: 2020 | T5: 유동자산 | U5: 비유동자산 | V5: 유동부채 | W5: 비유동부채 | X5: 업종 | Y5: 주식수
A6: A005930 | B6: 삼성전자 | C6: 연결 | D6: 3Q | E6: =J6*Y6/100000000 | F6: =VLOOKUP($A6,종합!$A:$T,COLUMN(종합!F6),FALSE) | G6: =VLOOKUP($A6,종합!$A:$T,COLUMN(종합!G6),FALSE) | H6: =VLOOKUP($A6,종합!$A:$T,COLUMN(종합!H6),FALSE) | I6: =(K6-J6)/J6 | J6: =IF(COUNTIF(현재가!$A:$A,$B6),VLOOKUP($B6,현재가!$A:$B,2,FALSE),VLOOKUP($B6,현재가!$D:$E,2,FALSE)) | K6: =IFERROR(((L6+M6)*100000000)/Y6,"-") | L6: =IFERROR(T6+U6-V6-W6,"-") | M6: =O6*N6 | N6: =(1-P6)/$E$3 | O6: 261626.16 | P6: 0.20997247 | Q6: 0.20564742 | R6: 0.16074154 | S6: 0.26581612 | T6: 1078142.5 | U6: 233426.7 | V6: 349367.23 | W6: 144755.96 | X6: 휴대폰 및 관련부품 | Y6: 140679337
A7: A015760 | B7: 한국전력 | C7: 연결 | D7: 3Q | E7: =J7*Y7/100000000 | F7: =VLOOKUP($A7,종합!$A:$T,COLUMN(종합!F7),FALSE) | G7: =VLOOKUP($A7,종합!$A:$T,COLUMN(종합!G7),FALSE) | H7: =VLOOKUP($A7,종합!$A:$T,COLUMN(종합!H7),FALSE) | I7: =(K7-J7)/J7 | J7: =IF(COUNTIF(현재가!$A:$A,$B7),VLOOKUP($B7,현재가!$A:$B,2,FALSE),VLOOKUP($B7,현재가!$D:$E,2,FALSE)) | K7: =IFERROR(((L7+M7)*100000000)/Y7,"-") | L7: =IFERROR(T7+U7-V7-W7,"-") | M7: =O7*N7 | N7: =(1-P7)/$E$3 | O7: 134128 | P7: 0.6110663 | Q7: 1.4396249 | R7: 0.33819709 | S7: 0.28084654 | T7: 133922.17 | U7: 107616.64 | V7: 212689.27 | W7: 803530.59 | X7: 전력 | Y7: 641964077
A8: A005380 | B8: 현대차 | C8: 연결 | D8: 3Q | E8: =J8*Y8/100000000 | F8: =VLOOKUP($A8,종합!$A:$T,COLUMN(종합!F9),FALSE) | G8: =VLOOKUP($A8,종합!$A:$T,COLUMN(종합!G9),FALSE) | H8: =VLOOKUP($A8,종합!$A:$T,COLUMN(종합!H9),FALSE) | I8: =(K8-J8)/J8 | J8: =IF(COUNTIF(현재가!$A:$A,$B8),VLOOKUP($B8,현재가!$A:$B,2,FALSE),VLOOKUP($B8,현재가!$D:$E,2,FALSE)) | K8: =IFERROR(((L8+M8)*100000000)/Y8,"-") | L8: =IFERROR(T8+U8-V8-W8,"-") | M8: =O8*N8 | N8: =(1-P8)/$E$3 | O8: -1603.9813 | P8: 0.64426425 | Q8: 2.1280636 | R8: 0.37647821 | S8: 0.032452145 | T8: 50352.483 | U8: 229108.9 | V8: 112674.11 | W8: 85219.763 | X8: 자동차 | Y8: 189690043
A9: A028260 | B9: 삼성물산 | C9: 연결 | D9: 3Q | E9: =J9*Y9/100000000 | F9: =VLOOKUP($A9,종합!$A:$T,COLUMN(종합!F12),FALSE) | G9: =VLOOKUP($A9,종합!$A:$T,COLUMN(종합!G12),FALSE) | H9: =VLOOKUP($A9,종합!$A:$T,COLUMN(종합!H12),FALSE) | I9: =(K9-J9)/J9 | J9: =IF(COUNTIF(현재가!$A:$A,$B9),VLOOKUP($B9,현재가!$A:$B,2,FALSE),VLOOKUP($B9,현재가!$D:$E,2,FALSE)) | K9: =IFERROR(((L9+M9)*100000000)/Y9,"-") | L9: =IFERROR(T9+U9-V9-W9,"-") | M9: =O9*N9 | N9: =(1-P9)/$E$3 | O9: 27294.82 | P9: 0.13683554 | Q9: 0.065714774 | R9: 0.16889 | S9: 0.17944663 | T9: 58963.36 | U9: 12443.67 | V9: 36317.484 | W9: 41881.58 | X9: 복합 산업 | Y9: 728002365
A10: A035420 | B10: NAVER | C10: 연결 | D10: 3Q | E10: =J10*Y10/100000000 | F10: =VLOOKUP($A10,종합!$A:$T,COLUMN(종합!F8),FALSE) | G10: =VLOOKUP($A10,종합!$A:$T,COLUMN(종합!G8),FALSE) | H10: =VLOOKUP($A10,종합!$A:$T,COLUMN(종합!H8),FALSE) | I10: =(K10-J10)/J10 | J10: =IF(COUNTIF(현재가!$A:$A,$B10),VLOOKUP($B10,현재가!$A:$B,2,FALSE),VLOOKUP($B10,현재가!$D:$E,2,FALSE)) | K10: =IFERROR(((L10+M10)*100000000)/Y10,"-") | L10: =IFERROR(T10+U10-V10-W10,"-") | M10: =O10*N10 | N10: =(1-P10)/$E$3 | O10: 56873.85 | P10: 0.23098475 | Q10: 0.23110857 | R10: 0.23130767 | S10: 0.23053813 | T10: 369008.96 | U10: 415800.47 | V10: 100021.28 | W10: 585876.86 | X10: 인터넷 서비스 | Y10: 220276479
A11: A012330 | B11: 현대모비스 | C11: 연결 | D11: 3Q | E11: =J11*Y11/100000000 | F11: =VLOOKUP($A11,종합!$A:$T,COLUMN(종합!F10),FALSE) | G11: =VLOOKUP($A11,종합!$A:$T,COLUMN(종합!G10),FALSE) | H11: =VLOOKUP($A11,종합!$A:$T,COLUMN(종합!H10),FALSE) | I11: =(K11-J11)/J11 | J11: =IF(COUNTIF(현재가!$A:$A,$B11),VLOOKUP($B11,현재가!$A:$B,2,FALSE),VLOOKUP($B11,현재가!$D:$E,2,FALSE)) | K11: =IFERROR(((L11+M11)*100000000)/Y11,"-") | L11: =IFERROR(T11+U11-V11-W11,"-") | M11: =O11*N11 | N11: =(1-P11)/$E$3 | O11: 9690.0977 | P11: 0.30384815 | Q11: 0.28323181 | R11: 0.35999729 | S11: 0.27009993 | T11: 34499.943 | U11: 9546.2317 | V11: 8628.5074 | W11: 4588.8426 | X11: 자동차부품 | Y11: 32962679
A12: A000660 | B12: SK하이닉스 | C12: 연결 | D12: 3Q | E12: =J12*Y12/100000000 | F12: =VLOOKUP($A12,종합!$A:$T,COLUMN(종합!F11),FALSE) | G12: =VLOOKUP($A12,종합!$A:$T,COLUMN(종합!G11),FALSE) | H12: =VLOOKUP($A12,종합!$A:$T,COLUMN(종합!H11),FALSE) | I12: =(K12-J12)/J12 | J12: =IF(COUNTIF(현재가!$A:$A,$B12),VLOOKUP($B12,현재가!$A:$B,2,FALSE),VLOOKUP($B12,현재가!$D:$E,2,FALSE)) | K12: =IFERROR(((L12+M12)*100000000)/Y12,"-") | L12: =IFERROR(T12+U12-V12-W12,"-") | M12: =O12*N12 | N12: =(1-P12)/$E$3 | O12: 30920.32 | P12: 0.25762063 | Q12: 0.25098968 | R12: 0.25343335 | S12: 0.26851027 | T12: 105558.03 | U12: 134847.55 | V12: 46045.344 | W12: 41845.76 | X12: 반도체 및 관련장비 | Y12: 97343863
A13: A090430 | B13: 아모레퍼시픽 | C13: 연결 | D13: 3Q | E13: =J13*Y13/100000000 | F13: =VLOOKUP($A13,종합!$A:$T,COLUMN(종합!F13),FALSE) | G13: =VLOOKUP($A13,종합!$A:$T,COLUMN(종합!G13),FALSE) | H13: =VLOOKUP($A13,종합!$A:$T,COLUMN(종합!H13),FALSE) | I13: =(K13-J13)/J13 | J13: =IF(COUNTIF(현재가!$A:$A,$B13),VLOOKUP($B13,현재가!$A:$B,2,FALSE),VLOOKUP($B13,현재가!$D:$E,2,FALSE)) | K13: =IFERROR(((L13+M13)*100000000)/Y13,"-") | L13: =IFERROR(T13+U13-V13-W13,"-") | M13: =O13*N13 | N13: =(1-P13)/$E$3 | O13: 8692.9311 | P13: 0.2622264 | Q13: 0.2645397 | R13: 0.27364181 | S13: 0.24862494 | T13: 18060.302 | U13: 5099.2837 | V13: 8094.7729 | W13: 1512.2948 | X13: 개인생활용품 | Y13: 58458490
A14: A005490 | B14: POSCO | C14: 연결 | D14: 3Q | E14: =J14*Y14/100000000 | F14: =VLOOKUP($A14,종합!$A:$T,COLUMN(종합!F14),FALSE) | G14: =VLOOKUP($A14,종합!$A:$T,COLUMN(종합!G14),FALSE) | H14: =VLOOKUP($A14,종합!$A:$T,COLUMN(종합!H14),FALSE) | I14: =(K14-J14)/J14 | J14: =IF(COUNTIF(현재가!$A:$A,$B14),VLOOKUP($B14,현재가!$A:$B,2,FALSE),VLOOKUP($B14,현재가!$D:$E,2,FALSE)) | K14: =IFERROR(((L14+M14)*100000000)/Y14,"-") | L14: =IFERROR(T14+U14-V14-W14,"-") | M14: =O14*N14 | N14: =(1-P14)/$E$3 | O14: 27131.211 | P14: 0.74007468 | Q14: 0.3036705 | R14: 0.59608066 | S14: 1.5321008 | T14: 177528.6 | U14: 101131.21 | V14: 28737.197 | W14: 149048.05 | X14: 금속 및 광물 | Y14: 87186835
A15: A017670 | B15: SK텔레콤 | C15: 연결 | D15: 3Q | E15: =J15*Y15/100000000 | F15: =VLOOKUP($A15,종합!$A:$T,COLUMN(종합!F15),FALSE) | G15: =VLOOKUP($A15,종합!$A:$T,COLUMN(종합!G15),FALSE) | H15: =VLOOKUP($A15,종합!$A:$T,COLUMN(종합!H15),FALSE) | I15: =(K15-J15)/J15 | J15: =IF(COUNTIF(현재가!$A:$A,$B15),VLOOKUP($B15,현재가!$A:$B,2,FALSE),VLOOKUP($B15,현재가!$D:$E,2,FALSE)) | K15: =IFERROR(((L15+M15)*100000000)/Y15,"-") | L15: =IFERROR(T15+U15-V15-W15,"-") | M15: =O15*N15 | N15: =(1-P15)/$E$3 | O15: 16356.41 | P15: 0.22521487 | Q15: 0.21936226 | R15: 0.20166046 | S15: 0.25522695 | T15: 21824.88 | U15: 88862.14 | V15: 41524.632 | W15: 86183.1 | X15: 무선통신 | Y15: 80745711
A16: A051910 | B16: LG화학 | C16: 연결 | D16: 3Q | E16: =J16*Y16/100000000 | F16: =VLOOKUP($A16,종합!$A:$T,COLUMN(종합!F17),FALSE) | G16: =VLOOKUP($A16,종합!$A:$T,COLUMN(종합!G17),FALSE) | H16: =VLOOKUP($A16,종합!$A:$T,COLUMN(종합!H17),FALSE) | I16: =(K16-J16)/J16 | J16: =IF(COUNTIF(현재가!$A:$A,$B16),VLOOKUP($B16,현재가!$A:$B,2,FALSE),VLOOKUP($B16,현재가!$D:$E,2,FALSE)) | K16: =IFERROR(((L16+M16)*100000000)/Y16,"-") | L16: =IFERROR(T16+U16-V16-W16,"-") | M16: =O16*N16 | N16: =(1-P16)/$E$3 | O16: 24436.67 | P16: 0.19183223 | Q16: 0.20948557 | R16: 0.21558042 | S16: 0.15149216 | T16: 158184.44 | U16: 139308.06 | V16: 87801.984 | W16: 84384.77 | X16: 화학 | Y16: 405363347
A17: A000270 | B17: 기아 | C17: 연결 | D17: 3Q | E17: =J17*Y17/100000000 | F17: =VLOOKUP($A17,종합!$A:$T,COLUMN(종합!F18),FALSE) | G17: =VLOOKUP($A17,종합!$A:$T,COLUMN(종합!G18),FALSE) | H17: =VLOOKUP($A17,종합!$A:$T,COLUMN(종합!H18),FALSE) | I17: =(K17-J17)/J17 | J17: =IF(COUNTIF(현재가!$A:$A,$B17),VLOOKUP($B17,현재가!$A:$B,2,FALSE),VLOOKUP($B17,현재가!$D:$E,2,FALSE)) | K17: =IFERROR(((L17+M17)*100000000)/Y17,"-") | L17: =IFERROR(T17+U17-V17-W17,"-") | M17: =O17*N17 | N17: =(1-P17)/$E$3 | O17: 14230.045 | P17: 0.31045343 | Q17: 0.36581096 | R17: 0.29718198 | S17: 0.27020343 | T17: 43226.226 | U17: 13782.394 | V17: 14497.779 | W17: 5862.0941 | X17: 자동차 | Y17: 137292497
A18: A033780 | B18: KT&G | C18: 연결 | D18: 3Q | E18: =J18*Y18/100000000 | F18: =VLOOKUP($A18,종합!$A:$T,COLUMN(종합!F16),FALSE) | G18: =VLOOKUP($A18,종합!$A:$T,COLUMN(종합!G16),FALSE) | H18: =VLOOKUP($A18,종합!$A:$T,COLUMN(종합!H16),FALSE) | I18: =(K18-J18)/J18 | J18: =IF(COUNTIF(현재가!$A:$A,$B18),VLOOKUP($B18,현재가!$A:$B,2,FALSE),VLOOKUP($B18,현재가!$D:$E,2,FALSE)) | K18: =IFERROR(((L18+M18)*100000000)/Y18,"-") | L18: =IFERROR(T18+U18-V18-W18,"-") | M18: =O18*N18 | N18: =(1-P18)/$E$3 | O18: 18822.02 | P18: 0.24273931 | Q18: 0.2065096 | R18: 0.26368332 | S18: 0.25884155 | T18: 59278.52 | U18: 7211.23 | V18: 41534.76 | W18: 8334.74 | X18: 담배 | Y18: 70592343
A19: A034730 | B19: SK | C19: 연결 | D19: 3Q | E19: =J19*Y19/100000000 | F19: =VLOOKUP($A19,종합!$A:$T,COLUMN(종합!F19),FALSE) | G19: =VLOOKUP($A19,종합!$A:$T,COLUMN(종합!G19),FALSE) | H19: =VLOOKUP($A19,종합!$A:$T,COLUMN(종합!H19),FALSE) | I19: =(K19-J19)/J19 | J19: =IF(COUNTIF(현재가!$A:$A,$B19),VLOOKUP($B19,현재가!$A:$B,2,FALSE),VLOOKUP($B19,현재가!$D:$E,2,FALSE)) | K19: =IFERROR(((L19+M19)*100000000)/Y19,"-") | L19: =IFERROR(T19+U19-V19-W19,"-") | M19: =O19*N19 | N19: =(1-P19)/$E$3 | O19: 48796.3 | P19: 0.21251563 | Q19: 0.24850456 | R19: 0.30634335 | S19: 0.092985917 | T19: 195725.34 | U19: 174186.46 | V19: 13936.98 | W19: 323772.32 | X19: 석유 및 가스 | Y19: 70360297
A20: A051900 | B20: LG생활건강 | C20: 연결 | D20: 3Q | E20: =J20*Y20/100000000 | F20: =VLOOKUP($A20,종합!$A:$T,COLUMN(종합!F20),FALSE) | G20: =VLOOKUP($A20,종합!$A:$T,COLUMN(종합!G20),FALSE) | H20: =VLOOKUP($A20,종합!$A:$T,COLUMN(종합!H20),FALSE) | I20: =(K20-J20)/J20 | J20: =IF(COUNTIF(현재가!$A:$A,$B20),VLOOKUP($B20,현재가!$A:$B,2,FALSE),VLOOKUP($B20,현재가!$D:$E,2,FALSE)) | K20: =IFERROR(((L20+M20)*100000000)/Y20,"-") | L20: =IFERROR(T20+U20-V20-W20,"-") | M20: =O20*N20 | N20: =(1-P20)/$E$3 | O20: 8504.8567 | P20: 0.25314609 | Q20: 0.22769526 | R20: 0.26164909 | S20: 0.27050376 | T20: 8951.5703 | U20: 1882.226 | V20: 8549.83 | W20: 7721.3476 | X20: 가정생활용품 | Y20: 15618197
A21: A096770 | B21: SK이노베이션 | C21: 연결 | D21: 3Q | E21: =J21*Y21/100000000 | F21: =VLOOKUP($A21,종합!$A:$T,COLUMN(종합!F21),FALSE) | G21: =VLOOKUP($A21,종합!$A:$T,COLUMN(종합!G21),FALSE) | H21: =VLOOKUP($A21,종합!$A:$T,COLUMN(종합!H21),FALSE) | I21: =(K21-J21)/J21 | J21: =IF(COUNTIF(현재가!$A:$A,$B21),VLOOKUP($B21,현재가!$A:$B,2,FALSE),VLOOKUP($B21,현재가!$D:$E,2,FALSE)) | K21: =IFERROR(((L21+M21)*100000000)/Y21,"-") | L21: =IFERROR(T21+U21-V21-W21,"-") | M21: =O21*N21 | N21: =(1-P21)/$E$3 | O21: 26549.736 | P21: 0.2220976 | Q21: 0.29593318 | R21: 0.0082268604 | S21: 0.39693693 | T21: 105480.28 | U21: 27624.698 | V21: 2559.6773 | W21: 61112.804 | X21: 석유 및 가스 | Y21: 92465564
A22: A018260 | B22: 삼성에스디에스 | C22: 연결 | D22: 3Q | E22: =J22*Y22/100000000 | F22: =VLOOKUP($A22,종합!$A:$T,COLUMN(종합!F24),FALSE) | G22: =VLOOKUP($A22,종합!$A:$T,COLUMN(종합!G24),FALSE) | H22: =VLOOKUP($A22,종합!$A:$T,COLUMN(종합!H24),FALSE) | I22: =(K22-J22)/J22 | J22: =IF(COUNTIF(현재가!$A:$A,$B22),VLOOKUP($B22,현재가!$A:$B,2,FALSE),VLOOKUP($B22,현재가!$D:$E,2,FALSE)) | K22: =IFERROR(((L22+M22)*100000000)/Y22,"-") | L22: =IFERROR(T22+U22-V22-W22,"-") | M22: =O22*N22 | N22: =(1-P22)/$E$3 | O22: 11094.49 | P22: 0.26747604 | Q22: 0.26330951 | R22: 0.2704055 | S22: 0.26872398 | T22: 26065.377 | U22: 6549.1603 | V22: 69.48006 | W22: 2424.4899 | X22: IT 서비스 | Y22: 82458180
A23: A068270 | B23: 셀트리온 | C23: 연결 | D23: 3Q | E23: =J23*Y23/100000000 | F23: =VLOOKUP($A23,종합!$A:$T,COLUMN(종합!F22),FALSE) | G23: =VLOOKUP($A23,종합!$A:$T,COLUMN(종합!G22),FALSE) | H23: =VLOOKUP($A23,종합!$A:$T,COLUMN(종합!H22),FALSE) | I23: =(K23-J23)/J23 | J23: =IF(COUNTIF(현재가!$A:$A,$B23),VLOOKUP($B23,현재가!$A:$B,2,FALSE),VLOOKUP($B23,현재가!$D:$E,2,FALSE)) | K23: =IFERROR(((L23+M23)*100000000)/Y23,"-") | L23: =IFERROR(T23+U23-V23-W23,"-") | M23: =O23*N23 | N23: =(1-P23)/$E$3 | O23: 6374.102 | P23: 0.31246043 | Q23: 0.34408658 | R23: 0.31798699 | S23: 0.27620454 | T23: 24643.791 | U23: 1472.3674 | V23: 8211.2174 | W23: 2584.9656 | X23: 바이오 | Y23: 77377800
A24: A002790 | B24: 아모레G | C24: 연결 | D24: 3Q | E24: =J24*Y24/100000000 | F24: =VLOOKUP($A24,종합!$A:$T,COLUMN(종합!F23),FALSE) | G24: =VLOOKUP($A24,종합!$A:$T,COLUMN(종합!G23),FALSE) | H24: =VLOOKUP($A24,종합!$A:$T,COLUMN(종합!H23),FALSE) | I24: =(K24-J24)/J24 | J24: =IF(COUNTIF(현재가!$A:$A,$B24),VLOOKUP($B24,현재가!$A:$B,2,FALSE),VLOOKUP($B24,현재가!$D:$E,2,FALSE)) | K24: =IFERROR(((L24+M24)*100000000)/Y24,"-") | L24: =IFERROR(T24+U24-V24-W24,"-") | M24: =O24*N24 | N24: =(1-P24)/$E$3 | O24: 2418.9345 | P24: 0.11616326 | Q24: 0.11420755 | R24: 0.21212072 | S24: 0.029606323 | T24: 4116.9897 | U24: 493.12764 | V24: 6588.678 | W24: 1858.6923 | X24: 개인생활용품 | Y24: 116598327
A25: A003550 | B25: LG | C25: 연결 | D25: 3Q | E25: =J25*Y25/100000000 | F25: =VLOOKUP($A25,종합!$A:$T,COLUMN(종합!F27),FALSE) | G25: =VLOOKUP($A25,종합!$A:$T,COLUMN(종합!G27),FALSE) | H25: =VLOOKUP($A25,종합!$A:$T,COLUMN(종합!H27),FALSE) | I25: =(K25-J25)/J25 | J25: =IF(COUNTIF(현재가!$A:$A,$B25),VLOOKUP($B25,현재가!$A:$B,2,FALSE),VLOOKUP($B25,현재가!$D:$E,2,FALSE)) | K25: =IFERROR(((L25+M25)*100000000)/Y25,"-") | L25: =IFERROR(T25+U25-V25-W25,"-") | M25: =O25*N25 | N25: =(1-P25)/$E$3 | O25: 9250.5436 | P25: 0.17003792 | Q25: -0.013930346 | R25: 0.28952249 | S25: 0.25968888 | T25: 153467.39 | U25: 22331.392 | V25: 126223.87 | W25: 89485.475 | X25: 복합 산업 | Y25: 76000000
A26: A034220 | B26: LG디스플레이 | C26: 연결 | D26: 3Q | E26: =J26*Y26/100000000 | F26: =VLOOKUP($A26,종합!$A:$T,COLUMN(종합!F26),FALSE) | G26: =VLOOKUP($A26,종합!$A:$T,COLUMN(종합!G26),FALSE) | H26: =VLOOKUP($A26,종합!$A:$T,COLUMN(종합!H26),FALSE) | I26: =(K26-J26)/J26 | J26: =IF(COUNTIF(현재가!$A:$A,$B26),VLOOKUP($B26,현재가!$A:$B,2,FALSE),VLOOKUP($B26,현재가!$D:$E,2,FALSE)) | K26: =IFERROR(((L26+M26)*100000000)/Y26,"-") | L26: =IFERROR(T26+U26-V26-W26,"-") | M26: =O26*N26 | N26: =(1-P26)/$E$3 | O26: 4676.95 | P26: 0.34371392 | Q26: 0.49539868 | R26: 0.26132386 | S26: 0.28628393 | T26: 55768.02 | U26: 15138.34 | V26: 73330.596 | W26: 41932.64 | X26: 디스플레이 및 관련부품 | Y26: 357815700
A27: A009540 | B27: 현대중공업 | C27: 연결 | D27: 3Q | E27: =J27*Y27/100000000 | F27: =VLOOKUP($A27,종합!$A:$T,COLUMN(종합!F25),FALSE) | G27: =VLOOKUP($A27,종합!$A:$T,COLUMN(종합!G25),FALSE) | H27: =VLOOKUP($A27,종합!$A:$T,COLUMN(종합!H25),FALSE) | I27: =(K27-J27)/J27 | J27: =IF(COUNTIF(현재가!$A:$A,$B27),VLOOKUP($B27,현재가!$A:$B,2,FALSE),VLOOKUP($B27,현재가!$D:$E,2,FALSE)) | K27: =IFERROR(((L27+M27)*100000000)/Y27,"-") | L27: =IFERROR(T27+U27-V27-W27,"-") | M27: =O27*N27 | N27: =(1-P27)/$E$3 | O27: 12972.7 | P27: 0.12299336 | Q27: 0.11375227 | R27: 0.13294968 | S27: 0.12236041 | T27: 15602.29 | U27: 119565.46 | V27: 1583.304 | W27: 15377.27 | X27: 조선 | Y27: 172557131
A28: A011170 | B28: 롯데케미칼 | C28: 연결 | D28: 3Q | E28: =J28*Y28/100000000 | F28: =VLOOKUP($A28,종합!$A:$T,COLUMN(종합!F28),FALSE) | G28: =VLOOKUP($A28,종합!$A:$T,COLUMN(종합!G28),FALSE) | H28: =VLOOKUP($A28,종합!$A:$T,COLUMN(종합!H28),FALSE) | I28: =(K28-J28)/J28 | J28: =IF(COUNTIF(현재가!$A:$A,$B28),VLOOKUP($B28,현재가!$A:$B,2,FALSE),VLOOKUP($B28,현재가!$D:$E,2,FALSE)) | K28: =IFERROR(((L28+M28)*100000000)/Y28,"-") | L28: =IFERROR(T28+U28-V28-W28,"-") | M28: =O28*N28 | N28: =(1-P28)/$E$3 | O28: 21195.543 | P28: 0.3367488 | Q28: 0.2369706 | R28: 0.48196075 | S28: 0.30302674 | T28: 35719.297 | U28: 24472.218 | V28: 23978.85 | W28: 28827.653 | X28: 화학 | Y28: 34275419
A29: A010130 | B29: 고려아연 | C29: 연결 | D29: 3Q | E29: =J29*Y29/100000000 | F29: =VLOOKUP($A29,종합!$A:$T,COLUMN(종합!F33),FALSE) | G29: =VLOOKUP($A29,종합!$A:$T,COLUMN(종합!G33),FALSE) | H29: =VLOOKUP($A29,종합!$A:$T,COLUMN(종합!H33),FALSE) | I29: =(K29-J29)/J29 | J29: =IF(COUNTIF(현재가!$A:$A,$B29),VLOOKUP($B29,현재가!$A:$B,2,FALSE),VLOOKUP($B29,현재가!$D:$E,2,FALSE)) | K29: =IFERROR(((L29+M29)*100000000)/Y29,"-") | L29: =IFERROR(T29+U29-V29-W29,"-") | M29: =O29*N29 | N29: =(1-P29)/$E$3 | O29: 12060 | P29: 0.24280725 | Q29: 0.25202141 | R29: 0.25342643 | S29: 0.22320916 | T29: 65236.81 | U29: 2161.16 | V29: 54036.924 | W29: 25533.01 | X29: 금속 및 광물 | Y29: 112582792
A30: A035250 | B30: 강원랜드 | C30: 연결 | D30: 3Q | E30: =J30*Y30/100000000 | F30: =VLOOKUP($A30,종합!$A:$T,COLUMN(종합!F29),FALSE) | G30: =VLOOKUP($A30,종합!$A:$T,COLUMN(종합!G29),FALSE) | H30: =VLOOKUP($A30,종합!$A:$T,COLUMN(종합!H29),FALSE) | I30: =(K30-J30)/J30 | J30: =IF(COUNTIF(현재가!$A:$A,$B30),VLOOKUP($B30,현재가!$A:$B,2,FALSE),VLOOKUP($B30,현재가!$D:$E,2,FALSE)) | K30: =IFERROR(((L30+M30)*100000000)/Y30,"-") | L30: =IFERROR(T30+U30-V30-W30,"-") | M30: =O30*N30 | N30: =(1-P30)/$E$3 | O30: 6578.3219 | P30: 0.24992186 | Q30: 0.2398981 | R30: 0.26083336 | S30: 0.24912213 | T30: 29537.732 | U30: 4981.2511 | V30: 4922.9022 | W30: 2967.7876 | X30: 호텔 및 레저 | Y30: 18870000
A31: A066570 | B31: LG전자 | C31: 연결 | D31: 3Q | E31: =J31*Y31/100000000 | F31: =VLOOKUP($A31,종합!$A:$T,COLUMN(종합!F32),FALSE) | G31: =VLOOKUP($A31,종합!$A:$T,COLUMN(종합!G32),FALSE) | H31: =VLOOKUP($A31,종합!$A:$T,COLUMN(종합!H32),FALSE) | I31: =(K31-J31)/J31 | J31: =IF(COUNTIF(현재가!$A:$A,$B31),VLOOKUP($B31,현재가!$A:$B,2,FALSE),VLOOKUP($B31,현재가!$D:$E,2,FALSE)) | K31: =IFERROR(((L31+M31)*100000000)/Y31,"-") | L31: =IFERROR(T31+U31-V31-W31,"-") | M31: =O31*N31 | N31: =(1-P31)/$E$3 | O31: 14808.92 | P31: -3.4697036 | Q31: -10.45892 | R31: 0.20773049 | S31: 0.31863001 | T31: 49195.41 | U31: 35116.85 | V31: 71544.96 | W31: 81963.26 | X31: 내구소비재 | Y31: 261111808
A32: A030200 | B32: KT | C32: 연결 | D32: 3Q | E32: =J32*Y32/100000000 | F32: =VLOOKUP($A32,종합!$A:$T,COLUMN(종합!F31),FALSE) | G32: =VLOOKUP($A32,종합!$A:$T,COLUMN(종합!G31),FALSE) | H32: =VLOOKUP($A32,종합!$A:$T,COLUMN(종합!H31),FALSE) | I32: =(K32-J32)/J32 | J32: =IF(COUNTIF(현재가!$A:$A,$B32),VLOOKUP($B32,현재가!$A:$B,2,FALSE),VLOOKUP($B32,현재가!$D:$E,2,FALSE)) | K32: =IFERROR(((L32+M32)*100000000)/Y32,"-") | L32: =IFERROR(T32+U32-V32-W32,"-") | M32: =O32*N32 | N32: =(1-P32)/$E$3 | O32: 17219.97 | P32: 0.5398647 | Q32: 0.60804961 | R32: 0.44305532 | S32: 0.57349463 | T32: 102231.35 | U32: 78783.64 | V32: 121053.58 | W32: 93455.55 | X32: 무선통신 | Y32: 163647814
A33: A010950 | B33: S-Oil | C33: 연결 | D33: 3Q | E33: =J33*Y33/100000000 | F33: =VLOOKUP($A33,종합!$A:$T,COLUMN(종합!F30),FALSE) | G33: =VLOOKUP($A33,종합!$A:$T,COLUMN(종합!G30),FALSE) | H33: =VLOOKUP($A33,종합!$A:$T,COLUMN(종합!H30),FALSE) | I33: =(K33-J33)/J33 | J33: =IF(COUNTIF(현재가!$A:$A,$B33),VLOOKUP($B33,현재가!$A:$B,2,FALSE),VLOOKUP($B33,현재가!$D:$E,2,FALSE)) | K33: =IFERROR(((L33+M33)*100000000)/Y33,"-") | L33: =IFERROR(T33+U33-V33-W33,"-") | M33: =O33*N33 | N33: =(1-P33)/$E$3 | O33: 6199.7727 | P33: 0.2586362 | Q33: 0.24432092 | R33: 0.2754119 | S33: 0.25637067 | T33: 16624.195 | U33: 7458.9533 | V33: 6487.613 | W33: 290.76483 | X33: 석유 및 가스 | Y33: 213940500
A34: A008930 | B34: 한미사이언스 | C34: 연결 | D34: 3Q | E34: =J34*Y34/100000000 | F34: =VLOOKUP($A34,종합!$A:$T,COLUMN(종합!F42),FALSE) | G34: =VLOOKUP($A34,종합!$A:$T,COLUMN(종합!G42),FALSE) | H34: =VLOOKUP($A34,종합!$A:$T,COLUMN(종합!H42),FALSE) | I34: =(K34-J34)/J34 | J34: =IF(COUNTIF(현재가!$A:$A,$B34),VLOOKUP($B34,현재가!$A:$B,2,FALSE),VLOOKUP($B34,현재가!$D:$E,2,FALSE)) | K34: =IFERROR(((L34+M34)*100000000)/Y34,"-") | L34: =IFERROR(T34+U34-V34-W34,"-") | M34: =O34*N34 | N34: =(1-P34)/$E$3 | O34: 7436.9954 | P34: -2.6432947 | Q34: 0.33204948 | R34: 0.4288253 | S34: -3.3315615 | T34: 152607.57 | U34: 53890.041 | V34: 71362.683 | W34: 111844.43 | X34: 제약 | Y34: 31490892
A35: A006400 | B35: 삼성SDI | C35: 연결 | D35: 3Q | E35: =J35*Y35/100000000 | F35: =VLOOKUP($A35,종합!$A:$T,COLUMN(종합!F37),FALSE) | G35: =VLOOKUP($A35,종합!$A:$T,COLUMN(종합!G37),FALSE) | H35: =VLOOKUP($A35,종합!$A:$T,COLUMN(종합!H37),FALSE) | I35: =(K35-J35)/J35 | J35: =IF(COUNTIF(현재가!$A:$A,$B35),VLOOKUP($B35,현재가!$A:$B,2,FALSE),VLOOKUP($B35,현재가!$D:$E,2,FALSE)) | K35: =IFERROR(((L35+M35)*100000000)/Y35,"-") | L35: =IFERROR(T35+U35-V35-W35,"-") | M35: =O35*N35 | N35: =(1-P35)/$E$3 | O35: 3709.9927 | P35: 0.24827991 | Q35: 0.25085109 | R35: 0.24899691 | S35: 0.24499889 | T35: 4501.7572 | U35: 3503.1143 | V35: 7396.7928 | W35: 663.66106 | X35: 전자 장비 및 기기 | Y35: 76380513
A36: A047810 | B36: 한국항공우주 | C36: 연결 | D36: 3Q | E36: =J36*Y36/100000000 | F36: =VLOOKUP($A36,종합!$A:$T,COLUMN(종합!F40),FALSE) | G36: =VLOOKUP($A36,종합!$A:$T,COLUMN(종합!G40),FALSE) | H36: =VLOOKUP($A36,종합!$A:$T,COLUMN(종합!H40),FALSE) | I36: =(K36-J36)/J36 | J36: =IF(COUNTIF(현재가!$A:$A,$B36),VLOOKUP($B36,현재가!$A:$B,2,FALSE),VLOOKUP($B36,현재가!$D:$E,2,FALSE)) | K36: =IFERROR(((L36+M36)*100000000)/Y36,"-") | L36: =IFERROR(T36+U36-V36-W36,"-") | M36: =O36*N36 | N36: =(1-P36)/$E$3 | O36: 11031.776 | P36: 0.24246219 | Q36: 0.25730007 | R36: 0.2525979 | S36: 0.21786437 | T36: 23005.815 | U36: 14888.061 | V36: 17943.875 | W36: 13197.792 | X36: 상업서비스 | Y36: 123875069
A37: A021240 | B37: 코웨이 | C37: 연결 | D37: 3Q | E37: =J37*Y37/100000000 | F37: =VLOOKUP($A37,종합!$A:$T,COLUMN(종합!F36),FALSE) | G37: =VLOOKUP($A37,종합!$A:$T,COLUMN(종합!G36),FALSE) | H37: =VLOOKUP($A37,종합!$A:$T,COLUMN(종합!H36),FALSE) | I37: =(K37-J37)/J37 | J37: =IF(COUNTIF(현재가!$A:$A,$B37),VLOOKUP($B37,현재가!$A:$B,2,FALSE),VLOOKUP($B37,현재가!$D:$E,2,FALSE)) | K37: =IFERROR(((L37+M37)*100000000)/Y37,"-") | L37: =IFERROR(T37+U37-V37-W37,"-") | M37: =O37*N37 | N37: =(1-P37)/$E$3 | O37: 3428.5582 | P37: 0.15426086 | Q37: 0.0200716 | R37: 0.21034987 | S37: 0.24557628 | T37: 7148.3964 | U37: 1882.8528 | V37: 12074.458 | W37: 6446.2302 | X37: 내구소비재 | Y37: 97475107
A38: A004020 | B38: 현대제철 | C38: 연결 | D38: 3Q | E38: =J38*Y38/100000000 | F38: =VLOOKUP($A38,종합!$A:$T,COLUMN(종합!F38),FALSE) | G38: =VLOOKUP($A38,종합!$A:$T,COLUMN(종합!G38),FALSE) | H38: =VLOOKUP($A38,종합!$A:$T,COLUMN(종합!H38),FALSE) | I38: =(K38-J38)/J38 | J38: =IF(COUNTIF(현재가!$A:$A,$B38),VLOOKUP($B38,현재가!$A:$B,2,FALSE),VLOOKUP($B38,현재가!$D:$E,2,FALSE)) | K38: =IFERROR(((L38+M38)*100000000)/Y38,"-") | L38: =IFERROR(T38+U38-V38-W38,"-") | M38: =O38*N38 | N38: =(1-P38)/$E$3 | O38: 14178.109 | P38: 0.19187558 | Q38: 0.093268044 | R38: 0.28801403 | S38: 0.20239046 | T38: 42849.417 | U38: 21796.963 | V38: 66327.309 | W38: 92256.287 | X38: 금속 및 광물 | Y38: 133445785
A39: A128940 | B39: 한미약품 | C39: 연결 | D39: 3Q | E39: =J39*Y39/100000000 | F39: =VLOOKUP($A39,종합!$A:$T,COLUMN(종합!F41),FALSE) | G39: =VLOOKUP($A39,종합!$A:$T,COLUMN(종합!G41),FALSE) | H39: =VLOOKUP($A39,종합!$A:$T,COLUMN(종합!H41),FALSE) | I39: =(K39-J39)/J39 | J39: =IF(COUNTIF(현재가!$A:$A,$B39),VLOOKUP($B39,현재가!$A:$B,2,FALSE),VLOOKUP($B39,현재가!$D:$E,2,FALSE)) | K39: =IFERROR(((L39+M39)*100000000)/Y39,"-") | L39: =IFERROR(T39+U39-V39-W39,"-") | M39: =O39*N39 | N39: =(1-P39)/$E$3 | O39: 7586.1132 | P39: 0.30749955 | Q39: 0.31478578 | R39: 0.24623714 | S39: 0.36417147 | T39: 19926.883 | U39: 8216.0292 | V39: 26089.641 | W39: 17311.608 | X39: 제약 | Y39: 37500000
A40: A161390 | B40: 한국타이어앤테크놀로지 | C40: 연결 | D40: 3Q | E40: =J40*Y40/100000000 | F40: =VLOOKUP($A40,종합!$A:$T,COLUMN(종합!F35),FALSE) | G40: =VLOOKUP($A40,종합!$A:$T,COLUMN(종합!G35),FALSE) | H40: =VLOOKUP($A40,종합!$A:$T,COLUMN(종합!H35),FALSE) | I40: =(K40-J40)/J40 | J40: =IF(COUNTIF(현재가!$A:$A,$B40),VLOOKUP($B40,현재가!$A:$B,2,FALSE),VLOOKUP($B40,현재가!$D:$E,2,FALSE)) | K40: =IFERROR(((L40+M40)*100000000)/Y40,"-") | L40: =IFERROR(T40+U40-V40-W40,"-") | M40: =O40*N40 | N40: =(1-P40)/$E$3 | O40: -7880.7746 | P40: 0.26030034 | Q40: 0.20553162 | R40: 0.23699575 | S40: 0.3423796 | T40: 35027.631 | U40: 73903.263 | V40: 23466.048 | W40: 18185.65 | X40: 자동차부품 | Y40: 68764530
A41: A086280 | B41: 현대글로비스 | C41: 연결 | D41: 3Q | E41: =J41*Y41/100000000 | F41: =VLOOKUP($A41,종합!$A:$T,COLUMN(종합!F46),FALSE) | G41: =VLOOKUP($A41,종합!$A:$T,COLUMN(종합!G46),FALSE) | H41: =VLOOKUP($A41,종합!$A:$T,COLUMN(종합!H46),FALSE) | I41: =(K41-J41)/J41 | J41: =IF(COUNTIF(현재가!$A:$A,$B41),VLOOKUP($B41,현재가!$A:$B,2,FALSE),VLOOKUP($B41,현재가!$D:$E,2,FALSE)) | K41: =IFERROR(((L41+M41)*100000000)/Y41,"-") | L41: =IFERROR(T41+U41-V41-W41,"-") | M41: =O41*N41 | N41: =(1-P41)/$E$3 | O41: 3019.6096 | P41: 0.26084854 | Q41: 0.26605307 | R41: 0.21276073 | S41: 0.30545444 | T41: 9370.583 | U41: 9203.9117 | V41: 1602.0439 | W41: 2526.8018 | X41: 육상운수 | Y41: 21929022
A42: A023530 | B42: 롯데쇼핑 | C42: 연결 | D42: 3Q | E42: =J42*Y42/100000000 | F42: =VLOOKUP($A42,종합!$A:$T,COLUMN(종합!F43),FALSE) | G42: =VLOOKUP($A42,종합!$A:$T,COLUMN(종합!G43),FALSE) | H42: =VLOOKUP($A42,종합!$A:$T,COLUMN(종합!H43),FALSE) | I42: =(K42-J42)/J42 | J42: =IF(COUNTIF(현재가!$A:$A,$B42),VLOOKUP($B42,현재가!$A:$B,2,FALSE),VLOOKUP($B42,현재가!$D:$E,2,FALSE)) | K42: =IFERROR(((L42+M42)*100000000)/Y42,"-") | L42: =IFERROR(T42+U42-V42-W42,"-") | M42: =O42*N42 | N42: =(1-P42)/$E$3 | O42: 4271.2418 | P42: 0.24148838 | Q42: 0.21323408 | R42: 0.21699133 | S42: 0.2959728 | T42: 10913.881 | U42: 1953.9746 | V42: 5771.6757 | W42: 5433.8897 | X42: 백화점 | Y42: 533800000
A43: A018880 | B43: 한온시스템 | C43: 연결 | D43: 3Q | E43: =J43*Y43/100000000 | F43: =VLOOKUP($A43,종합!$A:$T,COLUMN(종합!F34),FALSE) | G43: =VLOOKUP($A43,종합!$A:$T,COLUMN(종합!G34),FALSE) | H43: =VLOOKUP($A43,종합!$A:$T,COLUMN(종합!H34),FALSE) | I43: =(K43-J43)/J43 | J43: =IF(COUNTIF(현재가!$A:$A,$B43),VLOOKUP($B43,현재가!$A:$B,2,FALSE),VLOOKUP($B43,현재가!$D:$E,2,FALSE)) | K43: =IFERROR(((L43+M43)*100000000)/Y43,"-") | L43: =IFERROR(T43+U43-V43-W43,"-") | M43: =O43*N43 | N43: =(1-P43)/$E$3 | O43: 1350.0285 | P43: 0.03610866 | Q43: 0.081495154 | R43: -0.17112022 | S43: 0.2407943 | T43: 1973.3436 | U43: 6081.8911 | V43: 811.88627 | W43: 144.21428 | X43: 자동차부품 | Y43: 58290309
A44: A035720 | B44: 카카오 | C44: 연결 | D44: 3Q | E44: =J44*Y44/100000000 | F44: =VLOOKUP($A44,종합!$A:$T,COLUMN(종합!F44),FALSE) | G44: =VLOOKUP($A44,종합!$A:$T,COLUMN(종합!G44),FALSE) | H44: =VLOOKUP($A44,종합!$A:$T,COLUMN(종합!H44),FALSE) | I44: =(K44-J44)/J44 | J44: =IF(COUNTIF(현재가!$A:$A,$B44),VLOOKUP($B44,현재가!$A:$B,2,FALSE),VLOOKUP($B44,현재가!$D:$E,2,FALSE)) | K44: =IFERROR(((L44+M44)*100000000)/Y44,"-") | L44: =IFERROR(T44+U44-V44-W44,"-") | M44: =O44*N44 | N44: =(1-P44)/$E$3 | O44: 985.83374 | P44: 0.11886958 | Q44: -0.017196901 | R44: 0.11258489 | S44: 0.2809693 | T44: 8516.0806 | U44: 2294.1938 | V44: 6274.9173 | W44: 9894.8862 | X44: 인터넷 서비스 | Y44: 67615715
A45: A001040 | B45: CJ | C45: 연결 | D45: 3Q | E45: =J45*Y45/100000000 | F45: =VLOOKUP($A45,종합!$A:$T,COLUMN(종합!F45),FALSE) | G45: =VLOOKUP($A45,종합!$A:$T,COLUMN(종합!G45),FALSE) | H45: =VLOOKUP($A45,종합!$A:$T,COLUMN(종합!H45),FALSE) | I45: =(K45-J45)/J45 | J45: =IF(COUNTIF(현재가!$A:$A,$B45),VLOOKUP($B45,현재가!$A:$B,2,FALSE),VLOOKUP($B45,현재가!$D:$E,2,FALSE)) | K45: =IFERROR(((L45+M45)*100000000)/Y45,"-") | L45: =IFERROR(T45+U45-V45-W45,"-") | M45: =O45*N45 | N45: =(1-P45)/$E$3 | O45: 12805.838 | P45: 0.28639297 | Q45: 0.25022014 | R45: 0.3620711 | S45: 0.25007106 | T45: 44354.025 | U45: 30543.34 | V45: 1973.4152 | W45: 72928.444 | X45: 식료품 | Y45: 29176998
A46: A036570 | B46: 엔씨소프트 | C46: 연결 | D46: 3Q | E46: =J46*Y46/100000000 | F46: =VLOOKUP($A46,종합!$A:$T,COLUMN(종합!F50),FALSE) | G46: =VLOOKUP($A46,종합!$A:$T,COLUMN(종합!G50),FALSE) | H46: =VLOOKUP($A46,종합!$A:$T,COLUMN(종합!H50),FALSE) | I46: =(K46-J46)/J46 | J46: =IF(COUNTIF(현재가!$A:$A,$B46),VLOOKUP($B46,현재가!$A:$B,2,FALSE),VLOOKUP($B46,현재가!$D:$E,2,FALSE)) | K46: =IFERROR(((L46+M46)*100000000)/Y46,"-") | L46: =IFERROR(T46+U46-V46-W46,"-") | M46: =O46*N46 | N46: =(1-P46)/$E$3 | O46: 6752.04 | P46: 0.23145257 | Q46: 0.16289944 | R46: 0.28862752 | S46: 0.24618782 | T46: 8915.85 | U46: 11232.55 | V46: 41862.936 | W46: 35699.84 | X46: 게임 소프트웨어 | Y46: 436611361
A47: A001800 | B47: 오리온 | C47: 연결 | D47: 3Q | E47: =J47*Y47/100000000 | F47: =VLOOKUP($A47,종합!$A:$T,COLUMN(종합!F51),FALSE) | G47: =VLOOKUP($A47,종합!$A:$T,COLUMN(종합!G51),FALSE) | H47: =VLOOKUP($A47,종합!$A:$T,COLUMN(종합!H51),FALSE) | I47: =(K47-J47)/J47 | J47: =IF(COUNTIF(현재가!$A:$A,$B47),VLOOKUP($B47,현재가!$A:$B,2,FALSE),VLOOKUP($B47,현재가!$D:$E,2,FALSE)) | K47: =IFERROR(((L47+M47)*100000000)/Y47,"-") | L47: =IFERROR(T47+U47-V47-W47,"-") | M47: =O47*N47 | N47: =(1-P47)/$E$3 | O47: 6752.04 | P47: 0.23145257 | Q47: 0.16289944 | R47: 0.28862752 | S47: 0.24618782 | T47: 8915.85 | U47: 11232.55 | V47: 41862.936 | W47: 35699.84 | X47: 식료품
A48: A027410 | B48: BGF리테일 | C48: 연결 | D48: 3Q | E48: =J48*Y48/100000000 | F48: =VLOOKUP($A48,종합!$A:$T,COLUMN(종합!F52),FALSE) | G48: =VLOOKUP($A48,종합!$A:$T,COLUMN(종합!G52),FALSE) | H48: =VLOOKUP($A48,종합!$A:$T,COLUMN(종합!H52),FALSE) | I48: =(K48-J48)/J48 | J48: =IF(COUNTIF(현재가!$A:$A,$B48),VLOOKUP($B48,현재가!$A:$B,2,FALSE),VLOOKUP($B48,현재가!$D:$E,2,FALSE)) | K48: =IFERROR(((L48+M48)*100000000)/Y48,"-") | L48: =IFERROR(T48+U48-V48-W48,"-") | M48: =O48*N48 | N48: =(1-P48)/$E$3 | O48: 6752.04 | P48: 0.23145257 | Q48: 0.16289944 | R48: 0.28862752 | S48: 0.24618782 | T48: 8915.85 | U48: 11232.55 | V48: 41862.936 | W48: 35699.84 | X48: 도소매
A49: A097950 | B49: CJ제일제당 | C49: 연결 | D49: 3Q | E49: =J49*Y49/100000000 | F49: =VLOOKUP($A49,종합!$A:$T,COLUMN(종합!F53),FALSE) | G49: =VLOOKUP($A49,종합!$A:$T,COLUMN(종합!G53),FALSE) | H49: =VLOOKUP($A49,종합!$A:$T,COLUMN(종합!H53),FALSE) | I49: =(K49-J49)/J49 | J49: =IF(COUNTIF(현재가!$A:$A,$B49),VLOOKUP($B49,현재가!$A:$B,2,FALSE),VLOOKUP($B49,현재가!$D:$E,2,FALSE)) | K49: =IFERROR(((L49+M49)*100000000)/Y49,"-") | L49: =IFERROR(T49+U49-V49-W49,"-") | M49: =O49*N49 | N49: =(1-P49)/$E$3 | O49: 6752.04 | P49: 0.23145257 | Q49: 0.16289944 | R49: 0.28862752 | S49: 0.24618782 | T49: 8915.85 | U49: 11232.55 | V49: 41862.936 | W49: 35699.84 | X49: 식료품
A50: A032640 | B50: LG유플러스 | C50: 연결 | D50: 3Q | E50: =J50*Y50/100000000 | F50: =VLOOKUP($A50,종합!$A:$T,COLUMN(종합!F54),FALSE) | G50: =VLOOKUP($A50,종합!$A:$T,COLUMN(종합!G54),FALSE) | H50: =VLOOKUP($A50,종합!$A:$T,COLUMN(종합!H54),FALSE) | I50: =(K50-J50)/J50 | J50: =IF(COUNTIF(현재가!$A:$A,$B50),VLOOKUP($B50,현재가!$A:$B,2,FALSE),VLOOKUP($B50,현재가!$D:$E,2,FALSE)) | K50: =IFERROR(((L50+M50)*100000000)/Y50,"-") | L50: =IFERROR(T50+U50-V50-W50,"-") | M50: =O50*N50 | N50: =(1-P50)/$E$3 | O50: 6752.04 | P50: 0.23145257 | Q50: 0.16289944 | R50: 0.28862752 | S50: 0.24618782 | T50: 8915.85 | U50: 11232.55 | V50: 41862.936 | W50: 35699.84 | X50: 무선통신

Sheet RIM (개별)
A1: * V=수정BPS+(수정EPS-r*BPS) / r | K1: 입력H
A2: 종목 | C2: 재무 | D2: 실적 | E2: 시가총액 | F2: 기대수익율 | G2: 주가 | H2: V | I2: 자산가치 | J2: 수익가치 | K2: 할인율 | L2: ROE평균 | M2: 유보율 | N2: 성장율 | O2: 순보통주 | P2: 수정BPS | Q2: BPS | R2: EPS | S2: DPS평균 | T2: ROA평균 | U2: 총자산 | V2: 추정순이익 | W2: 자본총계 | X2: 무형자산 | Y2: 업종 | Z2: 매출액 | AA2: 매출채권 | AB2: 재고자산
A3: 삼성전자 | C3: 개별 | D3: 3Q | E3: =VLOOKUP($A$3,$B:$AR,COLUMN(E10)-1,FALSE) | F3: =IFERROR(H3/G3-1,"-") | G3: =VLOOKUP($A$3,$B:$AR,COLUMN(G10)-1,FALSE) | H3: =IFERROR(P3+((R3-(K3*Q3))/K3),"-") | I3: =P3 | J3: =(R3-K3*Q3)/K3 | K3: 0.08 | L3: =VLOOKUP($A3,$B:$AA,COLUMN(L10)-1,FALSE) | M3: =VLOOKUP($A3,$B:$AA,COLUMN(M10)-1,FALSE) | N3: =VLOOKUP($A3,$B:$AA,COLUMN(N10)-1,FALSE) | O3: =VLOOKUP($A3,$B:$AA,COLUMN(O10)-1,FALSE)+Y6 | P3: =IFERROR(((W3-X3-U6-V6+W6-X6)*100000000)/O3,"-") | Q3: =VLOOKUP($A3,$B:$AA,COLUMN(Q10)-1,FALSE) | R3: =VLOOKUP($A3,$B:$AA,COLUMN(R10)-1,FALSE) | S3: =VLOOKUP($A3,$B:$AA,COLUMN(S10)-1,FALSE) | T3: =VLOOKUP($A3,$B:$AA,COLUMN(T10)-1,FALSE) | U3: =VLOOKUP($A3,$B:$AA,COLUMN(U10)-1,FALSE) | V3: =VLOOKUP($A3,$B:$AA,COLUMN(V10)-1,FALSE) | W3: =VLOOKUP($A3,$B:$AA,COLUMN(W10)-1,FALSE) | X3: =VLOOKUP($A3,$B:$AA,COLUMN(X10)-1,FALSE) | ... AA3: =VLOOKUP($A3,$B:$AA,COLUMN(AA10)-1,FALSE) | AB3: =VLOOKUP($A3,$B:$AB,COLUMN(AB10)-1,FALSE)
C4: 연결 | D4: 3Q | E4: =E3 | F4: =IFERROR(H4/G4-1,"-") | G4: =G3 | H4: ='RIM (연결)'!H3 | I4: ='RIM (연결)'!I3 | J4: ='RIM (연결)'!J3 | K4: =K3 | L4: ='RIM (연결)'!L3 | M4: ='RIM (연결)'!M3 | N4: ='RIM (연결)'!N3 | O4: =O3 | P4: ='RIM (연결)'!P3 | Q4: ='RIM (연결)'!Q3 | R4: ='RIM (연결)'!R3 | S4: ='RIM (연결)'!S3 | T4: ='RIM (연결)'!T3 | U4: ='RIM (연결)'!U3 | V4: ='RIM (연결)'!V3 | W4: ='RIM (연결)'!W3 | X4: ='RIM (연결)'!X3 | Z4: ='RIM (연결)'!Z3 | AA4: ='RIM (연결)'!AA3 | AB4: ='RIM (연결)'!AB3
T5: 자본조정 | U5: 매출채권 | V5: 재고자산 | W5: 투자자산 | X5: 잠재부채 | Y5: 잠재주식
T6: =X3+X6+U6+V6+W6 | U6: 0 | V6: 0 | W6: 0 | X6: 0 | Y6: 0 | Z6: E 입력
T7: =X4+U7+V7+W7+X7 | U7: ='RIM (연결)'!U5 | V7: ='RIM (연결)'!V5 | W7: ='RIM (연결)'!W5 | X7: ='RIM (연결)'!X5
K8: 입력H | L8: (개별)
A9: CODE | B9: 종목 | C9: 재무 | D9: 실적 | E9: 시가총액 (억) | F9: 기대수익율 | G9: 주가 (원) | H9: V (원) | I9: 자산가치 (원) | J9: 수익가치 (원) | K9: 할인율 | L9: ROE평균 | M9: 유보율 | N9: 성장율 | O9: 순보통주 | P9: 수정 BPS | Q9: BPS | R9: EPS | S9: DPS평균 | T9: ROA평균 | U9: 총자산 | V9: 추정순이익 | W9: 자본총계 | X9: 무형자산 | Y9: 업종 | Z9: 매출액 | AA9: 매출채권 | AB9: 재고자산
A10: A005930 | B10: 삼성전자 | C10: 개별 | D10: 3Q | E10: =VLOOKUP($A10,종합!$A:$T,COLUMN(종합!E6),FALSE) | F10: =H10/G10-1 | G10: =IF(COUNTIF(현재가!$A:$A,$B10),VLOOKUP($B10,현재가!$A:$B,2,FALSE),VLOOKUP($B10,현재가!$D:$E,2,FALSE)) | H10: =IFERROR(P10+((R10-(K10*Q10))/K10),"-") | I10: =IFERROR(P10,"-") | J10: =IFERROR((R10-K10*Q10)/K10,"-") | K10: =$K$3 | L10: 0.12336014 | M10: =IFERROR(IF(S10/R10<0,0,1-(S10/R10)),"-") | N10: =IFERROR(M10*L10,"-") | O10: 142221078 | P10: =IFERROR(((W10-X10)*100000000)/O10,"-") | Q10: =IFERROR((W10*100000000)/O10,"-") | R10: =IFERROR((V10*100000000)/O10,"-") | S10: 13760 | T10: 0.096847362 | U10: 1650015.7 | V10: =IFERROR(T10*U10,"-") | W10: 1319066.5 | X10: 30094.84 | Y10: 휴대폰 및 관련부품 | Z10: 1337788.5 | AA10: 231771.03 | AB10: 58088.05
A11: A015760 | B11: 한국전력 | C11: 개별 | D11: 3Q | E11: =VLOOKUP($A11,종합!$A:$T,COLUMN(종합!E7),FALSE) | F11: =H11/G11-1 | G11: =IF(COUNTIF(현재가!$A:$A,$B11),VLOOKUP($B11,현재가!$A:$B,2,FALSE),VLOOKUP($B11,현재가!$D:$E,2,FALSE)) | H11: =IFERROR(P11+((R11-(K11*Q11))/K11),"-") | I11: =IFERROR(P11,"-") | J11: =IFERROR((R11-K11*Q11)/K11,"-") | K11: =$K$3 | L11: 0.025174557 | M11: =IFERROR(IF(S11/R11<0,0,1-(S11/R11)),"-") | N11: =IFERROR(M11*L11,"-") | O11: 641964077 | P11: =IFERROR(((W11-X11)*100000000)/O11,"-") | Q11: =IFERROR((W11*100000000)/O11,"-") | R11: =IFERROR((V11*100000000)/O11,"-") | S11: 1230 | T11: 0.013285047 | U11: 1043948 | V11: =IFERROR(T11*U11,"-") | W11: 556007.76 | X11: 692.53 | Y11: 전력 | Z11: 595812.85 | AA11: 55945.92 | AB11: 1656.17
A12: A005380 | B12: 현대차 | C12: 개별 | D12: 3Q | E12: =VLOOKUP($A12,종합!$A:$T,COLUMN(종합!E8),FALSE) | F12: =H12/G12-1 | G12: =IF(COUNTIF(현재가!$A:$A,$B12),VLOOKUP($B12,현재가!$A:$B,2,FALSE),VLOOKUP($B12,현재가!$D:$E,2,FALSE)) | H12: =IFERROR(P12+((R12-(K12*Q12))/K12),"-") | I12: =IFERROR(P12,"-") | J12: =IFERROR((R12-K12*Q12)/K12,"-") | K12: =$K$3 | L12: 0.078385501 | M12: =IFERROR(IF(S12/R12<0,0,1-(S12/R12)),"-") | N12: =IFERROR(M12*L12,"-") | O12: 169783683 | P12: =IFERROR(((W12-X12)*100000000)/O12,"-") | Q12: =IFERROR((W12*100000000)/O12,"-") | R12: =IFERROR((V12*100000000)/O12,"-") | S12: 500 | T12: 0.042819161 | U12: 330086.15 | V12: =IFERROR(T12*U12,"-") | W12: 166887.53 | X12: 6103.3785 | Y12: 복합 산업 | Z12: 193038.33 | AA12: 48581.525 | AB12: 7419.2104
A13: A028260 | B13: 삼성물산 | C13: 개별 | D13: 3Q | E13: =VLOOKUP($A13,종합!$A:$T,COLUMN(종합!E9),FALSE) | F13: =H13/G13-1 | G13: =IF(COUNTIF(현재가!$A:$A,$B13),VLOOKUP($B13,현재가!$A:$B,2,FALSE),VLOOKUP($B13,현재가!$D:$E,2,FALSE)) | H13: =IFERROR(P13+((R13-(K13*Q13))/K13),"-") | I13: =IFERROR(P13,"-") | J13: =IFERROR((R13-K13*Q13)/K13,"-") | K13: =$K$3 | L13: 0.1178153 | M13: =IFERROR(IF(S13/R13<0,0,1-(S13/R13)),"-") | N13: =IFERROR(M13*L13,"-") | O13: 706001795 | P13: =IFERROR(((W13-X13)*100000000)/O13,"-") | Q13: =IFERROR((W13*100000000)/O13,"-") | R13: =IFERROR((V13*100000000)/O13,"-") | S13: 400 | T13: 0.081337314 | U13: 286368.17 | V13: =IFERROR(T13*U13,"-") | W13: 215012.87 | X13: 14333.68 | Y13: 반도체 및 관련장비 | Z13: 158646.41 | AA13: 20369.5 | AB13: 16949.17
A14: A035420 | B14: NAVER | C14: 개별 | D14: 3Q | E14: =VLOOKUP($A14,종합!$A:$T,COLUMN(종합!E10),FALSE) | F14: =H14/G14-1 | G14: =IF(COUNTIF(현재가!$A:$A,$B14),VLOOKUP($B14,현재가!$A:$B,2,FALSE),VLOOKUP($B14,현재가!$D:$E,2,FALSE)) | H14: =IFERROR(P14+((R14-(K14*Q14))/K14),"-") | I14: =IFERROR(P14,"-") | J14: =IFERROR((R14-K14*Q14)/K14,"-") | K14: =$K$3 | L14: 0.12762692 | M14: =IFERROR(IF(S14/R14<0,0,1-(S14/R14)),"-") | N14: =IFERROR(M14*L14,"-") | O14: 272256111 | P14: =IFERROR(((W14-X14)*100000000)/O14,"-") | Q14: =IFERROR((W14*100000000)/O14,"-") | R14: =IFERROR((V14*100000000)/O14,"-") | S14: 2520 | T14: 0.089697699 | U14: 657037.55 | V14: =IFERROR(T14*U14,"-") | W14: 520206.82 | X14: 32750.81 | Y14: 자동차 | Z14: 420152.8 | AA14: 31743.41 | AB14: 23116.49
A15: A012330 | B15: 현대모비스 | C15: 개별 | D15: 3Q | E15: =VLOOKUP($A15,종합!$A:$T,COLUMN(종합!E11),FALSE) | F15: =H15/G15-1 | G15: =IF(COUNTIF(현재가!$A:$A,$B15),VLOOKUP($B15,현재가!$A:$B,2,FALSE),VLOOKUP($B15,현재가!$D:$E,2,FALSE)) | H15: =IFERROR(P15+((R15-(K15*Q15))/K15),"-") | I15: =IFERROR(P15,"-") | J15: =IFERROR((R15-K15*Q15)/K15,"-") | K15: =$K$3 | L15: 0.40690972 | M15: =IFERROR(IF(S15/R15<0,0,1-(S15/R15)),"-") | N15: =IFERROR(M15*L15,"-") | O15: 28807413 | P15: =IFERROR(((W15-X15)*100000000)/O15,"-") | Q15: =IFERROR((W15*100000000)/O15,"-") | R15: =IFERROR((V15*100000000)/O15,"-") | S15: 753.6 | T15: 0.3042621 | U15: 38493.507 | V15: =IFERROR(T15*U15,"-") | W15: 28455.771 | X15: 388.8125 | Y15: 인터넷 서비스 | Z15: 23986.806 | AA15: 3342.7861 | AB15: 9.00171
A16: A000660 | B16: SK하이닉스 | C16: 개별 | D16: 3Q | E16: =VLOOKUP($A16,종합!$A:$T,COLUMN(종합!E12),FALSE) | F16: =H16/G16-1 | G16: =IF(COUNTIF(현재가!$A:$A,$B16),VLOOKUP($B16,현재가!$A:$B,2,FALSE),VLOOKUP($B16,현재가!$D:$E,2,FALSE)) | H16: =IFERROR(P16+((R16-(K16*Q16))/K16),"-") | I16: =IFERROR(P16,"-") | J16: =IFERROR((R16-K16*Q16)/K16,"-") | K16: =$K$3 | L16: 0.13889757 | M16: =IFERROR(IF(S16/R16<0,0,1-(S16/R16)),"-") | N16: =IFERROR(M16*L16,"-") | O16: 94700668 | P16: =IFERROR(((W16-X16)*100000000)/O16,"-") | Q16: =IFERROR((W16*100000000)/O16,"-") | R16: =IFERROR((V16*100000000)/O16,"-") | S16: 2420 | T16: 0.10336482 | U16: 239363.53 | V16: =IFERROR(T16*U16,"-") | W16: 195758.58 | X16: 7568.74 | Y16: 자동차부품 | Z16: 195633.18 | AA16: 34934.03 | AB16: 11031.24
A17: A090430 | B17: 아모레퍼시픽 | C17: 개별 | D17: 3Q | E17: =VLOOKUP($A17,종합!$A:$T,COLUMN(종합!E13),FALSE) | F17: =H17/G17-1 | G17: =IF(COUNTIF(현재가!$A:$A,$B17),VLOOKUP($B17,현재가!$A:$B,2,FALSE),VLOOKUP($B17,현재가!$D:$E,2,FALSE)) | H17: =IFERROR(P17+((R17-(K17*Q17))/K17),"-") | I17: =IFERROR(P17,"-") | J17: =IFERROR((R17-K17*Q17)/K17,"-") | K17: =$K$3 | L17: 0.14692413 | M17: =IFERROR(IF(S17/R17<0,0,1-(S17/R17)),"-") | N17: =IFERROR(M17*L17,"-") | O17: 68983279 | P17: =IFERROR(((W17-X17)*100000000)/O17,"-") | Q17: =IFERROR((W17*100000000)/O17,"-") | R17: =IFERROR((V17*100000000)/O17,"-") | S17: 840 | T17: 0.1196978 | U17: 45606.211 | V17: =IFERROR(T17*U17,"-") | W17: 37425.908 | X17: 1694.9216 | Y17: 개인생활용품 | Z17: 42710.703 | AA17: 4120.8983 | AB17: 2314.5511
A18: A005490 | B18: POSCO | C18: 개별 | D18: 3Q | E18: =VLOOKUP($A18,종합!$A:$T,COLUMN(종합!E14),FALSE) | F18: =H18/G18-1 | G18: =IF(COUNTIF(현재가!$A:$A,$B18),VLOOKUP($B18,현재가!$A:$B,2,FALSE),VLOOKUP($B18,현재가!$D:$E,2,FALSE)) | H18: =IFERROR(P18+((R18-(K18*Q18))/K18),"-") | I18: =IFERROR(P18,"-") | J18: =IFERROR((R18-K18*Q18)/K18,"-") | K18: =$K$3 | L18: 0.04836263 | M18: =IFERROR(IF(S18/R18<0,0,1-(S18/R18)),"-") | N18: =IFERROR(M18*L18,"-") | O18: 79997665 | P18: =IFERROR(((W18-X18)*100000000)/O18,"-") | Q18: =IFERROR((W18*100000000)/O18,"-") | R18: =IFERROR((V18*100000000)/O18,"-") | S18: 8400 | T18: 0.036876909 | U18: 512431.25 | V18: =IFERROR(T18*U18,"-") | W18: 438255.21 | X18: 4855.9779 | Y18: 금속 및 광물 | Z18: 238285.54 | AA18: 28772.513 | AB18: 33111.119
A19: A017670 | B19: SK텔레콤 | C19: 개별 | D19: 3Q | E19: =VLOOKUP($A19,종합!$A:$T,COLUMN(종합!E15),FALSE) | F19: =H19/G19-1 | G19: =IF(COUNTIF(현재가!$A:$A,$B19),VLOOKUP($B19,현재가!$A:$B,2,FALSE),VLOOKUP($B19,현재가!$D:$E,2,FALSE)) | H19: =IFERROR(P19+((R19-(K19*Q19))/K19),"-") | I19: =IFERROR(P19,"-") | J19: =IFERROR((R19-K19*Q19)/K19,"-") | K19: =$K$3 | L19: 0.094627853 | M19: =IFERROR(IF(S19/R19<0,0,1-(S19/R19)),"-") | N19: =IFERROR(M19*L19,"-") | O19: 70609160 | P19: =IFERROR(((W19-X19)*100000000)/O19,"-") | Q19: =IFERROR((W19*100000000)/O19,"-") | R19: =IFERROR((V19*100000000)/O19,"-") | S19: 9520 | T19: 0.055246503 | U19: 242476.22 | V19: =IFERROR(T19*U19,"-") | W19: 140980.32 | X19: 40372.44 | Y19: 무선통신 | Z19: 124300.19 | AA19: 23541.67 | AB19: 352.75
A20: A051910 | B20: LG화학 | C20: 개별 | D20: 3Q | E20: =VLOOKUP($A20,종합!$A:$T,COLUMN(종합!E16),FALSE) | F20: =H20/G20-1 | G20: =IF(COUNTIF(현재가!$A:$A,$B20),VLOOKUP($B20,현재가!$A:$B,2,FALSE),VLOOKUP($B20,현재가!$D:$E,2,FALSE)) | H20: =IFERROR(P20+((R20-(K20*Q20))/K20),"-") | I20: =IFERROR(P20,"-") | J20: =IFERROR((R20-K20*Q20)/K20,"-") | K20: =$K$3 | L20: 0.14131921 | M20: =IFERROR(IF(S20/R20<0,0,1-(S20/R20)),"-") | N20: =IFERROR(M20*L20,"-") | O20: 400931263 | P20: =IFERROR(((W20-X20)*100000000)/O20,"-") | Q20: =IFERROR((W20*100000000)/O20,"-") | R20: =IFERROR((V20*100000000)/O20,"-") | S20: 810 | T20: 0.085409793 | U20: 341822.77 | V20: =IFERROR(T20*U20,"-") | W20: 219764.38 | X20: 21348.48 | Y20: 자동차 | Z20: 319744.33 | AA20: 28941.47 | AB20: 13343.52
A21: A000270 | B21: 기아 | C21: 개별 | D21: 3Q | E21: =VLOOKUP($A21,종합!$A:$T,COLUMN(종합!E17),FALSE) | F21: =H21/G21-1 | G21: =IF(COUNTIF(현재가!$A:$A,$B21),VLOOKUP($B21,현재가!$A:$B,2,FALSE),VLOOKUP($B21,현재가!$D:$E,2,FALSE)) | H21: =IFERROR(P21+((R21-(K21*Q21))/K21),"-") | I21: =IFERROR(P21,"-") | J21: =IFERROR((R21-K21*Q21)/K21,"-") | K21: =$K$3 | L21: 0.15346041 | M21: =IFERROR(IF(S21/R21<0,0,1-(S21/R21)),"-") | N21: =IFERROR(M21*L21,"-") | O21: 126265127 | P21: =IFERROR(((W21-X21)*100000000)/O21,"-") | Q21: =IFERROR((W21*100000000)/O21,"-") | R21: =IFERROR((V21*100000000)/O21,"-") | S21: 3280 | T21: 0.12692446 | U21: 75651.938 | V21: =IFERROR(T21*U21,"-") | W21: 62243.179 | X21: 281.51643 | Y21: 담배 | Z21: 28733.684 | AA21: 10852.084 | AB21: 8240.5403
... A39: A006400 | B39: 삼성SDI | C39: 개별 | D39: 3Q | E39: =VLOOKUP($A39,종합!$A:$T,COLUMN(종합!E35),FALSE) | F39: =H39/G39-1 | G39: =IF(COUNTIF(현재가!$A:$A,$B39),VLOOKUP($B39,현재가!$A:$B,2,FALSE),VLOOKUP($B39,현재가!$D:$E,2,FALSE)) | H39: =IFERROR(P39+((R39-(K39*Q39))/K39),"-") | I39: =IFERROR(P39,"-") | J39: =IFERROR((R39-K39*Q39)/K39,"-") | K39: =$K$3 | L39: 0.23812057 | M39: =IFERROR(IF(S39/R39<0,0,1-(S39/R39)),"-") | N39: =IFERROR(M39*L39,"-") | O39: 72500293 | P39: =IFERROR(((W39-X39)*100000000)/O39,"-") | Q39: =IFERROR((W39*100000000)/O39,"-") | R39: =IFERROR((V39*100000000)/O39,"-") | S39: 2140 | T39: 0.14019329 | U39: 19174.911 | V39: =IFERROR(T39*U39,"-") | W39: 12503.668 | X39: 1477.9307 | Y39: 내구소비재 | Z39: 22332.107 | AA39: 4168.5429 | AB39: 472.75995
A40: A047810 | B40: 한국항공우주 | C40: 개별 | D40: 3Q | E40: =VLOOKUP($A40,종합!$A:$T,COLUMN(종합!E36),FALSE) | F40: =H40/G40-1 | G40: =IF(COUNTIF(현재가!$A:$A,$B40),VLOOKUP($B40,현재가!$A:$B,2,FALSE),VLOOKUP($B40,현재가!$D:$E,2,FALSE)) | H40: =IFERROR(P40+((R40-(K40*Q40))/K40),"-") | I40: =IFERROR(P40,"-") | J40: =IFERROR((R40-K40*Q40)/K40,"-") | K40: =$K$3 | L40: - | M40: =IFERROR(IF(S40/R40<0,0,1-(S40/R40)),"-") | N40: =IFERROR(M40*L40,"-") | O40: 123852681 | P40: =IFERROR(((W40-X40)*100000000)/O40,"-") | Q40: =IFERROR((W40*100000000)/O40,"-") | R40: =IFERROR((V40*100000000)/O40,"-") | S40: 400 | T40: #DIV/0! | U40: 60280.634 | V40: =IFERROR(T40*U40,"-") | W40: 39560.739 | X40: 269.62642 | Y40: 자동차부품 | Z40: 33152.871 | AA40: 9147.574 | AB40: 3369.3223
A41: A021240 | B41: 코웨이 | C41: 개별 | D41: 3Q | E41: =VLOOKUP($A41,종합!$A:$T,COLUMN(종합!E37),FALSE) | F41: =H41/G41-1 | G41: =IF(COUNTIF(현재가!$A:$A,$B41),VLOOKUP($B41,현재가!$A:$B,2,FALSE),VLOOKUP($B41,현재가!$D:$E,2,FALSE)) | H41: =IFERROR(P41+((R41-(K41*Q41))/K41),"-") | I41: =IFERROR(P41,"-") | J41: =IFERROR((R41-K41*Q41)/K41,"-") | K41: =$K$3 | L41: 0.12425175 | M41: =IFERROR(IF(S41/R41<0,0,1-(S41/R41)),"-") | N41: =IFERROR(M41*L41,"-") | O41: 97475107 | P41: =IFERROR(((W41-X41)*100000000)/O41,"-") | Q41: =IFERROR((W41*100000000)/O41,"-") | R41: =IFERROR((V41*100000000)/O41,"-") | S41: 250 | T41: 0.057674453 | U41: 29739.883 | V41: =IFERROR(T41*U41,"-") | W41: 13231.605 | X41: 2419.9085 | Y41: 상업서비스 | Z41: 32101.735 | AA41: 12975.114 | AB41: 4455.9923
A42: A004020 | B42: 현대제철 | C42: 개별 | D42: 3Q | E42: =VLOOKUP($A42,종합!$A:$T,COLUMN(종합!E38),FALSE) | F42: =H42/G42-1 | G42: =IF(COUNTIF(현재가!$A:$A,$B42),VLOOKUP($B42,현재가!$A:$B,2,FALSE),VLOOKUP($B42,현재가!$D:$E,2,FALSE)) | H42: =IFERROR(P42+((R42-(K42*Q42))/K42),"-") | I42: =IFERROR(P42,"-") | J42: =IFERROR((R42-K42*Q42)/K42,"-") | K42: =$K$3 | L42: 0.066610881 | M42: =IFERROR(IF(S42/R42<0,0,1-(S42/R42)),"-") | N42: =IFERROR(M42*L42,"-") | O42: 132086605 | P42: =IFERROR(((W42-X42)*100000000)/O42,"-") | Q42: =IFERROR((W42*100000000)/O42,"-") | R42: =IFERROR((V42*100000000)/O42,"-") | S42: 600 | T42: 0.030190906 | U42: 301851.99 | V42: =IFERROR(T42*U42,"-") | W42: 159810.14 | X42: 15278.055 | Y42: 금속 및 광물 | Z42: 140206.35 | AA42: 16702.196 | AB42: 24991.897
A43: A128940 | B43: 한미약품 | C43: 개별 | D43: 3Q | E43: =VLOOKUP($A43,종합!$A:$T,COLUMN(종합!E39),FALSE) | F43: =H43/G43-1 | G43: =IF(COUNTIF(현재가!$A:$A,$B43),VLOOKUP($B43,현재가!$A:$B,2,FALSE),VLOOKUP($B43,현재가!$D:$E,2,FALSE)) | H43: =IFERROR(P43+((R43-(K43*Q43))/K43),"-") | I43: =IFERROR(P43,"-") | J43: =IFERROR((R43-K43*Q43)/K43,"-") | K43: =$K$3 | L43: 0.2022319 | M43: =IFERROR(IF(S43/R43<0,0,1-(S43/R43)),"-") | N43: =IFERROR(M43*L43,"-") | O43: 37500000 | P43: =IFERROR(((W43-X43)*100000000)/O43,"-") | Q43: =IFERROR((W43*100000000)/O43,"-") | R43: =IFERROR((V43*100000000)/O43,"-") | S43: 1900 | T43: 0.093686674 | U43: 67059.014 | V43: =IFERROR(T43*U43,"-") | W43: 30796.878 | X43: 307.42493 | Y43: 육상운수 | Z43: 120802.42 | AA43: 12763.803 | AB43: 7112.4884
A44: A161390 | B44: 한국타이어앤테크놀로지 | C44: 개별 | D44: 3Q | E44: =VLOOKUP($A44,종합!$A:$T,COLUMN(종합!E40),FALSE) | F44: =H44/G44-1 | G44: =IF(COUNTIF(현재가!$A:$A,$B44),VLOOKUP($B44,현재가!$A:$B,2,FALSE),VLOOKUP($B44,현재가!$D:$E,2,FALSE)) | H44: =IFERROR(P44+((R44-(K44*Q44))/K44),"-") | I44: =IFERROR(P44,"-") | J44: =IFERROR((R44-K44*Q44)/K44,"-") | K44: =$K$3 | L44: 0.046140148 | M44: =IFERROR(IF(S44/R44<0,0,1-(S44/R44)),"-") | N44: =IFERROR(M44*L44,"-") | O44: 67190077 | P44: =IFERROR(((W44-X44)*100000000)/O44,"-") | Q44: =IFERROR((W44*100000000)/O44,"-") | R44: =IFERROR((V44*100000000)/O44,"-") | S44: 1300 | T44: 0.035681142 | U44: 139397.73 | V44: =IFERROR(T44*U44,"-") | W44: 106019.5 | X44: 7556.3756 | Y44: 전자 장비 및 기기 | Z44: 68273.079 | AA44: 9922.2117 | AB44: 3893.4746
A45: A086280 | B45: 현대글로비스 | C45: 개별 | D45: 3Q | E45: =VLOOKUP($A45,종합!$A:$T,COLUMN(종합!E41),FALSE) | F45: =H45/G45-1 | G45: =IF(COUNTIF(현재가!$A:$A,$B45),VLOOKUP($B45,현재가!$A:$B,2,FALSE),VLOOKUP($B45,현재가!$D:$E,2,FALSE)) | H45: =IFERROR(P45+((R45-(K45*Q45))/K45),"-") | I45: =IFERROR(P45,"-") | J45: =IFERROR((R45-K45*Q45)/K45,"-") | K45: =$K$3 | L45: 0.13684748 | M45: =IFERROR(IF(S45/R45<0,0,1-(S45/R45)),"-") | N45: =IFERROR(M45*L45,"-") | O45: 21240439 | P45: =IFERROR(((W45-X45)*100000000)/O45,"-") | Q45: =IFERROR((W45*100000000)/O45,"-") | R45: =IFERROR((V45*100000000)/O45,"-") | S45: 1595.4 | T45: 0.11540115 | U45: 21604.078 | V45: =IFERROR(T45*U45,"-") | W45: 17818.728 | X45: 210.18252 | Y45: 게임 소프트웨어 | Z45: 6761.8012 | AA45: 908.10571 | AB45: 1.12271
A46: A023530 | B46: 롯데쇼핑 | C46: 개별 | D46: 3Q | E46: =VLOOKUP($A46,종합!$A:$T,COLUMN(종합!E42),FALSE) | F46: =H46/G46-1 | G46: =IF(COUNTIF(현재가!$A:$A,$B46),VLOOKUP($B46,현재가!$A:$B,2,FALSE),VLOOKUP($B46,현재가!$D:$E,2,FALSE)) | H46: =IFERROR(P46+((R46-(K46*Q46))/K46),"-") | I46: =IFERROR(P46,"-") | J46: =IFERROR((R46-K46*Q46)/K46,"-") | K46: =$K$3 | L46: 0.12468431 | M46: =IFERROR(IF(S46/R46<0,0,1-(S46/R46)),"-") | N46: =IFERROR(M46*L46,"-") | O46: 533800000 | P46: =IFERROR(((W46-X46)*100000000)/O46,"-") | Q46: =IFERROR((W46*100000000)/O46,"-") | R46: =IFERROR((V46*100000000)/O46,"-") | S46: 140.56 | T46: 0.086857573 | U46: 24884.375 | V46: =IFERROR(T46*U46,"-") | W46: 16575.46 | X46: 986.41636 | Y46: 자동차부품 | Z46: 22866.378 | AA46: 5191.0501 | AB46: 1010.3104
A47: A018880 | B47: 한온시스템 | C47: 개별 | D47: 3Q | E47: =VLOOKUP($A47,종합!$A:$T,COLUMN(종합!E43),FALSE) | F47: =H47/G47-1 | G47: =IF(COUNTIF(현재가!$A:$A,$B47),VLOOKUP($B47,현재가!$A:$B,2,FALSE),VLOOKUP($B47,현재가!$D:$E,2,FALSE)) | H47: =IFERROR(P47+((R47-(K47*Q47))/K47),"-") | I47: =IFERROR(P47,"-") | J47: =IFERROR((R47-K47*Q47)/K47,"-") | K47: =$K$3 | L47: 0.046764803 | M47: =IFERROR(IF(S47/R47<0,0,1-(S47/R47)),"-") | N47: =IFERROR(M47*L47,"-") | O47: 56350839 | P47: =IFERROR(((W47-X47)*100000000)/O47,"-") | Q47: =IFERROR((W47*100000000)/O47,"-") | R47: =IFERROR((V47*100000000)/O47,"-") | S47: 490.2 | T47: 0.038339073 | U47: 6618.3237 | V47: =IFERROR(T47*U47,"-") | W47: 5792.7496 | X47: 60.50369 | Y47: 제약 | Z47: 1640.5199 | AA47: 132.93986 | AB47: 0
A48: A035720 | B48: 카카오 | C48: 개별 | D48: 3Q | E48: =VLOOKUP($A48,종합!$A:$T,COLUMN(종합!E44),FALSE) | F48: =H48/G48-1 | G48: =IF(COUNTIF(현재가!$A:$A,$B48),VLOOKUP($B48,현재가!$A:$B,2,FALSE),VLOOKUP($B48,현재가!$D:$E,2,FALSE)) | H48: =IFERROR(P48+((R48-(K48*Q48))/K48),"-") | I48: =IFERROR(P48,"-") | J48: =IFERROR((R48-K48*Q48)/K48,"-") | K48: =$K$3 | L48: 0.1329158 | M48: =IFERROR(IF(S48/R48<0,0,1-(S48/R48)),"-") | N48: =IFERROR(M48*L48,"-") | O48: 67610527 | P48: =IFERROR(((W48-X48)*100000000)/O48,"-") | Q48: =IFERROR((W48*100000000)/O48,"-") | R48: =IFERROR((V48*100000000)/O48,"-") | S48: 838 | T48: 0.11070346 | U48: 47336.49 | V48: =IFERROR(T48*U48,"-") | W48: 33597.225 | X48: 17004.85 | Y48: 인터넷 서비스 | Z48: 8395.8577 | AA48: 782.62052 | AB48: 30.08813
A49: A001040 | B49: CJ | C49: 개별 | D49: 3Q | E49: =VLOOKUP($A49,종합!$A:$T,COLUMN(종합!E45),FALSE) | F49: =H49/G49-1 | G49: =IF(COUNTIF(현재가!$A:$A,$B49),VLOOKUP($B49,현재가!$A:$B,2,FALSE),VLOOKUP($B49,현재가!$D:$E,2,FALSE)) | H49: =IFERROR(P49+((R49-(K49*Q49))/K49),"-") | I49: =IFERROR(P49,"-") | J49: =IFERROR((R49-K49*Q49)/K49,"-") | K49: =$K$3 | L49: 0.049101492 | M49: =IFERROR(IF(S49/R49<0,0,1-(S49/R49)),"-") | N49: =IFERROR(M49*L49,"-") | O49: 28465665 | P49: =IFERROR(((W49-X49)*100000000)/O49,"-") | Q49: =IFERROR((W49*100000000)/O49,"-") | R49: =IFERROR((V49*100000000)/O49,"-") | S49: 910 | T49: 0.039306353 | U49: 29648.804 | V49: =IFERROR(T49*U49,"-") | W49: 26882.522 | X49: 168.87508 | Y49: 식료품 | Z49: 1207.794 | AA49: 0 | AB49: 0
A50: A036570 | B50: 엔씨소프트 | C50: 개별 | D50: 3Q | E50: =VLOOKUP($A50,종합!$A:$T,COLUMN(종합!E46),FALSE) | F50: =H50/G50-1 | G50: =IF(COUNTIF(현재가!$A:$A,$B50),VLOOKUP($B50,현재가!$A:$B,2,FALSE),VLOOKUP($B50,현재가!$D:$E,2,FALSE)) | H50: =IFERROR(P50+((R50-(K50*Q50))/K50),"-") | I50: =IFERROR(P50,"-") | J50: =IFERROR((R50-K50*Q50)/K50,"-") | K50: =$K$3 | L50: 0.052071266 | M50: =IFERROR(IF(S50/R50<0,0,1-(S50/R50)),"-") | N50: =IFERROR(M50*L50,"-") | O50: 436611361 | P50: =IFERROR(((W50-X50)*100000000)/O50,"-") | Q50: =IFERROR((W50*100000000)/O50,"-") | R50: =IFERROR((V50*100000000)/O50,"-") | S50: 175 | T50: 0.0191441 | U50: 117764.68 | V50: =IFERROR(T50*U50,"-") | W50: 47398.65 | X50: 8427.02 | Y50: 무선통신 | Z50: 111780.6 | AA50: 20039.82 | AB50: 2554.16
A51: A001800 | B51: 오리온
A52: A027410 | B52: BGF리테일
A53: A097950 | B53: CJ제일제당
A54: A032640 | B54: LG유플러스

Sheet RIM (연결)
A2: ='RIM (개별)'!A3 | C2: 재무 | D2: 실적 | E2: 시가총액 | F2: 기대수익율 | G2: 주가 | H2: V | I2: 자산가치 | J2: 수익가치 | K2: 할인율 | L2: ROE평균 | M2: 유보율 | N2: 성장율 | O2: 순보통주 | P2: 수정 BPS | Q2: BPS | R2: EPS | S2: DPS평균 | T2: ROA평균 | U2: 총자산 | V2: 추정순이익 | W2: 자본총계 | X2: 무형자산 | Y2: 업종 | Z2: 매출액 | AA2: 매출채권 | AB2: 재고자산
C3: 연결 | D3: 3Q | E3: =VLOOKUP($A$2,$B:$AS,COLUMN(E8)-1,FALSE) | F3: =VLOOKUP($A$2,$B:$AS,COLUMN(F8)-1,FALSE) | G3: =VLOOKUP($A$2,$B:$AS,COLUMN(G8)-1,FALSE) | H3: =IFERROR(P3+((R3-(K3*Q3))/K3),"-") | I3: =P3 | J3: =IFERROR((R3-K3*Q3)/K3,"-") | K3: ='RIM (개별)'!$K$3 | L3: =VLOOKUP($A2,$B:$AA,COLUMN(L9)-1,FALSE) | M3: =VLOOKUP($A2,$B:$AA,COLUMN(M9)-1,FALSE) | N3: =VLOOKUP($A2,$B:$AA,COLUMN(N9)-1,FALSE) | O3: =VLOOKUP($A2,$B:$AA,COLUMN(O9)-1,FALSE)+Y5 | P3: =IFERROR(((W3-X3-U5-V5+W5-X5)*100000000)/O3,"-") | Q3: =VLOOKUP($A2,$B:$AA,COLUMN(Q9)-1,FALSE) | R3: =VLOOKUP($A2,$B:$AA,COLUMN(R9)-1,FALSE) | S3: =VLOOKUP($A2,$B:$AA,COLUMN(S9)-1,FALSE) | T3: =VLOOKUP($A2,$B:$AA,COLUMN(T9)-1,FALSE) | U3: =VLOOKUP($A2,$B:$AA,COLUMN(U9)-1,FALSE) | V3: =VLOOKUP($A2,$B:$AA,COLUMN(V9)-1,FALSE) | W3: =VLOOKUP($A2,$B:$AA,COLUMN(W9)-1,FALSE) | X3: =VLOOKUP($A2,$B:$AA,COLUMN(X9)-1,FALSE) | ... AA3: =VLOOKUP($A2,$B:$AA,COLUMN(AA9)-1,FALSE) | AB3: =VLOOKUP($A2,$B:$AN,COLUMN(AB9)-1,FALSE)
T4: 자본조정 | U4: 매출채권 | V4: 재고자산 | W4: 투자자산 | X4: 잠재부채 | Y4: 잠재주식수
T5: =X3+X5+U5+V5+W5 | U5: 0 | V5: 0 | W5: 0 | X5: 0 | Y5: ='RIM (개별)'!Y6
A7: CODE | B7: 종목 | C7: 재무 | D7: 실적 | E7: 시가총액 (억) | F7: 기대수익율 | G7: 주가 (원) | H7: V (원) | I7: 자산가치 (원) | J7: 수익가치 (원) | K7: 할인율 | L7: ROE평균 | M7: 유보율 | N7: 성장율 | O7: 순보통주 | P7: 수정 BPS | Q7: BPS | R7: EPS | S7: DPS평균 | T7: ROA평균 | U7: 총자산 | V7: 추정순이익 | W7: 자본총계 | X7: 무형자산 | Y7: 업종 | Z7: 매출액 | AA7: 매출채권 | AB7: 재고자산
A8: A005930 | B8: 삼성전자 | C8: 연결 | D8: 3Q | E8: =VLOOKUP($A8,종합!$A:$T,COLUMN(종합!#REF!),FALSE) | F8: =IFERROR(H8/G8-1,"-") | G8: =IF(COUNTIF(현재가!$A:$A,$B8),VLOOKUP($B8,현재가!$A:$B,2,FALSE),VLOOKUP($B8,현재가!$D:$E,2,FALSE)) | H8: =IFERROR(P8+((R8-(K8*Q8))/K8),"-") | I8: =IFERROR(P8,"-") | J8: =IFERROR((R8-K8*Q8)/K8,"-") | K8: ='RIM (개별)'!$K$3 | L8: 0.16326412 | M8: =IFERROR(IF(S8/R8<0,0,1-(S8/R8)),"-") | N8: =IFERROR(M8*L8,"-") | O8: =VLOOKUP($A8,'RIM (개별)'!$A:$AA,COLUMN('RIM (개별)'!O10),FALSE) | P8: =IFERROR(((W8-X8)*100000000)/O8,"-") | Q8: =IFERROR((W8*100000000)/O8,"-") | R8: =IFERROR((V8*100000000)/O8,"-") | S8: 13760 | T8: 0.1088214 | U8: 2444714.6 | V8: =IFERROR(T8*U8,"-") | W8: 1732696.6 | X8: 50882.33 | Y8: 휴대폰 및 관련부품 | Z8: 2018504.6 | AA8: 243525.15 | AB8: 183782.45
A9: A015760 | B9: 한국전력 | C9: 연결 | D9: 3Q | E9: =VLOOKUP($A9,종합!$A:$T,COLUMN(종합!E7),FALSE) | F9: =IFERROR(H9/G9-1,"-") | G9: =IF(COUNTIF(현재가!$A:$A,$B9),VLOOKUP($B9,현재가!$A:$B,2,FALSE),VLOOKUP($B9,현재가!$D:$E,2,FALSE)) | H9: =IFERROR(P9+((R9-(K9*Q9))/K9),"-") | I9: =IFERROR(P9,"-") | J9: =IFERROR((R9-K9*Q9)/K9,"-") | K9: ='RIM (개별)'!$K$3 | L9: 0.038950682 | M9: =IFERROR(IF(S9/R9<0,0,1-(S9/R9)),"-") | N9: =IFERROR(M9*L9,"-") | O9: =VLOOKUP($A9,'RIM (개별)'!$A:$AA,COLUMN('RIM (개별)'!O11),FALSE) | P9: =IFERROR(((W9-X9)*100000000)/O9,"-") | Q9: =IFERROR((W9*100000000)/O9,"-") | R9: =IFERROR((V9*100000000)/O9,"-") | S9: 1230 | T9: 0.014380828 | U9: 1762389.8 | V9: =IFERROR(T9*U9,"-") | W9: 710057.63 | X9: 8563.12 | Y9: 전력 | Z9: 595963.31 | AA9: 62168.41 | AB9: 47867.72
A10: A005380 | B10: 현대차 | C10: 연결 | D10: 3Q | E10: =VLOOKUP($A10,종합!$A:$T,COLUMN(종합!E8),FALSE) | F10: =IFERROR(H10/G10-1,"-") | G10: =IF(COUNTIF(현재가!$A:$A,$B10),VLOOKUP($B10,현재가!$A:$B,2,FALSE),VLOOKUP($B10,현재가!$D:$E,2,FALSE)) | H10: =IFERROR(P10+((R10-(K10*Q10))/K10),"-") | I10: =IFERROR(P10,"-") | J10: =IFERROR((R10-K10*Q10)/K10,"-") | K10: ='RIM (개별)'!$K$3 | L10: 0.077637626 | M10: =IFERROR(IF(S10/R10<0,0,1-(S10/R10)),"-") | N10: =IFERROR(M10*L10,"-") | O10: =VLOOKUP($A10,'RIM (개별)'!$A:$AA,COLUMN('RIM (개별)'!O12),FALSE) | P10: =IFERROR(((W10-X10)*100000000)/O10,"-") | Q10: =IFERROR((W10*100000000)/O10,"-") | R10: =IFERROR((V10*100000000)/O10,"-") | S10: 500 | T10: 0.039264156 | U10: 403593.57 | V10: =IFERROR(T10*U10,"-") | W10: 164593.64 | X10: 15705.213 | Y10: 복합 산업 | Z10: 273803.85 | AA10: 55633.188 | AB10: 13855.826
A11: A028260 | B11: 삼성물산 | C11: 연결 | D11: 3Q | E11: =VLOOKUP($A11,종합!$A:$T,COLUMN(종합!E9),FALSE) | F11: =IFERROR(H11/G11-1,"-") | G11: =IF(COUNTIF(현재가!$A:$A,$B11),VLOOKUP($B11,현재가!$A:$B,2,FALSE),VLOOKUP($B11,현재가!$D:$E,2,FALSE)) | H11: =IFERROR(P11+((R11-(K11*Q11))/K11),"-") | I11: =IFERROR(P11,"-") | J11: =IFERROR((R11-K11*Q11)/K11,"-") | K11: ='RIM (개별)'!$K$3 | L11: 0.12878316 | M11: =IFERROR(IF(S11/R11<0,0,1-(S11/R11)),"-") | N11: =IFERROR(M11*L11,"-") | O11: =VLOOKUP($A11,'RIM (개별)'!$A:$AA,COLUMN('RIM (개별)'!O13),FALSE) | P11: =IFERROR(((W11-X11)*100000000)/O11,"-") | Q11: =IFERROR((W11*100000000)/O11,"-") | R11: =IFERROR((V11*100000000)/O11,"-") | S11: 400 | T11: 0.08564284 | U11: 291669.95 | V11: =IFERROR(T11*U11,"-") | W11: 220006.34 | X11: 18056.66 | Y11: 반도체 및 관련장비 | Z11: 162563.33 | AA11: 23320.43 | AB11: 19950.02
A12: A035420 | B12: NAVER | C12: 연결 | D12: 3Q | E12: =VLOOKUP($A12,종합!$A:$T,COLUMN(종합!E10),FALSE) | F12: =IFERROR(H12/G12-1,"-") | G12: =IF(COUNTIF(현재가!$A:$A,$B12),VLOOKUP($B12,현재가!$A:$B,2,FALSE),VLOOKUP($B12,현재가!$D:$E,2,FALSE)) | H12: =IFERROR(P12+((R12-(K12*Q12))/K12),"-") | I12: =IFERROR(P12,"-") | J12: =IFERROR((R12-K12*Q12)/K12,"-") | K12: ='RIM (개별)'!$K$3 | L12: 0.16052969 | M12: =IFERROR(IF(S12/R12<0,0,1-(S12/R12)),"-") | N12: =IFERROR(M12*L12,"-") | O12: =VLOOKUP($A12,'RIM (개별)'!$A:$AA,COLUMN('RIM (개별)'!O14),FALSE) | P12: =IFERROR(((W12-X12)*100000000)/O12,"-") | Q12: =IFERROR((W12*100000000)/O12,"-") | R12: =IFERROR((V12*100000000)/O12,"-") | S12: 2520 | T12: 0.058437584 | U12: 1670810.2 | V12: =IFERROR(T12*U12,"-") | W12: 642639.76 | X12: 43500.81 | Y12: 자동차 | Z12: 938757.92 | AA12: 71486.53 | AB12: 98846.74
A13: A012330 | B13: 현대모비스 | C13: 연결 | D13: 3Q | E13: =VLOOKUP($A13,종합!$A:$T,COLUMN(종합!E11),FALSE) | F13: =IFERROR(H13/G13-1,"-") | G13: =IF(COUNTIF(현재가!$A:$A,$B13),VLOOKUP($B13,현재가!$A:$B,2,FALSE),VLOOKUP($B13,현재가!$D:$E,2,FALSE)) | H13: =IFERROR(P13+((R13-(K13*Q13))/K13),"-") | I13: =IFERROR(P13,"-") | J13: =IFERROR((R13-K13*Q13)/K13,"-") | K13: ='RIM (개별)'!$K$3 | L13: 0.40463293 | M13: =IFERROR(IF(S13/R13<0,0,1-(S13/R13)),"-") | N13: =IFERROR(M13*L13,"-") | O13: =VLOOKUP($A13,'RIM (개별)'!$A:$AA,COLUMN('RIM (개별)'!O15),FALSE) | P13: =IFERROR(((W13-X13)*100000000)/O13,"-") | Q13: =IFERROR((W13*100000000)/O13,"-") | R13: =IFERROR((V13*100000000)/O13,"-") | S13: 753.6 | T13: 0.24554218 | U13: 59952.611 | V13: =IFERROR(T13*U13,"-") | W13: 37073.462 | X13: 1172.6504 | Y13: 인터넷 서비스 | Z13: 38262.977 | AA13: 6311.3043 | AB13: 95.19633
A14: A000660 | B14: SK하이닉스 | C14: 연결 | D14: 3Q | E14: =VLOOKUP($A14,종합!$A:$T,COLUMN(종합!E12),FALSE) | F14: =IFERROR(H14/G14-1,"-") | G14: =IF(COUNTIF(현재가!$A:$A,$B14),VLOOKUP($B14,현재가!$A:$B,2,FALSE),VLOOKUP($B14,현재가!$D:$E,2,FALSE)) | H14: =IFERROR(P14+((R14-(K14*Q14))/K14),"-") | I14: =IFERROR(P14,"-") | J14: =IFERROR((R14-K14*Q14)/K14,"-") | K14: ='RIM (개별)'!$K$3 | L14: 0.17911569 | M14: =IFERROR(IF(S14/R14<0,0,1-(S14/R14)),"-") | N14: =IFERROR(M14*L14,"-") | O14: =VLOOKUP($A14,'RIM (개별)'!$A:$AA,COLUMN('RIM (개별)'!O16),FALSE) | P14: =IFERROR(((W14-X14)*100000000)/O14,"-") | Q14: =IFERROR((W14*100000000)/O14,"-") | R14: =IFERROR((V14*100000000)/O14,"-") | S14: 2420 | T14: 0.10753137 | U14: 391635.84 | V14: =IFERROR(T14*U14,"-") | W14: 272860.14 | X14: 9341.69 | Y14: 자동차부품 | Z14: 379604.81 | AA14: 59818.16 | AB14: 27064.2
A15: A090430 | B15: 아모레퍼시픽 | C15: 연결 | D15: 3Q | E15: =VLOOKUP($A15,종합!$A:$T,COLUMN(종합!E13),FALSE) | F15: =IFERROR(H15/G15-1,"-") | G15: =IF(COUNTIF(현재가!$A:$A,$B15),VLOOKUP($B15,현재가!$A:$B,2,FALSE),VLOOKUP($B15,현재가!$D:$E,2,FALSE)) | H15: =IFERROR(P15+((R15-(K15*Q15))/K15),"-") | I15: =IFERROR(P15,"-") | J15: =IFERROR((R15-K15*Q15)/K15,"-") | K15: ='RIM (개별)'!$K$3 | L15: 0.15325387 | M15: =IFERROR(IF(S15/R15<0,0,1-(S15/R15)),"-") | N15: =IFERROR(M15*L15,"-") | O15: =VLOOKUP($A15,'RIM (개별)'!$A:$AA,COLUMN('RIM (개별)'!O17),FALSE) | P15: =IFERROR(((W15-X15)*100000000)/O15,"-") | Q15: =IFERROR((W15*100000000)/O15,"-") | R15: =IFERROR((V15*100000000)/O15,"-") | S15: 840 | T15: 0.11550406 | U15: 50150.166 | V15: =IFERROR(T15*U15,"-") | W15: 38077.337 | X15: 2210.2375 | Y15: 개인생활용품 | Z15: 55551.811 | AA15: 3792.2203 | AB15: 3697.9792
A16: A005490 | B16: POSCO | C16: 연결 | D16: 3Q | E16: =VLOOKUP($A16,종합!$A:$T,COLUMN(종합!E14),FALSE) | F16: =IFERROR(H16/G16-1,"-") | G16: =IF(COUNTIF(현재가!$A:$A,$B16),VLOOKUP($B16,현재가!$A:$B,2,FALSE),VLOOKUP($B16,현재가!$D:$E,2,FALSE)) | H16: =IFERROR(P16+((R16-(K16*Q16))/K16),"-") | I16: =IFERROR(P16,"-") | J16: =IFERROR((R16-K16*Q16)/K16,"-") | K16: ='RIM (개별)'!$K$3 | L16: 0.041760668 | M16: =IFERROR(IF(S16/R16<0,0,1-(S16/R16)),"-") | N16: =IFERROR(M16*L16,"-") | O16: =VLOOKUP($A16,'RIM (개별)'!$A:$AA,COLUMN('RIM (개별)'!O18),FALSE) | P16: =IFERROR(((W16-X16)*100000000)/O16,"-") | Q16: =IFERROR((W16*100000000)/O16,"-") | R16: =IFERROR((V16*100000000)/O16,"-") | S16: 8400 | T16: 0.021081946 | U16: 770627.47 | V16: =IFERROR(T16*U16,"-") | W16: 416713.29 | X16: 62007.074 | Y16: 금속 및 광물 | Z16: 519720.92 | AA16: 96859.179 | AB16: 79024.524
A17: A017670 | B17: SK텔레콤 | C17: 연결 | D17: 3Q | E17: =VLOOKUP($A17,종합!$A:$T,COLUMN(종합!E15),FALSE) | F17: =IFERROR(H17/G17-1,"-") | G17: =IF(COUNTIF(현재가!$A:$A,$B17),VLOOKUP($B17,현재가!$A:$B,2,FALSE),VLOOKUP($B17,현재가!$D:$E,2,FALSE)) | H17: =IFERROR(P17+((R17-(K17*Q17))/K17),"-") | I17: =IFERROR(P17,"-") | J17: =IFERROR((R17-K17*Q17)/K17,"-") | K17: ='RIM (개별)'!$K$3 | L17: 0.11753693 | M17: =IFERROR(IF(S17/R17<0,0,1-(S17/R17)),"-") | N17: =IFERROR(M17*L17,"-") | O17: =VLOOKUP($A17,'RIM (개별)'!$A:$AA,COLUMN('RIM (개별)'!O19),FALSE) | P17: =IFERROR(((W17-X17)*100000000)/O17,"-") | Q17: =IFERROR((W17*100000000)/O17,"-") | R17: =IFERROR((V17*100000000)/O17,"-") | S17: 9520 | T17: 0.058716577 | U17: 295557.05 | V17: =IFERROR(T17*U17,"-") | W17: 153774.74 | X17: 51013.12 | Y17: 무선통신 | Z17: 171189.05 | AA17: 35951.69 | AB17: 2740.47
A18: A051910 | B18: LG화학 | C18: 연결 | D18: 3Q | E18: =VLOOKUP($A18,종합!$A:$T,COLUMN(종합!E16),FALSE) | F18: =IFERROR(H18/G18-1,"-") | G18: =IF(COUNTIF(현재가!$A:$A,$B18),VLOOKUP($B18,현재가!$A:$B,2,FALSE),VLOOKUP($B18,현재가!$D:$E,2,FALSE)) | H18: =IFERROR(P18+((R18-(K18*Q18))/K18),"-") | I18: =IFERROR(P18,"-") | J18: =IFERROR((R18-K18*Q18)/K18,"-") | K18: ='RIM (개별)'!$K$3 | L18: 0.19011205 | M18: =IFERROR(IF(S18/R18<0,0,1-(S18/R18)),"-") | N18: =IFERROR(M18*L18,"-") | O18: =VLOOKUP($A18,'RIM (개별)'!$A:$AA,COLUMN('RIM (개별)'!O20),FALSE) | P18: =IFERROR(((W18-X18)*100000000)/O18,"-") | Q18: =IFERROR((W18*100000000)/O18,"-") | R18: =IFERROR((V18*100000000)/O18,"-") | S18: 810 | T18: 0.09466507 | U18: 478832.14 | V18: =IFERROR(T18*U18,"-") | W18: 255829.48 | X18: 22454.35 | Y18: 자동차 | Z18: 525899.72 | AA18: 28165.08 | AB18: 72486.67
A19: A000270 | B19: 기아 | C19: 연결 | D19: 3Q | E19: =VLOOKUP($A19,종합!$A:$T,COLUMN(종합!E17),FALSE) | F19: =IFERROR(H19/G19-1,"-") | G19: =IF(COUNTIF(현재가!$A:$A,$B19),VLOOKUP($B19,현재가!$A:$B,2,FALSE),VLOOKUP($B19,현재가!$D:$E,2,FALSE)) | H19: =IFERROR(P19+((R19-(K19*Q19))/K19),"-") | I19: =IFERROR(P19,"-") | J19: =IFERROR((R19-K19*Q19)/K19,"-") | K19: ='RIM (개별)'!$K$3 | L19: 0.15496886 | M19: =IFERROR(IF(S19/R19<0,0,1-(S19/R19)),"-") | N19: =IFERROR(M19*L19,"-") | O19: =VLOOKUP($A19,'RIM (개별)'!$A:$AA,COLUMN('RIM (개별)'!O21),FALSE) | P19: =IFERROR(((W19-X19)*100000000)/O19,"-") | Q19: =IFERROR((W19*100000000)/O19,"-") | R19: =IFERROR((V19*100000000)/O19,"-") | S19: 3280 | T19: 0.11638991 | U19: 88443.65 | V19: =IFERROR(T19*U19,"-") | W19: 66257.172 | X19: 1071.4587 | Y19: 담배 | Z19: 42663.092 | AA19: 13706.494 | AB19: 19425.815
A20: A033780 | B20: KT&G | C20: 연결 | D20: 3Q | E20: =VLOOKUP($A20,종합!$A:$T,COLUMN(종합!E18),FALSE) | F20: =IFERROR(H20/G20-1,"-") | G20: =IF(COUNTIF(현재가!$A:$A,$B20),VLOOKUP($B20,현재가!$A:$B,2,FALSE),VLOOKUP($B20,현재가!$D:$E,2,FALSE)) | H20: =IFERROR(P20+((R20-(K20*Q20))/K20),"-") | I20: =IFERROR(P20,"-") | J20: =IFERROR((R20-K20*Q20)/K20,"-") | K20: ='RIM (개별)'!$K$3 | L20: 0.12935529 | M20: =IFERROR(IF(S20/R20<0,0,1-(S20/R20)),"-") | N20: =IFERROR(M20*L20,"-") | O20: =VLOOKUP($A20,'RIM (개별)'!$A:$AA,COLUMN('RIM (개별)'!O22),FALSE) | P20: =IFERROR(((W20-X20)*100000000)/O20,"-") | Q20: =IFERROR((W20*100000000)/O20,"-") | R20: =IFERROR((V20*100000000)/O20,"-") | S20: 4100 | T20: 0.083959845 | U20: 200396.91 | V20: =IFERROR(T20*U20,"-") | W20: 135878.42 | X20: 7614.68 | Y20: 화학 | Z20: 201881.89 | AA20: 33484.55 | AB20: 27170.69
... A48: A036570 | B48: 엔씨소프트 | C48: 연결 | D48: 3Q | E48: =VLOOKUP($A48,종합!$A:$T,COLUMN(종합!E46),FALSE) | F48: =IFERROR(H48/G48-1,"-") | G48: =IF(COUNTIF(현재가!$A:$A,$B48),VLOOKUP($B48,현재가!$A:$B,2,FALSE),VLOOKUP($B48,현재가!$D:$E,2,FALSE)) | H48: =IFERROR(P48+((R48-(K48*Q48))/K48),"-") | I48: =IFERROR(P48,"-") | J48: =IFERROR((R48-K48*Q48)/K48,"-") | K48: ='RIM (개별)'!$K$3 | L48: 0.051085991 | M48: =IFERROR(IF(S48/R48<0,0,1-(S48/R48)),"-") | N48: =IFERROR(M48*L48,"-") | O48: =VLOOKUP($A48,'RIM (개별)'!$A:$AA,COLUMN('RIM (개별)'!O50),FALSE) | P48: =IFERROR(((W48-X48)*100000000)/O48,"-") | Q48: =IFERROR((W48*100000000)/O48,"-") | R48: =IFERROR((V48*100000000)/O48,"-") | S48: 175 | T48: 0.018702863 | U48: 117916.07 | V48: =IFERROR(T48*U48,"-") | W48: 47131.4 | X48: 8525.55 | Y48: 무선통신 | Z48: 111899.97 | AA48: 20095.98 | AB48: 2597.15
A49: A001800 | B49: 오리온
A50: A027410 | B50: BGF리테일
A51: A097950 | B51: CJ제일제당
A52: A032640 | B52: LG유플러스

Sheet 무성장가치
E2: 할인율 | G2: 삼성전자 | I2: 주가 | J2: 무성장가치 | K2: 성장 프리미엄
D3: 입력F | E3: 0.08 | I3: =VLOOKUP($G2,$B:$X,COLUMN(I6)-1,FALSE) | J3: =VLOOKUP($G2,$B:$X,COLUMN(J6)-1,FALSE) | K3: =VLOOKUP($G2,$B:$X,COLUMN(K6)-1,FALSE)
A5: CODE | B5: 종목 | C5: 주재무 | D5: 실적 | E5: 시가총액 (억) | F5: PER | G5: PBR | H5: ROE | I5: 주가 (원) | J5: 무성장가치 (원) | K5: 성장 프리미엄 | L5: EPS 3년평균 | M5: EPS 3Q연환산 | N5: EPS 2015 | O5: EPS 2014 | P5: 업종 | Q5: 주식수
A6: A005930 | B6: 삼성전자 | C6: 연결 | D6: 3Q | E6: =I6*Q6/100000000 | F6: =VLOOKUP($A6,종합!$A:$T,COLUMN(종합!F6),FALSE) | G6: =VLOOKUP($A6,종합!$A:$T,COLUMN(종합!G6),FALSE) | H6: =VLOOKUP($A6,종합!$A:$T,COLUMN(종합!H6),FALSE) | I6: =IF(COUNTIF(현재가!$A:$A,$B6),VLOOKUP($B6,현재가!$A:$B,2,FALSE),VLOOKUP($B6,현재가!$D:$E,2,FALSE)) | J6: =L6/$E$3 | K6: =IF((I6/J6-1)>0,I6/J6-1,"없음") | L6: 119450.06 | M6: 112794.14 | N6: 109882.59 | O6: 135673.45 | P6: 휴대폰 및 관련부품 | Q6: 140679337
A7: A015760 | B7: 한국전력 | C7: 연결 | D7: 3Q | E7: =I7*Q7/100000000 | F7: =VLOOKUP($A7,종합!$A:$T,COLUMN(종합!F7),FALSE) | G7: =VLOOKUP($A7,종합!$A:$T,COLUMN(종합!G7),FALSE) | H7: =VLOOKUP($A7,종합!$A:$T,COLUMN(종합!H7),FALSE) | I7: =IF(COUNTIF(현재가!$A:$A,$B7),VLOOKUP($B7,현재가!$A:$B,2,FALSE),VLOOKUP($B7,현재가!$D:$E,2,FALSE)) | J7: =L7/$E$3 | K7: =IF((I7/J7-1)>0,I7/J7-1,"없음") | L7: 12620.33 | M7: 12974.87 | N7: 20700.73 | O7: 4185.39 | P7: 전력 | Q7: 641964077
A8: A005380 | B8: 현대차 | C8: 연결 | D8: 3Q | E8: =I8*Q8/100000000 | F8: =VLOOKUP($A8,종합!$A:$T,COLUMN(종합!F9),FALSE) | G8: =VLOOKUP($A8,종합!$A:$T,COLUMN(종합!G9),FALSE) | H8: =VLOOKUP($A8,종합!$A:$T,COLUMN(종합!H9),FALSE) | I8: =IF(COUNTIF(현재가!$A:$A,$B8),VLOOKUP($B8,현재가!$A:$B,2,FALSE),VLOOKUP($B8,현재가!$D:$E,2,FALSE)) | J8: =L8/$E$3 | K8: =IF((I8/J8-1)>0,I8/J8-1,"없음") | L8: 6662.5333 | M8: -1393.97 | N8: 17749.13 | O8: 3632.44 | P8: 복합 산업 | Q8: 189690043
A9: A028260 | B9: 삼성물산 | C9: 연결 | D9: 3Q | E9: =I9*Q9/100000000 | F9: =VLOOKUP($A9,종합!$A:$T,COLUMN(종합!F12),FALSE) | G9: =VLOOKUP($A9,종합!$A:$T,COLUMN(종합!G12),FALSE) | H9: =VLOOKUP($A9,종합!$A:$T,COLUMN(종합!H12),FALSE) | I9: =IF(COUNTIF(현재가!$A:$A,$B9),VLOOKUP($B9,현재가!$A:$B,2,FALSE),VLOOKUP($B9,현재가!$D:$E,2,FALSE)) | J9: =L9/$E$3 | K9: =IF((I9/J9-1)>0,I9/J9-1,"없음") | L9: 4907.2867 | M9: 3018.34 | N9: 5937.28 | O9: 5766.24 | P9: 반도체 및 관련장비 | Q9: 728002365
A10: A035420 | B10: NAVER | C10: 연결 | D10: 3Q | E10: =I10*Q10/100000000 | F10: =VLOOKUP($A10,종합!$A:$T,COLUMN(종합!F8),FALSE) | G10: =VLOOKUP($A10,종합!$A:$T,COLUMN(종합!G8),FALSE) | H10: =VLOOKUP($A10,종합!$A:$T,COLUMN(종합!H8),FALSE) | I10: =IF(COUNTIF(현재가!$A:$A,$B10),VLOOKUP($B10,현재가!$A:$B,2,FALSE),VLOOKUP($B10,현재가!$D:$E,2,FALSE)) | J10: =L10/$E$3 | K10: =IF((I10/J10-1)>0,I10/J10-1,"없음") | L10: 25594.8 | M10: 23412.46 | N10: 24883.84 | O10: 28488.1 | P10: 자동차 | Q10: 220276479
A11: A012330 | B11: 현대모비스 | C11: 연결 | D11: 3Q | E11: =I11*Q11/100000000 | F11: =VLOOKUP($A11,종합!$A:$T,COLUMN(종합!F10),FALSE) | G11: =VLOOKUP($A11,종합!$A:$T,COLUMN(종합!G10),FALSE) | H11: =VLOOKUP($A11,종합!$A:$T,COLUMN(종합!H10),FALSE) | I11: =IF(COUNTIF(현재가!$A:$A,$B11),VLOOKUP($B11,현재가!$A:$B,2,FALSE),VLOOKUP($B11,현재가!$D:$E,2,FALSE)) | J11: =L11/$E$3 | K11: =IF((I11/J11-1)>0,I11/J11-1,"없음") | L11: 17066.597 | M11: 21675.37 | N11: 15737.39 | O11: 13787.03 | P11: 인터넷 서비스 | Q11: 32962679
A12: A000660 | B12: SK하이닉스 | C12: 연결 | D12: 3Q | E12: =I12*Q12/100000000 | F12: =VLOOKUP($A12,종합!$A:$T,COLUMN(종합!F11),FALSE) | G12: =VLOOKUP($A12,종합!$A:$T,COLUMN(종합!G11),FALSE) | H12: =VLOOKUP($A12,종합!$A:$T,COLUMN(종합!H11),FALSE) | I12: =IF(COUNTIF(현재가!$A:$A,$B12),VLOOKUP($B12,현재가!$A:$B,2,FALSE),VLOOKUP($B12,현재가!$D:$E,2,FALSE)) | J12: =L12/$E$3 | K12: =IF((I12/J12-1)>0,I12/J12-1,"없음") | L12: 33135.453 | M12: 32854.8 | N12: 31386.56 | O12: 35165 | P12: 자동차부품 | Q12: 97343863
A13: A090430 | B13: 아모레퍼시픽 | C13: 연결 | D13: 3Q | E13: =I13*Q13/100000000 | F13: =VLOOKUP($A13,종합!$A:$T,COLUMN(종합!F13),FALSE) | G13: =VLOOKUP($A13,종합!$A:$T,COLUMN(종합!G13),FALSE) | H13: =VLOOKUP($A13,종합!$A:$T,COLUMN(종합!H13),FALSE) | I13: =IF(COUNTIF(현재가!$A:$A,$B13),VLOOKUP($B13,현재가!$A:$B,2,FALSE),VLOOKUP($B13,현재가!$D:$E,2,FALSE)) | J13: =L13/$E$3 | K13: =IF((I13/J13-1)>0,I13/J13-1,"없음") | L13: 8431.0067 | M13: 9219.1 | N13: 9703.95 | O13: 6369.97 | P13: 개인생활용품 | Q13: 58458490
A14: A005490 | B14: POSCO | C14: 연결 | D14: 3Q | E14: =I14*Q14/100000000 | F14: =VLOOKUP($A14,종합!$A:$T,COLUMN(종합!F14),FALSE) | G14: =VLOOKUP($A14,종합!$A:$T,COLUMN(종합!G14),FALSE) | H14: =VLOOKUP($A14,종합!$A:$T,COLUMN(종합!H14),FALSE) | I14: =IF(COUNTIF(현재가!$A:$A,$B14),VLOOKUP($B14,현재가!$A:$B,2,FALSE),VLOOKUP($B14,현재가!$D:$E,2,FALSE)) | J14: =L14/$E$3 | K14: =IF((I14/J14-1)>0,I14/J14-1,"없음") | L14: 8370.0333 | M14: 15857.03 | N14: 2071.95 | O14: 7181.12 | P14: 금속 및 광물 | Q14: 87186835
A15: A017670 | B15: SK텔레콤 | C15: 연결 | D15: 3Q | E15: =I15*Q15/100000000 | F15: =VLOOKUP($A15,종합!$A:$T,COLUMN(종합!F15),FALSE) | G15: =VLOOKUP($A15,종합!$A:$T,COLUMN(종합!G15),FALSE) | H15: =VLOOKUP($A15,종합!$A:$T,COLUMN(종합!H15),FALSE) | I15: =IF(COUNTIF(현재가!$A:$A,$B15),VLOOKUP($B15,현재가!$A:$B,2,FALSE),VLOOKUP($B15,현재가!$D:$E,2,FALSE)) | J15: =L15/$E$3 | K15: =IF((I15/J15-1)>0,I15/J15-1,"없음") | L15: 19827.203 | M15: 18367.58 | N15: 18807.24 | O15: 22306.79 | P15: 무선통신 | Q15: 80745711
A16: A051910 | B16: LG화학 | C16: 연결 | D16: 3Q | E16: =I16*Q16/100000000 | F16: =VLOOKUP($A16,종합!$A:$T,COLUMN(종합!F17),FALSE) | G16: =VLOOKUP($A16,종합!$A:$T,COLUMN(종합!G17),FALSE) | H16: =VLOOKUP($A16,종합!$A:$T,COLUMN(종합!H17),FALSE) | I16: =IF(COUNTIF(현재가!$A:$A,$B16),VLOOKUP($B16,현재가!$A:$B,2,FALSE),VLOOKUP($B16,현재가!$D:$E,2,FALSE)) | J16: =L16/$E$3 | K16: =IF((I16/J16-1)>0,I16/J16-1,"없음") | L16: 6981.0833 | M16: 7068.8 | N16: 6489.49 | O16: 7384.96 | P16: 자동차 | Q16: 405363347
A17: A000270 | B17: 기아 | C17: 연결 | D17: 3Q | E17: =I17*Q17/100000000 | F17: =VLOOKUP($A17,종합!$A:$T,COLUMN(종합!F18),FALSE) | G17: =VLOOKUP($A17,종합!$A:$T,COLUMN(종합!G18),FALSE) | H17: =VLOOKUP($A17,종합!$A:$T,COLUMN(종합!H18),FALSE) | I17: =IF(COUNTIF(현재가!$A:$A,$B17),VLOOKUP($B17,현재가!$A:$B,2,FALSE),VLOOKUP($B17,현재가!$D:$E,2,FALSE)) | J17: =L17/$E$3 | K17: =IF((I17/J17-1)>0,I17/J17-1,"없음") | L17: 6904.18 | M17: 7155.19 | N17: 7543.87 | O17: 6013.48 | P17: 담배 | Q17: 137292497
A18: A033780 | B18: KT&G | C18: 연결 | D18: 3Q | E18: =I18*Q18/100000000 | F18: =VLOOKUP($A18,종합!$A:$T,COLUMN(종합!F16),FALSE) | G18: =VLOOKUP($A18,종합!$A:$T,COLUMN(종합!G16),FALSE) | H18: =VLOOKUP($A18,종합!$A:$T,COLUMN(종합!H16),FALSE) | I18: =IF(COUNTIF(현재가!$A:$A,$B18),VLOOKUP($B18,현재가!$A:$B,2,FALSE),VLOOKUP($B18,현재가!$D:$E,2,FALSE)) | J18: =L18/$E$3 | K18: =IF((I18/J18-1)>0,I18/J18-1,"없음") | L18: 14630.207 | M18: 16544.07 | N18: 15601.98 | O18: 11744.57 | P18: 화학 | Q18: 70592343
A19: A034730 | B19: SK | C19: 연결 | D19: 3Q | E19: =I19*Q19/100000000 | F19: =VLOOKUP($A19,종합!$A:$T,COLUMN(종합!F19),FALSE) | G19: =VLOOKUP($A19,종합!$A:$T,COLUMN(종합!G19),FALSE) | H19: =VLOOKUP($A19,종합!$A:$T,COLUMN(종합!H19),FALSE) | I19: =IF(COUNTIF(현재가!$A:$A,$B19),VLOOKUP($B19,현재가!$A:$B,2,FALSE),VLOOKUP($B19,현재가!$D:$E,2,FALSE)) | J19: =L19/$E$3 | K19: =IF((I19/J19-1)>0,I19/J19-1,"없음") | L19: 36459.83 | M19: 13662.72 | N19: 93170.89 | O19: 2545.88 | P19: 석유 및 가스 | Q19: 70360297
A20: A051900 | B20: LG생활건강 | C20: 연결 | D20: 3Q | E20: =I20*Q20/100000000 | F20: =VLOOKUP($A20,종합!$A:$T,COLUMN(종합!F20),FALSE) | G20: =VLOOKUP($A20,종합!$A:$T,COLUMN(종합!G20),FALSE) | H20: =VLOOKUP($A20,종합!$A:$T,COLUMN(종합!H20),FALSE) | I20: =IF(COUNTIF(현재가!$A:$A,$B20),VLOOKUP($B20,현재가!$A:$B,2,FALSE),VLOOKUP($B20,현재가!$D:$E,2,FALSE)) | J20: =L20/$E$3 | K20: =IF((I20/J20-1)>0,I20/J20-1,"없음") | L20: 26428.203 | M20: 33580.34 | N20: 25982.28 | O20: 19721.99 | P20: 가정생활용품 | Q20: 15618197
A21: A096770 | B21: SK이노베이션 | C21: 연결 | D21: 3Q | E21: =I21*Q21/100000000 | F21: =VLOOKUP($A21,종합!$A:$T,COLUMN(종합!F21),FALSE) | G21: =VLOOKUP($A21,종합!$A:$T,COLUMN(종합!G21),FALSE) | H21: =VLOOKUP($A21,종합!$A:$T,COLUMN(종합!H21),FALSE) | I21: =IF(COUNTIF(현재가!$A:$A,$B21),VLOOKUP($B21,현재가!$A:$B,2,FALSE),VLOOKUP($B21,현재가!$D:$E,2,FALSE)) | J21: =L21/$E$3 | K21: =IF((I21/J21-1)>0,I21/J21-1,"없음") | L21: 5519.2767 | M21: 14145.22 | N21: 8695.9 | O21: -6283.29 | P21: 석유 및 가스 | Q21: 92465564
A22: A018260 | B22: 삼성에스디에스 | C22: 연결 | D22: 3Q | E22: =I22*Q22/100000000 | F22: =VLOOKUP($A22,종합!$A:$T,COLUMN(종합!F24),FALSE) | G22: =VLOOKUP($A22,종합!$A:$T,COLUMN(종합!G24),FALSE) | H22: =VLOOKUP($A22,종합!$A:$T,COLUMN(종합!H24),FALSE) | I22: =IF(COUNTIF(현재가!$A:$A,$B22),VLOOKUP($B22,현재가!$A:$B,2,FALSE),VLOOKUP($B22,현재가!$D:$E,2,FALSE)) | J22: =L22/$E$3 | K22: =IF((I22/J22-1)>0,I22/J22-1,"없음") | L22: 3364.15 | M22: 4237.41 | N22: 3158.41 | O22: 2696.63 | P22: 개인생활용품 | Q22: 82458180
A23: A068270 | B23: 셀트리온 | C23: 연결 | D23: 3Q | E23: =I23*Q23/100000000 | F23: =VLOOKUP($A23,종합!$A:$T,COLUMN(종합!F22),FALSE) | G23: =VLOOKUP($A23,종합!$A:$T,COLUMN(종합!G22),FALSE) | H23: =VLOOKUP($A23,종합!$A:$T,COLUMN(종합!H22),FALSE) | I23: =IF(COUNTIF(현재가!$A:$A,$B23),VLOOKUP($B23,현재가!$A:$B,2,FALSE),VLOOKUP($B23,현재가!$D:$E,2,FALSE)) | J23: =L23/$E$3 | K23: =IF((I23/J23-1)>0,I23/J23-1,"없음") | L23: 5728.97 | M23: 6177.29 | N23: 5673.72 | O23: 5335.9 | P23: IT 서비스 | Q23: 77377800
A24: A002790 | B24: 아모레G | C24: 연결 | D24: 3Q | E24: =I24*Q24/100000000 | F24: =VLOOKUP($A24,종합!$A:$T,COLUMN(종합!F23),FALSE) | G24: =VLOOKUP($A24,종합!$A:$T,COLUMN(종합!G23),FALSE) | H24: =VLOOKUP($A24,종합!$A:$T,COLUMN(종합!H23),FALSE) | I24: =IF(COUNTIF(현재가!$A:$A,$B24),VLOOKUP($B24,현재가!$A:$B,2,FALSE),VLOOKUP($B24,현재가!$D:$E,2,FALSE)) | J24: =L24/$E$3 | K24: =IF((I24/J24-1)>0,I24/J24-1,"없음") | L24: 1285.4733 | M24: 1516.93 | N24: 1331.91 | O24: 1007.58 | P24: 바이오 | Q24: 116598327
A25: A003550 | B25: LG | C25: 연결 | D25: 3Q | E25: =I25*Q25/100000000 | F25: =VLOOKUP($A25,종합!$A:$T,COLUMN(종합!F27),FALSE) | G25: =VLOOKUP($A25,종합!$A:$T,COLUMN(종합!G27),FALSE) | H25: =VLOOKUP($A25,종합!$A:$T,COLUMN(종합!H27),FALSE) | I25: =IF(COUNTIF(현재가!$A:$A,$B25),VLOOKUP($B25,현재가!$A:$B,2,FALSE),VLOOKUP($B25,현재가!$D:$E,2,FALSE)) | J25: =L25/$E$3 | K25: =IF((I25/J25-1)>0,I25/J25-1,"없음") | L25: -11810.517 | M25: 5609.58 | N25: -17761.99 | O25: -23279.14 | P25: 조선 | Q25: 76000000
A26: A034220 | B26: LG디스플레이 | C26: 연결 | D26: 3Q | E26: =I26*Q26/100000000 | F26: =VLOOKUP($A26,종합!$A:$T,COLUMN(종합!F26),FALSE) | G26: =VLOOKUP($A26,종합!$A:$T,COLUMN(종합!G26),FALSE) | H26: =VLOOKUP($A26,종합!$A:$T,COLUMN(종합!H26),FALSE) | I26: =IF(COUNTIF(현재가!$A:$A,$B26),VLOOKUP($B26,현재가!$A:$B,2,FALSE),VLOOKUP($B26,현재가!$D:$E,2,FALSE)) | J26: =L26/$E$3 | K26: =IF((I26/J26-1)>0,I26/J26-1,"없음") | L26: 1829.3067 | M26: 259.47 | N26: 2701.26 | O26: 2527.19 | P26: 디스플레이 및 관련부품 | Q26: 357815700
A27: A009540 | B27: 현대중공업 | C27: 연결 | D27: 3Q | E27: =I27*Q27/100000000 | F27: =VLOOKUP($A27,종합!$A:$T,COLUMN(종합!F25),FALSE) | G27: =VLOOKUP($A27,종합!$A:$T,COLUMN(종합!G25),FALSE) | H27: =VLOOKUP($A27,종합!$A:$T,COLUMN(종합!H25),FALSE) | I27: =IF(COUNTIF(현재가!$A:$A,$B27),VLOOKUP($B27,현재가!$A:$B,2,FALSE),VLOOKUP($B27,현재가!$D:$E,2,FALSE)) | J27: =L27/$E$3 | K27: =IF((I27/J27-1)>0,I27/J27-1,"없음") | L27: 5423.7567 | M27: 6100.58 | N27: 5368.62 | O27: 4802.07 | P27: 복합 산업 | Q27: 172557131
A28: A011170 | B28: 롯데케미칼 | C28: 연결 | D28: 3Q | E28: =I28*Q28/100000000 | F28: =VLOOKUP($A28,종합!$A:$T,COLUMN(종합!F28),FALSE) | G28: =VLOOKUP($A28,종합!$A:$T,COLUMN(종합!G28),FALSE) | H28: =VLOOKUP($A28,종합!$A:$T,COLUMN(종합!H28),FALSE) | I28: =IF(COUNTIF(현재가!$A:$A,$B28),VLOOKUP($B28,현재가!$A:$B,2,FALSE),VLOOKUP($B28,현재가!$D:$E,2,FALSE)) | J28: =L28/$E$3 | K28: =IF((I28/J28-1)>0,I28/J28-1,"없음") | L28: 24970.043 | M28: 41668.58 | N28: 28956.97 | O28: 4284.58 | P28: 화학 | Q28: 34275419
A29: A010130 | B29: 고려아연 | C29: 연결 | D29: 3Q | E29: =I29*Q29/100000000 | F29: =VLOOKUP($A29,종합!$A:$T,COLUMN(종합!F33),FALSE) | G29: =VLOOKUP($A29,종합!$A:$T,COLUMN(종합!G33),FALSE) | H29: =VLOOKUP($A29,종합!$A:$T,COLUMN(종합!H33),FALSE) | I29: =IF(COUNTIF(현재가!$A:$A,$B29),VLOOKUP($B29,현재가!$A:$B,2,FALSE),VLOOKUP($B29,현재가!$D:$E,2,FALSE)) | J29: =L29/$E$3 | K29: =IF((I29/J29-1)>0,I29/J29-1,"없음") | L29: 4080.64 | M29: 9296.12 | N29: 5414.21 | O29: -2468.41 | P29: 석유 및 가스 | Q29: 112582792
A30: A035250 | B30: 강원랜드 | C30: 연결 | D30: 3Q | E30: =I30*Q30/100000000 | F30: =VLOOKUP($A30,종합!$A:$T,COLUMN(종합!F29),FALSE) | G30: =VLOOKUP($A30,종합!$A:$T,COLUMN(종합!G29),FALSE) | H30: =VLOOKUP($A30,종합!$A:$T,COLUMN(종합!H29),FALSE) | I30: =IF(COUNTIF(현재가!$A:$A,$B30),VLOOKUP($B30,현재가!$A:$B,2,FALSE),VLOOKUP($B30,현재가!$D:$E,2,FALSE)) | J30: =L30/$E$3 | K30: =IF((I30/J30-1)>0,I30/J30-1,"없음") | L30: 26854.9 | M30: 27006.2 | N30: 26993.92 | O30: 26564.58 | P30: 금속 및 광물 | Q30: 18870000
A31: A066570 | B31: LG전자 | C31: 연결 | D31: 3Q | E31: =I31*Q31/100000000 | F31: =VLOOKUP($A31,종합!$A:$T,COLUMN(종합!F32),FALSE) | G31: =VLOOKUP($A31,종합!$A:$T,COLUMN(종합!G32),FALSE) | H31: =VLOOKUP($A31,종합!$A:$T,COLUMN(종합!H32),FALSE) | I31: =IF(COUNTIF(현재가!$A:$A,$B31),VLOOKUP($B31,현재가!$A:$B,2,FALSE),VLOOKUP($B31,현재가!$D:$E,2,FALSE)) | J31: =L31/$E$3 | K31: =IF((I31/J31-1)>0,I31/J31-1,"없음") | L31: -0.60333333 | M31: 1920.89 | N31: 2117.73 | O31: -4040.43 | P31: 무선통신 | Q31: 261111808
A32: A030200 | B32: KT | C32: 연결 | D32: 3Q | E32: =I32*Q32/100000000 | F32: =VLOOKUP($A32,종합!$A:$T,COLUMN(종합!F31),FALSE) | G32: =VLOOKUP($A32,종합!$A:$T,COLUMN(종합!G31),FALSE) | H32: =VLOOKUP($A32,종합!$A:$T,COLUMN(종합!H31),FALSE) | I32: =IF(COUNTIF(현재가!$A:$A,$B32),VLOOKUP($B32,현재가!$A:$B,2,FALSE),VLOOKUP($B32,현재가!$D:$E,2,FALSE)) | J32: =L32/$E$3 | K32: =IF((I32/J32-1)>0,I32/J32-1,"없음") | L32: 1428.03 | M32: 1387.82 | N32: 687.89 | O32: 2208.38 | P32: 내구소비재 | Q32: 163647814
A33: A010950 | B33: S-Oil | C33: 연결 | D33: 3Q | E33: =I33*Q33/100000000 | F33: =VLOOKUP($A33,종합!$A:$T,COLUMN(종합!F30),FALSE) | G33: =VLOOKUP($A33,종합!$A:$T,COLUMN(종합!G30),FALSE) | H33: =VLOOKUP($A33,종합!$A:$T,COLUMN(종합!H30),FALSE) | I33: =IF(COUNTIF(현재가!$A:$A,$B33),VLOOKUP($B33,현재가!$A:$B,2,FALSE),VLOOKUP($B33,현재가!$D:$E,2,FALSE)) | J33: =L33/$E$3 | K33: =IF((I33/J33-1)>0,I33/J33-1,"없음") | L33: 2001.83 | M33: 2261.41 | N33: 2064.34 | O33: 1679.74 | P33: 호텔 및 레저 | Q33: 213940500
A34: A008930 | B34: 한미사이언스 | C34: 연결 | D34: 3Q | E34: =I34*Q34/100000000 | F34: =VLOOKUP($A34,종합!$A:$T,COLUMN(종합!F42),FALSE) | G34: =VLOOKUP($A34,종합!$A:$T,COLUMN(종합!G42),FALSE) | H34: =VLOOKUP($A34,종합!$A:$T,COLUMN(종합!H42),FALSE) | I34: =IF(COUNTIF(현재가!$A:$A,$B34),VLOOKUP($B34,현재가!$A:$B,2,FALSE),VLOOKUP($B34,현재가!$D:$E,2,FALSE)) | J34: =L34/$E$3 | K34: =IF((I34/J34-1)>0,I34/J34-1,"없음") | L34: -2555.8233 | M34: -12226.96 | N34: -12164.39 | O34: 16723.88 | P34: 백화점 | Q34: 31490892
A35: A006400 | B35: 삼성SDI | C35: 연결 | D35: 3Q | E35: =I35*Q35/100000000 | F35: =VLOOKUP($A35,종합!$A:$T,COLUMN(종합!F37),FALSE) | G35: =VLOOKUP($A35,종합!$A:$T,COLUMN(종합!G37),FALSE) | H35: =VLOOKUP($A35,종합!$A:$T,COLUMN(종합!H37),FALSE) | I35: =IF(COUNTIF(현재가!$A:$A,$B35),VLOOKUP($B35,현재가!$A:$B,2,FALSE),VLOOKUP($B35,현재가!$D:$E,2,FALSE)) | J35: =L35/$E$3 | K35: =IF((I35/J35-1)>0,I35/J35-1,"없음") | L35: 3670.1367 | M35: 3323.65 | N35: 4449.26 | O35: 3237.5 | P35: 내구소비재 | Q35: 76380513
A36: A047810 | B36: 한국항공우주 | C36: 연결 | D36: 3Q | E36: =I36*Q36/100000000 | F36: =VLOOKUP($A36,종합!$A:$T,COLUMN(종합!F40),FALSE) | G36: =VLOOKUP($A36,종합!$A:$T,COLUMN(종합!G40),FALSE) | H36: =VLOOKUP($A36,종합!$A:$T,COLUMN(종합!H40),FALSE) | I36: =IF(COUNTIF(현재가!$A:$A,$B36),VLOOKUP($B36,현재가!$A:$B,2,FALSE),VLOOKUP($B36,현재가!$D:$E,2,FALSE)) | J36: =L36/$E$3 | K36: =IF((I36/J36-1)>0,I36/J36-1,"없음") | L36: 5950.3033 | M36: 6906.11 | N36: 5291.04 | O36: 5653.76 | P36: 자동차부품 | Q36: 123875069
A37: A021240 | B37: 코웨이 | C37: 연결 | D37: 3Q | E37: =I37*Q37/100000000 | F37: =VLOOKUP($A37,종합!$A:$T,COLUMN(종합!F36),FALSE) | G37: =VLOOKUP($A37,종합!$A:$T,COLUMN(종합!G36),FALSE) | H37: =VLOOKUP($A37,종합!$A:$T,COLUMN(종합!H36),FALSE) | I37: =IF(COUNTIF(현재가!$A:$A,$B37),VLOOKUP($B37,현재가!$A:$B,2,FALSE),VLOOKUP($B37,현재가!$D:$E,2,FALSE)) | J37: =L37/$E$3 | K37: =IF((I37/J37-1)>0,I37/J37-1,"없음") | L37: 1797.6767 | M37: 2400.73 | N37: 1852.43 | O37: 1139.87 | P37: 상업서비스 | Q37: 97475107
A38: A004020 | B38: 현대제철 | C38: 연결 | D38: 3Q | E38: =I38*Q38/100000000 | F38: =VLOOKUP($A38,종합!$A:$T,COLUMN(종합!F38),FALSE) | G38: =VLOOKUP($A38,종합!$A:$T,COLUMN(종합!G38),FALSE) | H38: =VLOOKUP($A38,종합!$A:$T,COLUMN(종합!H38),FALSE) | I38: =IF(COUNTIF(현재가!$A:$A,$B38),VLOOKUP($B38,현재가!$A:$B,2,FALSE),VLOOKUP($B38,현재가!$D:$E,2,FALSE)) | J38: =L38/$E$3 | K38: =IF((I38/J38-1)>0,I38/J38-1,"없음") | L38: 6562.9 | M38: 7261.22 | N38: 5865.81 | O38: 6561.67 | P38: 금속 및 광물 | Q38: 133445785
A39: A128940 | B39: 한미약품 | C39: 연결 | D39: 3Q | E39: =I39*Q39/100000000 | F39: =VLOOKUP($A39,종합!$A:$T,COLUMN(종합!F41),FALSE) | G39: =VLOOKUP($A39,종합!$A:$T,COLUMN(종합!G41),FALSE) | H39: =VLOOKUP($A39,종합!$A:$T,COLUMN(종합!H41),FALSE) | I39: =IF(COUNTIF(현재가!$A:$A,$B39),VLOOKUP($B39,현재가!$A:$B,2,FALSE),VLOOKUP($B39,현재가!$D:$E,2,FALSE)) | J39: =L39/$E$3 | K39: =IF((I39/J39-1)>0,I39/J39-1,"없음") | L39: 13704.073 | M39: 16760.11 | N39: 10052.38 | O39: 14299.73 | P39: 육상운수 | Q39: 37500000
A40: A161390 | B40: 한국타이어앤테크놀로지 | C40: 연결 | D40: 3Q | E40: =I40*Q40/100000000 | F40: =VLOOKUP($A40,종합!$A:$T,COLUMN(종합!F35),FALSE) | G40: =VLOOKUP($A40,종합!$A:$T,COLUMN(종합!G35),FALSE) | H40: =VLOOKUP($A40,종합!$A:$T,COLUMN(종합!H35),FALSE) | I40: =IF(COUNTIF(현재가!$A:$A,$B40),VLOOKUP($B40,현재가!$A:$B,2,FALSE),VLOOKUP($B40,현재가!$D:$E,2,FALSE)) | J40: =L40/$E$3 | K40: =IF((I40/J40-1)>0,I40/J40-1,"없음") | L40: -171.15 | M40: 147.21 | N40: 765.05 | O40: -1425.71 | P40: 전자 장비 및 기기 | Q40: 68764530
A41: A086280 | B41: 현대글로비스 | C41: 연결 | D41: 3Q | E41: =I41*Q41/100000000 | F41: =VLOOKUP($A41,종합!$A:$T,COLUMN(종합!F46),FALSE) | G41: =VLOOKUP($A41,종합!$A:$T,COLUMN(종합!G46),FALSE) | H41: =VLOOKUP($A41,종합!$A:$T,COLUMN(종합!H46),FALSE) | I41: =IF(COUNTIF(현재가!$A:$A,$B41),VLOOKUP($B41,현재가!$A:$B,2,FALSE),VLOOKUP($B41,현재가!$D:$E,2,FALSE)) | J41: =L41/$E$3 | K41: =IF((I41/J41-1)>0,I41/J41-1,"없음") | L41: 9772.1 | M41: 11286.95 | N41: 7542.22 | O41: 10487.13 | P41: 게임 소프트웨어 | Q41: 21929022
A42: A023530 | B42: 롯데쇼핑 | C42: 연결 | D42: 3Q | E42: =I42*Q42/100000000 | F42: =VLOOKUP($A42,종합!$A:$T,COLUMN(종합!F43),FALSE) | G42: =VLOOKUP($A42,종합!$A:$T,COLUMN(종합!G43),FALSE) | H42: =VLOOKUP($A42,종합!$A:$T,COLUMN(종합!H43),FALSE) | I42: =IF(COUNTIF(현재가!$A:$A,$B42),VLOOKUP($B42,현재가!$A:$B,2,FALSE),VLOOKUP($B42,현재가!$D:$E,2,FALSE)) | J42: =L42/$E$3 | K42: =IF((I42/J42-1)>0,I42/J42-1,"없음") | L42: 482.68 | M42: 500.31 | N42: 431.83 | O42: 515.9 | P42: 자동차부품 | Q42: 533800000
A43: A018880 | B43: 한온시스템 | C43: 연결 | D43: 3Q | E43: =I43*Q43/100000000 | F43: =VLOOKUP($A43,종합!$A:$T,COLUMN(종합!F34),FALSE) | G43: =VLOOKUP($A43,종합!$A:$T,COLUMN(종합!G34),FALSE) | H43: =VLOOKUP($A43,종합!$A:$T,COLUMN(종합!H34),FALSE) | I43: =IF(COUNTIF(현재가!$A:$A,$B43),VLOOKUP($B43,현재가!$A:$B,2,FALSE),VLOOKUP($B43,현재가!$D:$E,2,FALSE)) | J43: =L43/$E$3 | K43: =IF((I43/J43-1)>0,I43/J43-1,"없음") | L43: 2202.4333 | M43: 3179.06 | N43: 3062.62 | O43: 365.62 | P43: 제약 | Q43: 58290309
A44: A035720 | B44: 카카오 | C44: 연결 | D44: 3Q | E44: =I44*Q44/100000000 | F44: =VLOOKUP($A44,종합!$A:$T,COLUMN(종합!F44),FALSE) | G44: =VLOOKUP($A44,종합!$A:$T,COLUMN(종합!G44),FALSE) | H44: =VLOOKUP($A44,종합!$A:$T,COLUMN(종합!H44),FALSE) | I44: =IF(COUNTIF(현재가!$A:$A,$B44),VLOOKUP($B44,현재가!$A:$B,2,FALSE),VLOOKUP($B44,현재가!$D:$E,2,FALSE)) | J44: =L44/$E$3 | K44: =IF((I44/J44-1)>0,I44/J44-1,"없음") | L44: 2697.3267 | M44: 705.6 | N44: 1269.27 | O44: 6117.11 | P44: 인터넷 서비스 | Q44: 67615715
A45: A001040 | B45: CJ | C45: 연결 | D45: 3Q | E45: =I45*Q45/100000000 | F45: =VLOOKUP($A45,종합!$A:$T,COLUMN(종합!F45),FALSE) | G45: =VLOOKUP($A45,종합!$A:$T,COLUMN(종합!G45),FALSE) | H45: =VLOOKUP($A45,종합!$A:$T,COLUMN(종합!H45),FALSE) | I45: =IF(COUNTIF(현재가!$A:$A,$B45),VLOOKUP($B45,현재가!$A:$B,2,FALSE),VLOOKUP($B45,현재가!$D:$E,2,FALSE)) | J45: =L45/$E$3 | K45: =IF((I45/J45-1)>0,I45/J45-1,"없음") | L45: 7633.6967 | M45: 8634.64 | N45: 7068.64 | O45: 7197.81 | P45: 식료품 | Q45: 29176998
A46: A036570 | B46: 엔씨소프트 | C46: 연결 | D46: 3Q | E46: =I46*Q46/100000000 | F46: =VLOOKUP($A46,종합!$A:$T,COLUMN(종합!F50),FALSE) | G46: =VLOOKUP($A46,종합!$A:$T,COLUMN(종합!G50),FALSE) | H46: =VLOOKUP($A46,종합!$A:$T,COLUMN(종합!H50),FALSE) | I46: =IF(COUNTIF(현재가!$A:$A,$B46),VLOOKUP($B46,현재가!$A:$B,2,FALSE),VLOOKUP($B46,현재가!$D:$E,2,FALSE)) | J46: =L46/$E$3 | K46: =IF((I46/J46-1)>0,I46/J46-1,"없음") | L46: 758.86333 | M46: 949 | N46: 804.94 | O46: 522.65 | P46: 무선통신 | Q46: 436611361
A47: A001800 | B47: 오리온
A48: A027410 | B48: BGF리테일
A49: A097950 | B49: CJ제일제당
A50: A032640 | B50: LG유플러스

Sheet 분기 환산주식수
A1: Symbol | B1: Symbol Name | C1: Kind | D1: Item | E1: Item Name | F1: Frequency | G1: 40724 | H1: 40816 | I1: 40908 | J1: 40999 | K1: 41090 | L1: 41182 | M1: 41274 | N1: 41364 | O1: 41455 | P1: 41547 | Q1: 41639 | R1: 41729 | S1: 41820 | T1: 41912 | U1: 42004 | V1: 42094 | W1: 42185 | X1: 42277 | Y1: 42369 | Z1: 42460 | AA1: 42468
A2: A005930 | B2: 삼성전자 | C2: SSC | D2: S420003950 | E2: 상장주식수 (보통+우선)(주) | F2: QUARTERLY | G2: 170132764 | H2: 170132764 | I2: 170132764 | J2: 170132764 | K2: 170132764 | L2: 170132764 | M2: 170132764 | N2: 170132764 | O2: 170132764 | P2: 170132764 | Q2: 170132764 | R2: 170132764 | S2: 170132764 | T2: 170132764 | U2: 170132764 | V2: 170132764 | W2: 170132764 | X2: 170132764 | Y2: 170132764 | Z2: 166662764 | AA2: 166662764
A3: A015760 | B3: 한국전력 | C3: SSC | D3: S420003950 | E3: 상장주식수 (보통+우선)(주) | F3: QUARTERLY | G3: 641964077 | H3: 641964077 | I3: 641964077 | J3: 641964077 | K3: 641964077 | L3: 641964077 | M3: 641964077 | N3: 641964077 | O3: 641964077 | P3: 641964077 | Q3: 641964077 | R3: 641964077 | S3: 641964077 | T3: 641964077 | U3: 641964077 | V3: 641964077 | W3: 641964077 | X3: 641964077 | Y3: 641964077 | Z3: 641964077 | AA3: 641964077
A4: A005380 | B4: 현대차 | C4: SSC | D4: S420003950 | E4: 상장주식수 (보통+우선)(주) | F4: QUARTERLY | G4: 285478625 | H4: 285478625 | I4: 285478625 | J4: 285478625 | K4: 285478625 | L4: 285478625 | M4: 285478625 | N4: 285478625 | O4: 285478625 | P4: 285478625 | Q4: 285478625 | R4: 285478625 | S4: 285478625 | T4: 285478625 | U4: 285478625 | V4: 285478625 | W4: 285478625 | X4: 285478625 | Y4: 285478625 | Z4: 285478625 | AA4: 285478625
A5: A028260 | B5: 삼성물산 | C5: SSC | D5: S420003950 | E5: 상장주식수 (보통+우선)(주) | F5: QUARTERLY | U5: 135000000 | V5: 135000000 | W5: 135000000 | X5: 191317483 | Y5: 191317483 | Z5: 191317483 | AA5: 191317483
A6: A012330 | B6: 현대모비스 | C6: SSC | D6: S420003950 | E6: 상장주식수 (보통+우선)(주) | F6: QUARTERLY | G6: 97369321 | H6: 97369321 | I6: 97369321 | J6: 97369321 | K6: 97369321 | L6: 97369321 | M6: 97369321 | N6: 97369321 | O6: 97369321 | P6: 97369321 | Q6: 97369321 | R6: 97347837 | S6: 97347837 | T6: 97347837 | U6: 97347837 | V6: 97343863 | W6: 97343863 | X6: 97343863 | Y6: 97343863 | Z6: 97343863 | AA6: 97343863
A7: A000660 | B7: SK하이닉스 | C7: SSC | D7: S420003950 | E7: 상장주식수 (보통+우선)(주) | F7: QUARTERLY | G7: 592171582 | H7: 592171582 | I7: 592171582 | J7: 694024412 | K7: 694122430 | L7: 694122451 | M7: 694152768 | N7: 694160034 | O7: 694472461 | P7: 710200891 | Q7: 710200891 | R7: 710200891 | S7: 712258284 | T7: 723865262 | U7: 728002365 | V7: 728002365 | W7: 728002365 | X7: 728002365 | Y7: 728002365 | Z7: 728002365 | AA7: 728002365
A8: A032830 | B8: 삼성생명 | C8: SSC | D8: S420003950 | E8: 상장주식수 (보통+우선)(주) | F8: QUARTERLY | G8: 200000000 | H8: 200000000 | I8: 200000000 | J8: 200000000 | K8: 200000000 | L8: 200000000 | M8: 200000000 | N8: 200000000 | O8: 200000000 | P8: 200000000 | Q8: 200000000 | R8: 200000000 | S8: 200000000 | T8: 200000000 | U8: 200000000 | V8: 200000000 | W8: 200000000 | X8: 200000000 | Y8: 200000000 | Z8: 200000000 | AA8: 200000000
A9: A090430 | B9: 아모레퍼시픽 | C9: SSC | D9: S420003950 | E9: 상장주식수 (보통+우선)(주) | F9: QUARTERLY | G9: 6901632 | H9: 6901632 | I9: 6901632 | J9: 6901632 | K9: 6901632 | L9: 6901632 | M9: 6901632 | N9: 6901632 | O9: 6901632 | P9: 6901632 | Q9: 6901632 | R9: 6901632 | S9: 6901632 | T9: 6901632 | U9: 6901632 | V9: 6901632 | W9: 69016320 | X9: 69016320 | Y9: 69016320 | Z9: 69016320 | AA9: 69016320
A10: A035420 | B10: NAVER | C10: SSC | D10: S420003950 | E10: 상장주식수 (보통+우선)(주) | F10: QUARTERLY | G10: 48127704 | H10: 48127704 | I10: 48127704 | J10: 48127704 | K10: 48127704 | L10: 48127704 | M10: 48127704 | N10: 48127704 | O10: 48127704 | P10: 32962679 | Q10: 32962679 | R10: 32962679 | S10: 32962679 | T10: 32962679 | U10: 32962679 | V10: 32962679 | W10: 32962679 | X10: 32962679 | Y10: 32962679 | Z10: 32962679 | AA10: 32962679
A11: A051910 | B11: LG화학 | C11: SSC | D11: S420003950 | E11: 상장주식수 (보통+우선)(주) | F11: QUARTERLY | G11: 73900021 | H11: 73900021 | I11: 73900021 | J11: 73900021 | K11: 73900021 | L11: 73900021 | M11: 73900021 | N11: 73900021 | O11: 73900021 | P11: 73900021 | Q11: 73900021 | R11: 73900021 | S11: 73900021 | T11: 73900021 | U11: 73900021 | V11: 73900021 | W11: 73900021 | X11: 73900021 | Y11: 73900021 | Z11: 73900021 | AA11: 73900021
A12: A000270 | B12: 기아차 | C12: SSC | D12: S420003950 | E12: 상장주식수 (보통+우선)(주) | F12: QUARTERLY | G12: 399017029 | H12: 399797814 | I12: 403814773 | J12: 405363347 | K12: 405363347 | L12: 405363347 | M12: 405363347 | N12: 405363347 | O12: 405363347 | P12: 405363347 | Q12: 405363347 | R12: 405363347 | S12: 405363347 | T12: 405363347 | U12: 405363347 | V12: 405363347 | W12: 405363347 | X12: 405363347 | Y12: 405363347 | Z12: 405363347 | AA12: 405363347
A13: A005490 | B13: POSCO | C13: SSC | D13: S420003950 | E13: 상장주식수 (보통+우선)(주) | F13: QUARTERLY | G13: 87186835 | H13: 87186835 | I13: 87186835 | J13: 87186835 | K13: 87186835 | L13: 87186835 | M13: 87186835 | N13: 87186835 | O13: 87186835 | P13: 87186835 | Q13: 87186835 | R13: 87186835 | S13: 87186835 | T13: 87186835 | U13: 87186835 | V13: 87186835 | W13: 87186835 | X13: 87186835 | Y13: 87186835 | Z13: 87186835 | AA13: 87186835
A14: A055550 | B14: 신한지주 | C14: SSC | D14: S420003950 | E14: 상장주식수 (보통+우선)(주) | F14: QUARTERLY | G14: 474199587 | H14: 474199587 | I14: 474199587 | J14: 474199587 | K14: 474199587 | L14: 474199587 | M14: 474199587 | N14: 474199587 | O14: 474199587 | P14: 474199587 | Q14: 474199587 | R14: 474199587 | S14: 474199587 | T14: 474199587 | U14: 474199587 | V14: 474199587 | W14: 474199587 | X14: 474199587 | Y14: 474199587 | Z14: 474199587 | AA14: 474199587
A15: A017670 | B15: SK텔레콤 | C15: SSC | D15: S420003950 | E15: 상장주식수 (보통+우선)(주) | F15: QUARTERLY | G15: 80745711 | H15: 80745711 | I15: 80745711 | J15: 80745711 | K15: 80745711 | L15: 80745711 | M15: 80745711 | N15: 80745711 | O15: 80745711 | P15: 80745711 | Q15: 80745711 | R15: 80745711 | S15: 80745711 | T15: 80745711 | U15: 80745711 | V15: 80745711 | W15: 80745711 | X15: 80745711 | Y15: 80745711 | Z15: 80745711 | AA15: 80745711
A16: A034730 | B16: SK | C16: SSC | D16: S420003950 | E16: 상장주식수 (보통+우선)(주) | F16: QUARTERLY | G16: 50000000 | H16: 50000000 | I16: 50000000 | J16: 50000000 | K16: 50000000 | L16: 50000000 | M16: 50000000 | N16: 50000000 | O16: 50000000 | P16: 50000000 | Q16: 50000000 | R16: 50000000 | S16: 50000000 | T16: 50000000 | U16: 50000000 | V16: 50000000 | W16: 44000000 | X16: 70926432 | Y16: 70926432 | Z16: 70926432 | AA16: 70926432
A17: A018260 | B17: 삼성에스디에스 | C17: SSC | D17: S420003950 | E17: 상장주식수 (보통+우선)(주) | F17: QUARTERLY | T17: 77377800 | U17: 77377800 | V17: 77377800 | W17: 77377800 | X17: 77377800 | Y17: 77377800 | Z17: 77377800 | AA17: 77377800
A18: A000810 | B18: 삼성화재 | C18: SSC | D18: S420003950 | E18: 상장주식수 (보통+우선)(주) | F18: QUARTERLY | G18: 50566837 | H18: 50566837 | I18: 50566837 | J18: 50566837 | K18: 50566837 | L18: 50566837 | M18: 50566837 | N18: 50566837 | O18: 50566837 | P18: 50566837 | Q18: 50566837 | R18: 50566837 | S18: 50566837 | T18: 50566837 | U18: 50566837 | V18: 50566837 | W18: 50566837 | X18: 50566837 | Y18: 50566837 | Z18: 50566837 | AA18: 50566837
A19: A033780 | B19: KT&G | C19: SSC | D19: S420003950 | E19: 상장주식수 (보통+우선)(주) | F19: QUARTERLY | G19: 137292497 | H19: 137292497 | I19: 137292497 | J19: 137292497 | K19: 137292497 | L19: 137292497 | M19: 137292497 | N19: 137292497 | O19: 137292497 | P19: 137292497 | Q19: 137292497 | R19: 137292497 | S19: 137292497 | T19: 137292497 | U19: 137292497 | V19: 137292497 | W19: 137292497 | X19: 137292497 | Y19: 137292497 | Z19: 137292497 | AA19: 137292497
A20: A096770 | B20: SK이노베이션 | C20: SSC | D20: S420003950 | E20: 상장주식수 (보통+우선)(주) | F20: QUARTERLY | G20: 93713990 | H20: 93713990 | I20: 93713990 | J20: 93713990 | K20: 93713990 | L20: 93713990 | M20: 93713990 | N20: 93713990 | O20: 93713990 | P20: 93713990 | Q20: 93713990 | R20: 93713990 | S20: 93713990 | T20: 93713990 | U20: 93713990 | V20: 93713990 | W20: 93713990 | X20: 93713990 | Y20: 93713990 | Z20: 93713990 | AA20: 93713990
A21: A051900 | B21: LG생활건강 | C21: SSC | D21: S420003950 | E21: 상장주식수 (보통+우선)(주) | F21: QUARTERLY | G21: 17717894 | H21: 17717894 | I21: 17717894 | J21: 17717894 | K21: 17717894 | L21: 17717894 | M21: 17717894 | N21: 17717894 | O21: 17717894 | P21: 17717894 | Q21: 17717894 | R21: 17717894 | S21: 17717894 | T21: 17717894 | U21: 17717894 | V21: 17717894 | W21: 17717894 | X21: 17717894 | Y21: 17717894 | Z21: 17717894 | AA21: 17717894
A22: A068270 | B22: 셀트리온 | C22: SSC | D22: S420003950 | E22: 상장주식수 (보통+우선)(주) | F22: QUARTERLY | G22: 116514312 | H22: 116522891 | I22: 116522891 | J22: 116621020 | K22: 174577236 | L22: 174634760 | M22: 174639638 | N22: 87399845 | O22: 100442518 | P22: 100503857 | Q22: 100503857 | R22: 100503857 | S22: 103515719 | T22: 103542123 | U22: 103569771 | V22: 103571331 | W22: 111777258 | X22: 112026287 | Y22: 112431663 | Z22: 113081694 | AA22: 113100878
A23: A105560 | B23: KB금융 | C23: SSC | D23: S420003950 | E23: 상장주식수 (보통+우선)(주) | F23: QUARTERLY | G23: 386351693 | H23: 386351693 | I23: 386351693 | J23: 386351693 | K23: 386351693 | L23: 386351693 | M23: 386351693 | N23: 386351693 | O23: 386351693 | P23: 386351693 | Q23: 386351693 | R23: 386351693 | S23: 386351693 | T23: 386351693 | U23: 386351693 | V23: 386351693 | W23: 386351693 | X23: 386351693 | Y23: 386351693 | Z23: 386351693 | AA23: 386351693
A24: A003550 | B24: LG | C24: SSC | D24: S420003950 | E24: 상장주식수 (보통+우선)(주) | F24: QUARTERLY | G24: 175871808 | H24: 175871808 | I24: 175871808 | J24: 175871808 | K24: 175871808 | L24: 175871808 | M24: 175871808 | N24: 175871808 | O24: 175871808 | P24: 175871808 | Q24: 175871808 | R24: 175871808 | S24: 175871808 | T24: 175871808 | U24: 175871808 | V24: 175871808 | W24: 175871808 | X24: 175871808 | Y24: 175871808 | Z24: 175871808 | AA24: 175871808
A25: A002790 | B25: 아모레G | C25: SSC | D25: S420003950 | E25: 상장주식수 (보통+우선)(주) | F25: QUARTERLY | G25: 8890195 | H25: 8890195 | I25: 8890195 | J25: 8890195 | K25: 8890195 | L25: 8890195 | M25: 8890195 | N25: 8890195 | O25: 8890195 | P25: 8890195 | Q25: 8890195 | R25: 8890195 | S25: 8890195 | T25: 8623475 | U25: 8623475 | V25: 8623475 | W25: 86234750 | X25: 86234750 | Y25: 86234750 | Z25: 86234750 | AA25: 86234750
A26: A011170 | B26: 롯데케미칼 | C26: SSC | D26: S420003950 | E26: 상장주식수 (보통+우선)(주) | F26: QUARTERLY | G26: 31860000 | H26: 31860000 | I26: 31860000 | J26: 31860000 | K26: 31860000 | L26: 31860000 | M26: 31860000 | N26: 34275419 | O26: 34275419 | P26: 34275419 | Q26: 34275419 | R26: 34275419 | S26: 34275419 | T26: 34275419 | U26: 34275419 | V26: 34275419 | W26: 34275419 | X26: 34275419 | Y26: 34275419 | Z26: 34275419 | AA26: 34275419
A27: A066570 | B27: LG전자 | C27: SSC | D27: S420003950 | E27: 상장주식수 (보통+우선)(주) | F27: QUARTERLY | G27: 161833806 | H27: 161833806 | I27: 161833806 | J27: 180833806 | K27: 180833806 | L27: 180833806 | M27: 180833806 | N27: 180833806 | O27: 180833806 | P27: 180833806 | Q27: 180833806 | R27: 180833806 | S27: 180833806 | T27: 180833806 | U27: 180833806 | V27: 180833806 | W27: 180833806 | X27: 180833806 | Y27: 180833806 | Z27: 180833806 | AA27: 180833806
A28: A010950 | B28: S-Oil | C28: SSC | D28: S420003950 | E28: 상장주식수 (보통+우선)(주) | F28: QUARTERLY | G28: 116604719 | H28: 116604719 | I28: 116604719 | J28: 116604719 | K28: 116604719 | L28: 116604719 | M28: 116604719 | N28: 116604719 | O28: 116604719 | P28: 116604719 | Q28: 116604719 | R28: 116604719 | S28: 116604719 | T28: 116604719 | U28: 116604719 | V28: 116604719 | W28: 116604719 | X28: 116604719 | Y28: 116604719 | Z28: 116604719 | AA28: 116604719
A29: A008930 | B29: 한미사이언스 | C29: SSC | D29: S420003950 | E29: 상장주식수 (보통+우선)(주) | F29: QUARTERLY | G29: 9473288 | H29: 9473288 | I29: 9473288 | J29: 9932679 | K29: 49663395 | L29: 49663395 | M29: 49663395 | N29: 52049591 | O29: 52049591 | P29: 52049591 | Q29: 52049591 | R29: 54554979 | S29: 54554979 | T29: 54554979 | U29: 54554979 | V29: 57185523 | W29: 57185523 | X29: 57185523 | Y29: 57185523 | Z29: 58290309 | AA29: 58290309
... A44: A086790 | B44: 하나금융지주 | C44: SSC | D44: S420003950 | E44: 상장주식수 (보통+우선)(주) | F44: QUARTERLY | G44: 243049763 | H44: 243049763 | I44: 243049763 | J44: 243049763 | K44: 243049763 | L44: 243049763 | M44: 243049763 | N44: 243049763 | O44: 289894062 | P44: 289894062 | Q44: 289894062 | R44: 289894062 | S44: 289894062 | T44: 289894062 | U44: 289894062 | V44: 289894062 | W44: 296003062 | X44: 296003062 | Y44: 296003062 | Z44: 296003062 | AA44: 296003062
A45: A161390 | B45: 한국타이어 | C45: SSC | D45: S420003950 | E45: 상장주식수 (보통+우선)(주) | F45: QUARTERLY | M45: 123875069 | N45: 123875069 | O45: 123875069 | P45: 123875069 | Q45: 123875069 | R45: 123875069 | S45: 123875069 | T45: 123875069 | U45: 123875069 | V45: 123875069 | W45: 123875069 | X45: 123875069 | Y45: 123875069 | Z45: 123875069 | AA45: 123875069
A46: A035720 | B46: 카카오 | C46: SSC | D46: S420003950 | E46: 상장주식수 (보통+우선)(주) | F46: QUARTERLY | G46: 13482969 | H46: 13419939 | I46: 13451869 | J46: 13464739 | K46: 13489979 | L46: 13500029 | M46: 13504429 | N46: 13533379 | O46: 13558629 | P46: 13558629 | Q46: 13560229 | R46: 13560229 | S46: 13560229 | T46: 13562629 | U46: 57699951 | V46: 59124054 | W46: 59885555 | X46: 60003756 | Y46: 60096088 | Z46: 60387655 | AA46: 67439208
A47: A000030 | B47: 우리은행 | C47: SSC | D47: S420003950 | E47: 상장주식수 (보통+우선)(주) | F47: QUARTERLY | G47: 552880000 | H47: 552880000 | I47: 552880000 | J47: 552880000 | K47: 552880000 | L47: 552880000 | M47: 552880000 | N47: 552880000 | O47: 552880000 | P47: 552880000 | Q47: 552880000 | R47: 552880000 | S47: 552880000 | T47: 552880000 | U47: 676278371 | V47: 676278371 | W47: 676278371 | X47: 676278371 | Y47: 676000000 | Z47: 676000000 | AA47: 676000000
A48: A009240 | B48: 한샘 | C48: SSC | D48: S420003950 | E48: 상장주식수 (보통+우선)(주) | F48: QUARTERLY | G48: 23533928 | H48: 23533928 | I48: 23533928 | J48: 23533928 | K48: 23533928 | L48: 23533928 | M48: 23533928 | N48: 23533928 | O48: 23533928 | P48: 23533928 | Q48: 23533928 | R48: 23533928 | S48: 23533928 | T48: 23533928 | U48: 23533928 | V48: 23533928 | W48: 23533928 | X48: 23533928 | Y48: 23533928 | Z48: 23533928 | AA48: 23533928
A49: A088350 | B49: 한화생명 | C49: SSC | D49: S420003950 | E49: 상장주식수 (보통+우선)(주) | F49: QUARTERLY | G49: 868530000 | H49: 868530000 | I49: 868530000 | J49: 868530000 | K49: 868530000 | L49: 868530000 | M49: 868530000 | N49: 868530000 | O49: 868530000 | P49: 868530000 | Q49: 868530000 | R49: 868530000 | S49: 868530000 | T49: 868530000 | U49: 868530000 | V49: 868530000 | W49: 868530000 | X49: 868530000 | Y49: 868530000 | Z49: 868530000 | AA49: 868530000
A50: A036570 | B50: 엔씨소프트 | C50: SSC | D50: S420003950 | E50: 상장주식수 (보통+우선)(주) | F50: QUARTERLY | G50: 21826251 | H50: 21841923 | I50: 21847635 | J50: 21855491 | K50: 21891685 | L50: 21894657 | M50: 21897582 | N50: 21908958 | O50: 21914708 | P50: 21914708 | Q50: 21914708 | R50: 21927834 | S50: 21929022 | T50: 21929022 | U50: 21929022 | V50: 21929022 | W50: 21929022 | X50: 21929022 | Y50: 21929022 | Z50: 21929022 | AA50: 21929022
A51: A001800 | B51: 오리온 | C51: SSC | D51: S420003950 | E51: 상장주식수 (보통+우선)(주) | F51: QUARTERLY | G51: 5964082 | H51: 5964182 | I51: 5964865 | J51: 5965232 | K51: 5965960 | L51: 5966091 | M51: 5966890 | N51: 5969318 | O51: 5969318 | P51: 5969730 | Q51: 5971135 | R51: 5974117 | S51: 5974348 | T51: 5974348 | U51: 5974969 | V51: 5974969 | W51: 5975363 | X51: 5975749 | Y51: 5976091 | Z51: 5976091 | AA51: 5976091
A52: A005830 | B52: 동부화재 | C52: SSC | D52: S420003950 | E52: 상장주식수 (보통+우선)(주) | F52: QUARTERLY | G52: 70800000 | H52: 70800000 | I52: 70800000 | J52: 70800000 | K52: 70800000 | L52: 70800000 | M52: 70800000 | N52: 70800000 | O52: 70800000 | P52: 70800000 | Q52: 70800000 | R52: 70800000 | S52: 70800000 | T52: 70800000 | U52: 70800000 | V52: 70800000 | W52: 70800000 | X52: 70800000 | Y52: 70800000 | Z52: 70800000 | AA52: 70800000
A53: A018880 | B53: 한온시스템 | C53: SSC | D53: S420003950 | E53: 상장주식수 (보통+우선)(주) | F53: QUARTERLY | G53: 106760000 | H53: 106760000 | I53: 106760000 | J53: 106760000 | K53: 106760000 | L53: 106760000 | M53: 106760000 | N53: 106760000 | O53: 106760000 | P53: 106760000 | Q53: 106760000 | R53: 106760000 | S53: 106760000 | T53: 106760000 | U53: 106760000 | V53: 106760000 | W53: 106760000 | X53: 106760000 | Y53: 106760000 | Z53: 533800000 | AA53: 533800000
A54: A078930 | B54: GS | C54: SSC | D54: S420003950 | E54: 상장주식수 (보통+우선)(주) | F54: QUARTERLY | G54: 94700204 | H54: 94700204 | I54: 94700204 | J54: 94700204 | K54: 94700204 | L54: 94700204 | M54: 94700204 | N54: 94700204 | O54: 94700204 | P54: 94700204 | Q54: 94700204 | R54: 94700204 | S54: 94700204 | T54: 94700204 | U54: 94700204 | V54: 94700204 | W54: 94700204 | X54: 94700204 | Y54: 94700204 | Z54: 94700204 | AA54: 94700204
A55: A139480 | B55: 이마트 | C55: SSC | D55: S420003950 | E55: 상장주식수 (보통+우선)(주) | F55: QUARTERLY | G55: 27875819 | H55: 27875819 | I55: 27875819 | J55: 27875819 | K55: 27875819 | L55: 27875819 | M55: 27875819 | N55: 27875819 | O55: 27875819 | P55: 27875819 | Q55: 27875819 | R55: 27875819 | S55: 27875819 | T55: 27875819 | U55: 27875819 | V55: 27875819 | W55: 27875819 | X55: 27875819 | Y55: 27875819 | Z55: 27875819 | AA55: 27875819
A56: A097950 | B56: CJ제일제당 | C56: SSC | D56: S420003950 | E56: 상장주식수 (보통+우선)(주) | F56: QUARTERLY | G56: 14102381 | H56: 14388401 | I56: 14406330 | J56: 14406330 | K56: 14406330 | L56: 14406330 | M56: 14412466 | N56: 14418466 | O56: 14425981 | P56: 14425981 | Q56: 14427431 | R56: 14427431 | S56: 14434111 | T56: 14445561 | U56: 14465731 | V56: 14465731 | W56: 14480731 | X56: 14485631 | Y56: 14485631 | Z56: 14487631 | AA56: 14487631
A57: A004800 | B57: 효성 | C57: SSC | D57: S420003950 | E57: 상장주식수 (보통+우선)(주) | F57: QUARTERLY | G57: 35117455 | H57: 35117455 | I57: 35117455 | J57: 35117455 | K57: 35117455 | L57: 35117455 | M57: 35117455 | N57: 35117455 | O57: 35117455 | P57: 35117455 | Q57: 35117455 | R57: 35117455 | S57: 35117455 | T57: 35117455 | U57: 35117455 | V57: 35117455 | W57: 35117455 | X57: 35117455 | Y57: 35117455 | Z57: 35117455 | AA57: 35117455
... A61: A000120 | B61: CJ대한통운 | C61: SSC | D61: S420003950 | E61: 상장주식수 (보통+우선)(주) | F61: QUARTERLY | G61: 22812344 | H61: 22812344 | I61: 22812344 | J61: 22812344 | K61: 22812344 | L61: 22812344 | M61: 22812344 | N61: 22812344 | O61: 22812344 | P61: 22812344 | Q61: 22812344 | R61: 22812344 | S61: 22812344 | T61: 22812344 | U61: 22812344 | V61: 22812344 | W61: 22812344 | X61: 22812344 | Y61: 22812344 | Z61: 22812344 | AA61: 22812344
A62: A027410 | B62: BGF리테일 | C62: SSC | D62: S420003950 | E62: 상장주식수 (보통+우선)(주) | F62: QUARTERLY | S62: 24640080 | T62: 24640080 | U62: 24640080 | V62: 24640080 | W62: 24640080 | X62: 24773964 | Y62: 24773964 | Z62: 24773964 | AA62: 24773964
A63: A029780 | B63: 삼성카드 | C63: SSC | D63: S420003950 | E63: 상장주식수 (보통+우선)(주) | F63: QUARTERLY | G63: 122958891 | H63: 122958891 | I63: 122958891 | J63: 122958891 | K63: 122958891 | L63: 122958891 | M63: 115858891 | N63: 115858891 | O63: 115858891 | P63: 115858891 | Q63: 115858891 | R63: 115858891 | S63: 115858891 | T63: 115858891 | U63: 115858891 | V63: 115858891 | W63: 115858891 | X63: 115858891 | Y63: 115858891 | Z63: 115858891 | AA63: 115858891
A64: A009150 | B64: 삼성전기 | C64: SSC | D64: S420003950 | E64: 상장주식수 (보통+우선)(주) | F64: QUARTERLY | G64: 77600680 | H64: 77600680 | I64: 77600680 | J64: 77600680 | K64: 77600680 | L64: 77600680 | M64: 77600680 | N64: 77600680 | O64: 77600680 | P64: 77600680 | Q64: 77600680 | R64: 77600680 | S64: 77600680 | T64: 77600680 | U64: 77600680 | V64: 77600680 | W64: 77600680 | X64: 77600680 | Y64: 77600680 | Z64: 77600680 | AA64: 77600680
A65: A007070 | B65: GS리테일 | C65: SSC | D65: S420003950 | E65: 상장주식수 (보통+우선)(주) | F65: QUARTERLY | I65: 77000000 | J65: 77000000 | K65: 77000000 | L65: 77000000 | M65: 77000000 | N65: 77000000 | O65: 77000000 | P65: 77000000 | Q65: 77000000 | R65: 77000000 | S65: 77000000 | T65: 77000000 | U65: 77000000 | V65: 77000000 | W65: 77000000 | X65: 77000000 | Y65: 77000000 | Z65: 77000000 | AA65: 77000000
A66: A009830 | B66: 한화케미칼 | C66: SSC | D66: S420003950 | E66: 상장주식수 (보통+우선)(주) | F66: QUARTERLY | G66: 141407248 | H66: 141407248 | I66: 141407248 | J66: 141407248 | K66: 141407248 | L66: 141407248 | M66: 141407248 | N66: 141407248 | O66: 141407248 | P66: 141407248 | Q66: 141407248 | R66: 141407248 | S66: 163063308 | T66: 163063308 | U66: 163063308 | V66: 163063308 | W66: 163063308 | X66: 163063308 | Y66: 163063308 | Z66: 165933096 | AA66: 165933096
A67: A036460 | B67: 한국가스공사 | C67: SSC | D67: S420003950 | E67: 상장주식수 (보통+우선)(주) | F67: QUARTERLY | G67: 77284510 | H67: 77284510 | I67: 77284510 | J67: 77284510 | K67: 77284510 | L67: 77284510 | M67: 77284510 | N67: 77284510 | O67: 77284510 | P67: 77284510 | Q67: 92313000 | R67: 92313000 | S67: 92313000 | T67: 92313000 | U67: 92313000 | V67: 92313000 | W67: 92313000 | X67: 92313000 | Y67: 92313000 | Z67: 92313000 | AA67: 92313000
A68: A007310 | B68: 오뚜기 | C68: SSC | D68: S420003950 | E68: 상장주식수 (보통+우선)(주) | F68: QUARTERLY | G68: 3440000 | H68: 3440000 | I68: 3440000 | J68: 3440000 | K68: 3440000 | L68: 3440000 | M68: 3440000 | N68: 3440000 | O68: 3440000 | P68: 3440000 | Q68: 3440000 | R68: 3440000 | S68: 3440000 | T68: 3440000 | U68: 3440000 | V68: 3440000 | W68: 3440000 | X68: 3440000 | Y68: 3440000 | Z68: 3440000 | AA68: 3440000
A69: A012750 | B69: 에스원 | C69: SSC | D69: S420003950 | E69: 상장주식수 (보통+우선)(주) | F69: QUARTERLY | G69: 37999178 | H69: 37999178 | I69: 37999178 | J69: 37999178 | K69: 37999178 | L69: 37999178 | M69: 37999178 | N69: 37999178 | O69: 37999178 | P69: 37999178 | Q69: 37999178 | R69: 37999178 | S69: 37999178 | T69: 37999178 | U69: 37999178 | V69: 37999178 | W69: 37999178 | X69: 37999178 | Y69: 37999178 | Z69: 37999178 | AA69: 37999178
A70: A004990 | B70: 롯데제과 | C70: SSC | D70: S420003950 | E70: 상장주식수 (보통+우선)(주) | F70: QUARTERLY | G70: 1421400 | H70: 1421400 | I70: 1421400 | J70: 1421400 | K70: 1421400 | L70: 1421400 | M70: 1421400 | N70: 1421400 | O70: 1421400 | P70: 1421400 | Q70: 1421400 | R70: 1421400 | S70: 1421400 | T70: 1421400 | U70: 1421400 | V70: 1421400 | W70: 1421400 | X70: 1421400 | Y70: 1421400 | Z70: 1421400 | AA70: 1421400
A71: A051600 | B71: 한전KPS | C71: SSC | D71: S420003950 | E71: 상장주식수 (보통+우선)(주) | F71: QUARTERLY | G71: 45000000 | H71: 45000000 | I71: 45000000 | J71: 45000000 | K71: 45000000 | L71: 45000000 | M71: 45000000 | N71: 45000000 | O71: 45000000 | P71: 45000000 | Q71: 45000000 | R71: 45000000 | S71: 45000000 | T71: 45000000 | U71: 45000000 | V71: 45000000 | W71: 45000000 | X71: 45000000 | Y71: 45000000 | Z71: 45000000 | AA71: 45000000
A72: A069960 | B72: 현대백화점 | C72: SSC | D72: S420003950 | E72: 상장주식수 (보통+우선)(주) | F72: QUARTERLY | G72: 22711722 | H72: 23402441 | I72: 23402441 | J72: 23402441 | K72: 23402441 | L72: 23402441 | M72: 23402441 | N72: 23402441 | O72: 23402441 | P72: 23402441 | Q72: 23402441 | R72: 23402441 | S72: 23402441 | T72: 23402441 | U72: 23402441 | V72: 23402441 | W72: 23402441 | X72: 23402441 | Y72: 23402441 | Z72: 23402441 | AA72: 23402441
A73: A026960 | B73: 동서 | C73: SSC | D73: S420003950 | E73: 상장주식수 (보통+우선)(주) | F73: QUARTERLY | G73: 29800000 | H73: 29800000 | I73: 29800000 | J73: 29800000 | K73: 29800000 | L73: 29800000 | M73: 59175920 | N73: 59175920 | O73: 59175920 | P73: 59175920 | Q73: 99700000 | R73: 99700000 | S73: 99700000 | T73: 99700000 | U73: 99700000 | V73: 99700000 | W73: 99700000 | X73: 99700000 | Y73: 99700000 | Z73: 99700000 | AA73: 99700000
A74: A016360 | B74: 삼성증권 | C74: SSC | D74: S420003950 | E74: 상장주식수 (보통+우선)(주) | F74: QUARTERLY | G74: 66835165 | H74: 66835165 | I74: 76435165 | J74: 76435165 | K74: 76435165 | L74: 76435165 | M74: 76435165 | N74: 76435165 | O74: 76435165 | P74: 76435165 | Q74: 76435165 | R74: 76435165 | S74: 76435165 | T74: 76435165 | U74: 76435165 | V74: 76435165 | W74: 76435165 | X74: 76435165 | Y74: 76435165 | Z74: 76435165 | AA74: 76435165
A75: A000100 | B75: 유한양행 | C75: SSC | D75: S420003950 | E75: 상장주식수 (보통+우선)(주) | F75: QUARTERLY | G75: 11388734 | H75: 11388734 | I75: 11388734 | J75: 11388734 | K75: 11388734 | L75: 11388734 | M75: 11388734 | N75: 11388734 | O75: 11388734 | P75: 11388734 | Q75: 11388734 | R75: 11388734 | S75: 11388734 | T75: 11388734 | U75: 11388734 | V75: 11388734 | W75: 11388734 | X75: 11388734 | Y75: 11388734 | Z75: 11388734 | AA75: 11388734
A76: A000210 | B76: 대림산업 | C76: SSC | D76: S420003950 | E76: 상장주식수 (보통+우선)(주) | F76: QUARTERLY | G76: 38600000 | H76: 38600000 | I76: 38600000 | J76: 38600000 | K76: 38600000 | L76: 38600000 | M76: 38600000 | N76: 38600000 | O76: 38600000 | P76: 38600000 | Q76: 38600000 | R76: 38600000 | S76: 38600000 | T76: 38600000 | U76: 38600000 | V76: 38600000 | W76: 38600000 | X76: 38600000 | Y76: 38600000 | Z76: 38600000 | AA76: 38600000
A77: A012630 | B77: 현대산업 | C77: SSC | D77: S420003950 | E77: 상장주식수 (보통+우선)(주) | F77: QUARTERLY | G77: 75384180 | H77: 75384180 | I77: 75384180 | J77: 75384180 | K77: 75384180 | L77: 75384180 | M77: 75384180 | N77: 75384180 | O77: 75384180 | P77: 75384180 | Q77: 75384180 | R77: 75384180 | S77: 75384180 | T77: 75384180 | U77: 75384180 | V77: 75384180 | W77: 75384180 | X77: 75384180 | Y77: 75384180 | Z77: 75384180 | AA77: 75384180
... A89: A005300 | B89: 롯데칠성 | C89: SSC | D89: S420003950 | E89: 상장주식수 (보통+우선)(주) | F89: QUARTERLY | G89: 1357203 | H89: 1357203 | I89: 1357203 | J89: 1357203 | K89: 1357203 | L89: 1357203 | M89: 1357203 | N89: 1357203 | O89: 1357203 | P89: 1357203 | Q89: 1357203 | R89: 1357203 | S89: 1357203 | T89: 1357203 | U89: 1357203 | V89: 1357203 | W89: 1357203 | X89: 1357203 | Y89: 1357203 | Z89: 1357203 | AA89: 1357203
A90: A079550 | B90: LIG넥스원 | C90: SSC | D90: S420003950 | E90: 상장주식수 (보통+우선)(주) | F90: QUARTERLY | Y90: 22000000 | Z90: 22000000 | AA90: 22000000
A91: A071050 | B91: 한국금융지주 | C91: SSC | D91: S420003950 | E91: 상장주식수 (보통+우선)(주) | F91: QUARTERLY | G91: 61584243 | H91: 61584243 | I91: 61584243 | J91: 61584243 | K91: 61584243 | L91: 61584243 | M91: 61584243 | N91: 61584243 | O91: 61584243 | P91: 61584243 | Q91: 61584243 | R91: 61584243 | S91: 61584243 | T91: 61584243 | U91: 61584243 | V91: 61584243 | W91: 61584243 | X91: 61584243 | Y91: 61584243 | Z91: 61584243 | AA91: 61584243
A92: A079160 | B92: CJ CGV | C92: SSC | D92: S420003950 | E92: 상장주식수 (보통+우선)(주) | F92: QUARTERLY | G92: 20617458 | H92: 20617458 | I92: 20617458 | J92: 20617458 | K92: 20617458 | L92: 20617458 | M92: 20617458 | N92: 20617458 | O92: 20617458 | P92: 21161313 | Q92: 21161313 | R92: 21161313 | S92: 21161313 | T92: 21161313 | U92: 21161313 | V92: 21161313 | W92: 21161313 | X92: 21161313 | Y92: 21161313 | Z92: 21161313 | AA92: 21161313
A93: A041960 | B93: 코미팜 | C93: SSC | D93: S420003950 | E93: 상장주식수 (보통+우선)(주) | F93: QUARTERLY | G93: 50000000 | H93: 50000000 | I93: 50000000 | J93: 50000000 | K93: 50000000 | L93: 50000000 | M93: 50000000 | N93: 50348704 | O93: 50348704 | P93: 50348704 | Q93: 50348704 | R93: 50348704 | S93: 50652673 | T93: 50652673 | U93: 51699660 | V93: 51727581 | W93: 53175457 | X93: 53310389 | Y93: 54307751 | Z93: 54349632 | AA93: 54349632
A94: A105630 | B94: 한세실업 | C94: SSC | D94: S420003950 | E94: 상장주식수 (보통+우선)(주) | F94: QUARTERLY | G94: 30000000 | H94: 30000000 | I94: 40000000 | J94: 40000000 | K94: 40000000 | L94: 40000000 | M94: 40000000 | N94: 40000000 | O94: 40000000 | P94: 40000000 | Q94: 40000000 | R94: 40000000 | S94: 40000000 | T94: 40000000 | U94: 40000000 | V94: 40000000 | W94: 40000000 | X94: 40000000 | Y94: 40000000 | Z94: 40000000 | AA94: 40000000
A95: A004370 | B95: 농심 | C95: SSC | D95: S420003950 | E95: 상장주식수 (보통+우선)(주) | F95: QUARTERLY | G95: 6082642 | H95: 6082642 | I95: 6082642 | J95: 6082642 | K95: 6082642 | L95: 6082642 | M95: 6082642 | N95: 6082642 | O95: 6082642 | P95: 6082642 | Q95: 6082642 | R95: 6082642 | S95: 6082642 | T95: 6082642 | U95: 6082642 | V95: 6082642 | W95: 6082642 | X95: 6082642 | Y95: 6082642 | Z95: 6082642 | AA95: 6082642
A96: A084990 | B96: 바이로메드 | C96: SSC | D96: S420003950 | E96: 상장주식수 (보통+우선)(주) | F96: QUARTERLY | G96: 12083515 | H96: 12083515 | I96: 12985924 | J96: 13699201 | K96: 13703053 | L96: 13864553 | M96: 13894553 | N96: 13919553 | O96: 14195822 | P96: 14195822 | Q96: 14197877 | R96: 14197877 | S96: 14197877 | T96: 14197877 | U96: 14197877 | V96: 14197877 | W96: 14197877 | X96: 14197877 | Y96: 14197877 | Z96: 14197877 | AA96: 14306260
A97: A001440 | B97: 대한전선 | C97: SSC | D97: S420003950 | E97: 상장주식수 (보통+우선)(주) | F97: QUARTERLY | G97: 151198208 | H97: 151198208 | I97: 152361079 | J97: 170242487 | K97: 170242508 | L97: 175956799 | M97: 105136685 | N97: 105136685 | O97: 105136685 | P97: 105136685 | Q97: 105136685 | R97: 152314401 | S97: 163536685 | T97: 163536685 | U97: 163536685 | V97: 32707337 | W97: 32707337 | X97: 34769231 | Y97: 839089231 | Z97: 839089231 | AA97: 839089231
A98: A037620 | B98: 미래에셋증권 | C98: SSC | D98: S420003950 | E98: 상장주식수 (보통+우선)(주) | F98: QUARTERLY | G98: 41892229 | H98: 41892229 | I98: 41892229 | J98: 41892229 | K98: 41892229 | L98: 41892229 | M98: 41892229 | N98: 41892229 | O98: 41892229 | P98: 41892229 | Q98: 41892229 | R98: 41892229 | S98: 41892229 | T98: 41892229 | U98: 41892229 | V98: 41892229 | W98: 43958609 | X98: 43958609 | Y98: 114285871 | Z98: 114285871 | AA98: 114285871
A99: A047050 | B99: 포스코대우 | C99: SSC | D99: S420003950 | E99: 상장주식수 (보통+우선)(주) | F99: QUARTERLY | G99: 102967790 | H99: 103180815 | I99: 103180815 | J99: 103180815 | K99: 103529725 | L99: 113876291 | M99: 113876291 | N99: 113876291 | O99: 113876291 | P99: 113876291 | Q99: 113876291 | R99: 113876291 | S99: 113876291 | T99: 113876291 | U99: 113876291 | V99: 113876291 | W99: 113876291 | X99: 113876291 | Y99: 113876291 | Z99: 113876291 | AA99: 113876291
A100: A111770 | B100: 영원무역 | C100: SSC | D100: S420003950 | E100: 상장주식수 (보통+우선)(주) | F100: QUARTERLY | G100: 40811468 | H100: 40811468 | I100: 40811468 | J100: 40811468 | K100: 40811468 | L100: 40811468 | M100: 40811468 | N100: 44311468 | O100: 44311468 | P100: 44311468 | Q100: 44311468 | R100: 44311468 | S100: 44311468 | T100: 44311468 | U100: 44311468 | V100: 44311468 | W100: 44311468 | X100: 44311468 | Y100: 44311468 | Z100: 44311468 | AA100: 44311468
A101: A010060 | B101: OCI | C101: SSC | D101: S420003950 | E101: 상장주식수 (보통+우선)(주) | F101: QUARTERLY | G101: 24249371 | H101: 24249371 | I101: 23849371 | J101: 23849371 | K101: 23849371 | L101: 23849371 | M101: 23849371 | N101: 23849371 | O101: 23849371 | P101: 23849371 | Q101: 23849371 | R101: 23849371 | S101: 23849371 | T101: 23849371 | U101: 23849371 | V101: 23849371 | W101: 23849371 | X101: 23849371 | Y101: 23849371 | Z101: 23849371 | AA101: 23849371
A102: A192400 | B102: 쿠쿠전자 | C102: SSC | D102: S420003950 | E102: 상장주식수 (보통+우선)(주) | F102: QUARTERLY | T102: 9803360 | U102: 9803360 | V102: 9803360 | W102: 9803360 | X102: 9803360 | Y102: 9803360 | Z102: 9803360 | AA102: 9803360
A103: A006280 | B103: 녹십자 | C103: SSC | D103: S420003950 | E103: 상장주식수 (보통+우선)(주) | F103: QUARTERLY | G103: 9932077 | H103: 9977661 | I103: 10130989 | J103: 10130989 | K103: 10130989 | L103: 10130989 | M103: 10130989 | N103: 10130989 | O103: 11686538 | P103: 11686538 | Q103: 11686538 | R103: 11686538 | S103: 11686538 | T103: 11686538 | U103: 11686538 | V103: 11686538 | W103: 11686538 | X103: 11686538 | Y103: 11686538 | Z103: 11686538 | AA103: 11686538
A104: A005610 | B104: 삼립식품 | C104: SSC | D104: S420003950 | E104: 상장주식수 (보통+우선)(주) | F104: QUARTERLY | G104: 8629009 | H104: 8629009 | I104: 8629009 | J104: 8629009 | K104: 8629009 | L104: 8629009 | M104: 8629009 | N104: 8629009 | O104: 8629009 | P104: 8629009 | Q104: 8629009 | R104: 8629009 | S104: 8629009 | T104: 8629009 | U104: 8629009 | V104: 8629009 | W104: 8629009 | X104: 8629009 | Y104: 8629009 | Z104: 8629009 | AA104: 8629009
A105: A016170 | B105: 로엔 | C105: SSC | D105: S420003950 | E105: 상장주식수 (보통+우선)(주) | F105: QUARTERLY | G105: 25291705 | H105: 25291705 | I105: 25291705 | J105: 25291705 | K105: 25291705 | L105: 25291705 | M105: 25291705 | N105: 25291705 | O105: 25291705 | P105: 25291705 | Q105: 25291705 | R105: 25291705 | S105: 25291705 | T105: 25291705 | U105: 25291705 | V105: 25291705 | W105: 25291705 | X105: 25291705 | Y105: 25291705 | Z105: 25291705 | AA105: 25291705
A106: A034020 | B106: 두산중공업 | C106: SSC | D106: S420003950 | E106: 상장주식수 (보통+우선)(주) | F106: QUARTERLY | G106: 105843467 | H106: 105843467 | I106: 105843467 | J106: 105843467 | K106: 105849567 | L106: 105849567 | M106: 105856267 | N106: 105856267 | O106: 105857567 | P106: 106158256 | Q106: 106158256 | R106: 106158256 | S106: 106158256 | T106: 106158256 | U106: 106158256 | V106: 106158256 | W106: 106158256 | X106: 106158256 | Y106: 106158256 | Z106: 106158256 | AA106: 106158256
A107: A012450 | B107: 한화테크윈 | C107: SSC | D107: S420003950 | E107: 상장주식수 (보통+우선)(주) | F107: QUARTERLY | G107: 53130000 | H107: 53130000 | I107: 53130000 | J107: 53130000 | K107: 53130000 | L107: 53130000 | M107: 53130000 | N107: 53130000 | O107: 53130000 | P107: 53130000 | Q107: 53130000 | R107: 53130000 | S107: 53130000 | T107: 53130000 | U107: 53130000 | V107: 53130000 | W107: 53130000 | X107: 53130000 | Y107: 53130000 | Z107: 53130000 | AA107: 53130000
A108: A004170 | B108: 신세계 | C108: SSC | D108: S420003950 | E108: 상장주식수 (보통+우선)(주) | F108: QUARTERLY | G108: 9845181 | H108: 9845181 | I108: 9845181 | J108: 9845181 | K108: 9845181 | L108: 9845181 | M108: 9845181 | N108: 9845181 | O108: 9845181 | P108: 9845181 | Q108: 9845181 | R108: 9845181 | S108: 9845181 | T108: 9845181 | U108: 9845181 | V108: 9845181 | W108: 9845181 | X108: 9845181 | Y108: 9845181 | Z108: 9845181 | AA108: 9845181
A109: A000670 | B109: 영풍 | C109: SSC | D109: S420003950 | E109: 상장주식수 (보통+우선)(주) | F109: QUARTERLY | G109: 1842040 | H109: 1842040 | I109: 1842040 | J109: 1842040 | K109: 1842040 | L109: 1842040 | M109: 1842040 | N109: 1842040 | O109: 1842040 | P109: 1842040 | Q109: 1842040 | R109: 1842040 | S109: 1842040 | T109: 1842040 | U109: 1842040 | V109: 1842040 | W109: 1842040 | X109: 1842040 | Y109: 1842040 | Z109: 1842040 | AA109: 1842040
A110: A003490 | B110: 대한항공 | C110: SSC | D110: S420003950 | E110: 상장주식수 (보통+우선)(주) | F110: QUARTERLY | G110: 73350808 | H110: 73350808 | I110: 73350808 | J110: 73350808 | K110: 73350808 | L110: 73350808 | M110: 73350808 | N110: 74231430 | O110: 74231430 | P110: 59786232 | Q110: 59786232 | R110: 59786232 | S110: 59786232 | T110: 59786232 | U110: 59786232 | V110: 59786232 | W110: 73950538 | X110: 73950538 | Y110: 73950538 | Z110: 73950538 | AA110: 73950538
A111: A006120 | B111: SK케미칼 | C111: SSC | D111: S420003950 | E111: 상장주식수 (보통+우선)(주) | F111: QUARTERLY | G111: 23660172 | H111: 23660172 | I111: 23660172 | J111: 23660172 | K111: 23660172 | L111: 23660172 | M111: 23660172 | N111: 23660172 | O111: 23660172 | P111: 23660172 | Q111: 23660172 | R111: 23660172 | S111: 23660172 | T111: 23660172 | U111: 23660172 | V111: 23660172 | W111: 23660172 | X111: 23660172 | Y111: 27120380 | Z111: 27120380 | AA111: 27120380
A112: A011070 | B112: LG이노텍 | C112: SSC | D112: S420003950 | E112: 상장주식수 (보통+우선)(주) | F112: QUARTERLY | G112: 20158986 | H112: 20159043 | I112: 20159043 | J112: 20159046 | K112: 20167963 | L112: 20170754 | M112: 20170754 | N112: 20170754 | O112: 20170754 | P112: 20170754 | Q112: 20170939 | R112: 20172807 | S112: 23667101 | T112: 23667107 | U112: 23667107 | V112: 23667107 | W112: 23667107 | X112: 23667107 | Y112: 23667107 | Z112: 23667107 | AA112: 23667107
A113: A030000 | B113: 제일기획 | C113: SSC | D113: S420003950 | E113: 상장주식수 (보통+우선)(주) | F113: QUARTERLY | G113: 115041225 | H113: 115041225 | I113: 115041225 | J113: 115041225 | K113: 115041225 | L113: 115041225 | M113: 115041225 | N113: 115041225 | O113: 115041225 | P113: 115041225 | Q113: 115041225 | R113: 115041225 | S113: 115041225 | T113: 115041225 | U113: 115041225 | V113: 115041225 | W113: 115041225 | X113: 115041225 | Y113: 115041225 | Z113: 115041225 | AA113: 115041225
A114: A000080 | B114: 하이트진로 | C114: SSC | D114: S420003950 | E114: 상장주식수 (보통+우선)(주) | F114: QUARTERLY | G114: 40495303 | H114: 70607852 | I114: 70607852 | J114: 70607852 | K114: 70607852 | L114: 70607852 | M114: 70607852 | N114: 70607852 | O114: 70607852 | P114: 70607852 | Q114: 71263749 | R114: 71263749 | S114: 71263749 | T114: 71263749 | U114: 71263749 | V114: 71263749 | W114: 71263749 | X114: 71263749 | Y114: 71263749 | Z114: 71263749 | AA114: 71263749
... A127: A120110 | B127: 코오롱인더 | C127: SSC | D127: S420003950 | E127: 상장주식수 (보통+우선)(주) | F127: QUARTERLY | G127: 27156032 | H127: 27466180 | I127: 27801095 | J127: 27823698 | K127: 27823698 | L127: 27823698 | M127: 27823698 | N127: 27823698 | O127: 27823698 | P127: 27823698 | Q127: 27855422 | R127: 27858974 | S127: 27870293 | T127: 27871643 | U127: 27871811 | V127: 27871829 | W127: 27875190 | X127: 27885992 | Y127: 27887077 | Z127: 27887656 | AA127: 27887656
A128: A161890 | B128: 한국콜마 | C128: SSC | D128: S420003950 | E128: 상장주식수 (보통+우선)(주) | F128: QUARTERLY | M128: 19483772 | N128: 19483772 | O128: 19483772 | P128: 19483772 | Q128: 19483772 | R128: 19483772 | S128: 19483772 | T128: 20561358 | U128: 21100151 | V128: 21100151 | W128: 21100151 | X128: 21100151 | Y128: 21100151 | Z128: 21100151 | AA128: 21100151
A129: A000060 | B129: 메리츠화재 | C129: SSC | D129: S420003950 | E129: 상장주식수 (보통+우선)(주) | F129: QUARTERLY | G129: 87269690 | H129: 87269690 | I129: 96700000 | J129: 96700000 | K129: 96700000 | L129: 96700000 | M129: 96700000 | N129: 96700000 | O129: 101328800 | P129: 101328800 | Q129: 101328800 | R129: 101328800 | S129: 101328800 | T129: 101328800 | U129: 105963000 | V129: 105963000 | W129: 105963000 | X129: 105963000 | Y129: 105963000 | Z129: 105963000 | AA129: 105963000
A130: A214320 | B130: 이노션 | C130: SSC | D130: S420003950 | E130: 상장주식수 (보통+우선)(주) | F130: QUARTERLY | X130: 20000000 | Y130: 20000000 | Z130: 20000000 | AA130: 20000000
A131: A078340 | B131: 컴투스 | C131: SSC | D131: S420003950 | E131: 상장주식수 (보통+우선)(주) | F131: QUARTERLY | G131: 10086746 | H131: 10086746 | I131: 10086746 | J131: 10086746 | K131: 10086746 | L131: 10086746 | M131: 10086746 | N131: 10086746 | O131: 10086746 | P131: 10086746 | Q131: 10086746 | R131: 10086746 | S131: 10086746 | T131: 10086746 | U131: 10086746 | V131: 10086746 | W131: 10086746 | X131: 12866420 | Y131: 12866420 | Z131: 12866420 | AA131: 12866420
A132: A003690 | B132: 코리안리 | C132: SSC | D132: S420003950 | E132: 상장주식수 (보통+우선)(주) | F132: QUARTERLY | G132: 115908609 | H132: 115908609 | I132: 115908609 | J132: 115908609 | K132: 118116781 | L132: 118116781 | M132: 118116781 | N132: 118116781 | O132: 118116781 | P132: 118116781 | Q132: 118116781 | R132: 120369116 | S132: 120369116 | T132: 120369116 | U132: 120369116 | V132: 120369116 | W132: 120369116 | X132: 120369116 | Y132: 120369116 | Z132: 120369116 | AA132: 120369116
A133: A039030 | B133: 이오테크닉스 | C133: SSC | D133: S420003950 | E133: 상장주식수 (보통+우선)(주) | F133: QUARTERLY | G133: 12230626 | H133: 12230626 | I133: 12230626 | J133: 12230626 | K133: 12230626 | L133: 12230626 | M133: 12230626 | N133: 12230626 | O133: 12230626 | P133: 12230626 | Q133: 12230626 | R133: 12230626 | S133: 12230626 | T133: 12230626 | U133: 12270626 | V133: 12270626 | W133: 12270626 | X133: 12270626 | Y133: 12270626 | Z133: 12280626 | AA133: 12280626
A134: A003450 | B134: 현대증권 | C134: SSC | D134: S420003950 | E134: 상장주식수 (보통+우선)(주) | F134: QUARTERLY | G134: 170000000 | H134: 170000000 | I134: 170000000 | J134: 236612530 | K134: 236612530 | L134: 236612530 | M134: 236612530 | N134: 236612530 | O134: 236612530 | P134: 236612530 | Q134: 236612530 | R134: 236612530 | S134: 236612530 | T134: 236612530 | U134: 236612530 | V134: 236612530 | W134: 236612530 | X134: 236612530 | Y134: 236612530 | Z134: 236612530 | AA134: 236612530
A135: A001740 | B135: SK네트웍스 | C135: SSC | D135: S420003950 | E135: 상장주식수 (보통+우선)(주) | F135: QUARTERLY | G135: 248301295 | H135: 248301295 | I135: 248301295 | J135: 248301295 | K135: 248301295 | L135: 248301295 | M135: 248301295 | N135: 248301295 | O135: 248301295 | P135: 248301295 | Q135: 248301295 | R135: 248301295 | S135: 248301295 | T135: 248301295 | U135: 248301295 | V135: 248301295 | W135: 248301295 | X135: 248301295 | Y135: 248301295 | Z135: 248301295 | AA135: 248301295
A136: A114090 | B136: GKL | C136: SSC | D136: S420003950 | E136: 상장주식수 (보통+우선)(주) | F136: QUARTERLY | G136: 61855670 | H136: 61855670 | I136: 61855670 | J136: 61855670 | K136: 61855670 | L136: 61855670 | M136: 61855670 | N136: 61855670 | O136: 61855670 | P136: 61855670 | Q136: 61855670 | R136: 61855670 | S136: 61855670 | T136: 61855670 | U136: 61855670 | V136: 61855670 | W136: 61855670 | X136: 61855670 | Y136: 61855670 | Z136: 61855670 | AA136: 61855670
A137: A000070 | B137: 삼양홀딩스 | C137: SSC | D137: S420003950 | E137: 상장주식수 (보통+우선)(주) | F137: QUARTERLY | G137: 10405179 | H137: 10405179 | I137: 5978606 | J137: 5978606 | K137: 5978606 | L137: 7927417 | M137: 7927417 | N137: 8474523 | O137: 8474523 | P137: 8474523 | Q137: 8474523 | R137: 8474523 | S137: 8474523 | T137: 8474523 | U137: 8868329 | V137: 8868329 | W137: 8868329 | X137: 8868329 | Y137: 8868329 | Z137: 8868329 | AA137: 8868329
A138: A006650 | B138: 대한유화 | C138: SSC | D138: S420003950 | E138: 상장주식수 (보통+우선)(주) | F138: QUARTERLY | G138: 6500000 | H138: 6500000 | I138: 6500000 | J138: 6500000 | K138: 6500000 | L138: 6500000 | M138: 6500000 | N138: 6500000 | O138: 6500000 | P138: 6500000 | Q138: 6500000 | R138: 6500000 | S138: 6500000 | T138: 6500000 | U138: 6500000 | V138: 6500000 | W138: 6500000 | X138: 6500000 | Y138: 6500000 | Z138: 6500000 | AA138: 6500000
A139: A057050 | B139: 현대홈쇼핑 | C139: SSC | D139: S420003950 | E139: 상장주식수 (보통+우선)(주) | F139: QUARTERLY | G139: 12000000 | H139: 12000000 | I139: 12000000 | J139: 12000000 | K139: 12000000 | L139: 12000000 | M139: 12000000 | N139: 12000000 | O139: 12000000 | P139: 12000000 | Q139: 12000000 | R139: 12000000 | S139: 12000000 | T139: 12000000 | U139: 12000000 | V139: 12000000 | W139: 12000000 | X139: 12000000 | Y139: 12000000 | Z139: 12000000 | AA139: 12000000
