Workbook

Sheet 종합
A1: * 금융업제외 | I1: 구분 | J1: EPS성장율 | K1: roe & pbr | L1: 야마구치 | M1: RIM(개별) | N1: RIM(연결) | O1: 무성장가치
E2: 입력F | F2: 삼성전자 | I2: value | J2: =VLOOKUP($F$2,종합!$B:T,9,FALSE) -> 1056148.8 | K2: =VLOOKUP($F$2,종합!$B:U,10,FALSE) -> 1411728.2 | L2: =VLOOKUP($F$2,종합!$B:U,11,FALSE) -> 2417621.9 | M2: =VLOOKUP($F$2,종합!$B:V,12,FALSE) -> 1383339.9 | N2: =VLOOKUP($F$2,종합!$B:W,13,FALSE) -> 2302459.9 | O2: =VLOOKUP($F$2,종합!$B:X,14,FALSE) -> 1493125.8
I3: 주가 | J3: =VLOOKUP($F$2,종합!$B:$I,8,FALSE) -> #N/A | K3: =J3 -> #N/A | L3: =K3 -> #N/A | M3: =L3 -> #N/A | N3: =M3 -> #N/A | O3: =N3 -> #N/A
A5: CODE | B5: 종목 | C5: 주재무 | D5: 실적 | E5: 시가총액 (억) | F5: PER | G5: PBR | H5: ROE | I5: 주가 (원) | J5: EPS성장율 (원) | K5: roe & pbr (원) | L5: 야마구치 (원) | M5: RIM(개별) (원) | N5: RIM(연결) (원) | O5: 무성장가치 (원) | P5: 업종 | Q5: 주식수 | R5: 순이익 | S5: 자본총계
A6: A005930 | B6: 삼성전자 | C6: 연결 | D6: 3Q | E6: =I6*Q6/100000000 -> #N/A | F6: =IFERROR(E6/R6,"-") -> - | G6: =IFERROR(E6/S6,"-") -> - | H6: =IFERROR(G6/F6,"-") -> - | I6: =VLOOKUP(B6,NAVER!$A$1:$G$1670,5,FALSE) -> #N/A | J6: =VLOOKUP(A6,'EPS 성장율'!A:L,COLUMN('EPS 성장율'!L7),FALSE) -> 1056148.8 | K6: =VLOOKUP($A6,'roe&pbr'!$A:$Q,COLUMN('roe&pbr'!J7),FALSE) -> 1411728.2 | L6: =IFERROR(VLOOKUP($A6,야마구치요헤이!$A:$K,COLUMN(야마구치요헤이!K7),FALSE),"-") -> 2417621.9 | M6: =IFERROR(VLOOKUP($A6,'RIM (개별)'!$A:$Y,COLUMN('RIM (개별)'!H11),FALSE),"-") -> 1383339.9 | N6: =IFERROR(VLOOKUP($A6,'RIM (연결)'!$A:$Y,COLUMN('RIM (연결)'!H9),FALSE),"-") -> 2302459.9 | O6: =IFERROR(VLOOKUP($A6,무성장가치!$A:$Q,COLUMN(무성장가치!J7),FALSE),"-") -> 1493125.8 | P6: 휴대폰 및 관련부품 | Q6: 140679337 | R6: 187409.41 | S6: 1732696.6
A7: A015760 | B7: 한국전력 | C7: 연결 | D7: 3Q | E7: =I7*Q7/100000000 -> 146367.81 | F7: =IFERROR(E7/R7,"-") -> 1.7572433 | G7: =IFERROR(E7/S7,"-") -> 0.20613511 | H7: =IFERROR(G7/F7,"-") -> 0.11730596 | I7: =IF(COUNTIF(현재가!$A:$A,$B7),VLOOKUP($B7,현재가!$A:$B,2,FALSE),VLOOKUP($B7,현재가!$D:$E,2,FALSE)) -> 22800 | J7: =VLOOKUP(A7,'EPS 성장율'!A:L,COLUMN('EPS 성장율'!L7),FALSE) -> 92115.73 | K7: =VLOOKUP($A7,'roe&pbr'!$A:$Q,COLUMN('roe&pbr'!J7),FALSE) -> 140972.46 | L7: =IFERROR(VLOOKUP($A7,야마구치요헤이!$A:$K,COLUMN(야마구치요헤이!K7),FALSE),"-") -> -19096.834 | M7: =IFERROR(VLOOKUP($A7,'RIM (개별)'!$A:$Y,COLUMN('RIM (개별)'!H11),FALSE),"-") -> 26896.942 | N7: =IFERROR(VLOOKUP($A7,'RIM (연결)'!$A:$Y,COLUMN('RIM (연결)'!H9),FALSE),"-") -> 48015.878 | O7: =IFERROR(VLOOKUP($A7,무성장가치!$A:$Q,COLUMN(무성장가치!J7),FALSE),"-") -> 157754.12 | P7: 전력 | Q7: 641964077 | R7: 83293.99 | S7: 710057.63
A8: A005380 | B8: 현대차 | C8: 연결 | D8: 3Q | E8: =I8*Q8/100000000 -> 451566.78 | F8: =IFERROR(E8/R8,"-") -> 7.4789359 | G8: =IFERROR(E8/S8,"-") -> 0.70267483 | H8: =IFERROR(G8/F8,"-") -> 0.093953851 | I8: =IF(COUNTIF(현재가!$A:$A,$B8),VLOOKUP($B8,현재가!$A:$B,2,FALSE),VLOOKUP($B8,현재가!$D:$E,2,FALSE)) -> 205000 | J8: =VLOOKUP(A8,'EPS 성장율'!A:L,COLUMN('EPS 성장율'!L8),FALSE) -> - | K8: =VLOOKUP($A8,'roe&pbr'!$A:$Q,COLUMN('roe&pbr'!J8),FALSE) -> 268781.88 | L8: =IFERROR(VLOOKUP($A8,야마구치요헤이!$A:$K,COLUMN(야마구치요헤이!K8),FALSE),"-") -> 39240.378 | M8: =IFERROR(VLOOKUP($A8,'RIM (개별)'!$A:$Y,COLUMN('RIM (개별)'!H12),FALSE),"-") -> 100464.17 | N8: =IFERROR(VLOOKUP($A8,'RIM (연결)'!$A:$Y,COLUMN('RIM (연결)'!H10),FALSE),"-") -> 107418.63 | O8: =IFERROR(VLOOKUP($A8,무성장가치!$A:$Q,COLUMN(무성장가치!J8),FALSE),"-") -> 83281.667 | P8: 자동차 | Q8: 220276479 | R8: 60378.48 | S8: 642639.76
A9: A028260 | B9: 삼성물산 | C9: 연결 | D9: 3Q | E9: =I9*Q9/100000000 -> 231421.85 | F9: =IFERROR(E9/R9,"-") -> -86.775022 | G9: =IFERROR(E9/S9,"-") -> 1.4060194 | H9: =IFERROR(G9/F9,"-") -> -0.016203043 | I9: =IF(COUNTIF(현재가!$A:$A,$B9),VLOOKUP($B9,현재가!$A:$B,2,FALSE),VLOOKUP($B9,현재가!$D:$E,2,FALSE)) -> 122000 | J9: =VLOOKUP(A9,'EPS 성장율'!A:L,COLUMN('EPS 성장율'!L9),FALSE) -> 15817.051 | K9: =VLOOKUP($A9,'roe&pbr'!$A:$Q,COLUMN('roe&pbr'!J9),FALSE) -> 115095.35 | L9: =IFERROR(VLOOKUP($A9,야마구치요헤이!$A:$K,COLUMN(야마구치요헤이!K9),FALSE),"-") -> 39520.057 | M9: =IFERROR(VLOOKUP($A9,'RIM (개별)'!$A:$Y,COLUMN('RIM (개별)'!H13),FALSE),"-") -> 39209.75 | N9: =IFERROR(VLOOKUP($A9,'RIM (연결)'!$A:$Y,COLUMN('RIM (연결)'!H11),FALSE),"-") -> 41669.353 | O9: =IFERROR(VLOOKUP($A9,무성장가치!$A:$Q,COLUMN(무성장가치!J9),FALSE),"-") -> 61341.083 | P9: 복합 산업 | Q9: 189690043 | R9: -2666.9178 | S9: 164593.64
A10: A035420 | B10: NAVER | C10: 연결 | D10: 3Q | E10: =I10*Q10/100000000 -> 128060.01 | F10: =IFERROR(E10/R10,"-") -> 17.923567 | G10: =IFERROR(E10/S10,"-") -> 3.4542231 | H10: =IFERROR(G10/F10,"-") -> 0.19271963 | I10: =IF(COUNTIF(현재가!$A:$A,$B10),VLOOKUP($B10,현재가!$A:$B,2,FALSE),VLOOKUP($B10,현재가!$D:$E,2,FALSE)) -> 388500 | J10: =VLOOKUP(A10,'EPS 성장율'!A:L,COLUMN('EPS 성장율'!L10),FALSE) -> 195745.7 | K10: =VLOOKUP($A10,'roe&pbr'!$A:$Q,COLUMN('roe&pbr'!J10),FALSE) -> 326732.78 | L10: =IFERROR(VLOOKUP($A10,야마구치요헤이!$A:$K,COLUMN(야마구치요헤이!K10),FALSE),"-") -> 293096.21 | M10: =IFERROR(VLOOKUP($A10,'RIM (개별)'!$A:$Y,COLUMN('RIM (개별)'!H14),FALSE),"-") -> 258555.68 | N10: =IFERROR(VLOOKUP($A10,'RIM (연결)'!$A:$Y,COLUMN('RIM (연결)'!H12),FALSE),"-") -> 432304.55 | O10: =IFERROR(VLOOKUP($A10,무성장가치!$A:$Q,COLUMN(무성장가치!J10),FALSE),"-") -> 319935 | P10: 인터넷 서비스 | Q10: 32962679 | R10: 7144.7837 | S10: 37073.462
A11: A012330 | B11: 현대모비스 | C11: 연결 | D11: 3Q | E11: =I11*Q11/100000000 -> 258934.68 | F11: =IFERROR(E11/R11,"-") -> 8.0958982 | G11: =IFERROR(E11/S11,"-") -> 0.94896483 | H11: =IFERROR(G11/F11,"-") -> 0.11721551 | I11: =IF(COUNTIF(현재가!$A:$A,$B11),VLOOKUP($B11,현재가!$A:$B,2,FALSE),VLOOKUP($B11,현재가!$D:$E,2,FALSE)) -> 266000 | J11: =VLOOKUP(A11,'EPS 성장율'!A:L,COLUMN('EPS 성장율'!L11),FALSE) -> 368460.52 | K11: =VLOOKUP($A11,'roe&pbr'!$A:$Q,COLUMN('roe&pbr'!J11),FALSE) -> 365184.54 | L11: =IFERROR(VLOOKUP($A11,야마구치요헤이!$A:$K,COLUMN(야마구치요헤이!K11),FALSE),"-") -> 349337.71 | M11: =IFERROR(VLOOKUP($A11,'RIM (개별)'!$A:$Y,COLUMN('RIM (개별)'!H15),FALSE),"-") -> 506857.82 | N11: =IFERROR(VLOOKUP($A11,'RIM (연결)'!$A:$Y,COLUMN('RIM (연결)'!H13),FALSE),"-") -> 634692.65 | O11: =IFERROR(VLOOKUP($A11,무성장가치!$A:$Q,COLUMN(무성장가치!J11),FALSE),"-") -> 213332.46 | P11: 자동차부품 | Q11: 97343863 | R11: 31983.44 | S11: 272860.14
A12: A000660 | B12: SK하이닉스 | C12: 연결 | D12: 3Q | E12: =I12*Q12/100000000 -> 684322.22 | F12: =IFERROR(E12/R12,"-") -> 31.142941 | G12: =IFERROR(E12/S12,"-") -> 3.1104659 | H12: =IFERROR(G12/F12,"-") -> 0.099877076 | I12: =IF(COUNTIF(현재가!$A:$A,$B12),VLOOKUP($B12,현재가!$A:$B,2,FALSE),VLOOKUP($B12,현재가!$D:$E,2,FALSE)) -> 94000 | J12: =VLOOKUP(A12,'EPS 성장율'!A:L,COLUMN('EPS 성장율'!L12),FALSE) -> 298580.16 | K12: =VLOOKUP($A12,'roe&pbr'!$A:$Q,COLUMN('roe&pbr'!J12),FALSE) -> 52583.444 | L12: =IFERROR(VLOOKUP($A12,야마구치요헤이!$A:$K,COLUMN(야마구치요헤이!K12),FALSE),"-") -> 451437.88 | M12: =IFERROR(VLOOKUP($A12,'RIM (개별)'!$A:$Y,COLUMN('RIM (개별)'!H16),FALSE),"-") -> 318586.29 | N12: =IFERROR(VLOOKUP($A12,'RIM (연결)'!$A:$Y,COLUMN('RIM (연결)'!H14),FALSE),"-") -> 546007.28 | O12: =IFERROR(VLOOKUP($A12,무성장가치!$A:$Q,COLUMN(무성장가치!J12),FALSE),"-") -> 414193.17 | P12: 반도체 및 관련장비 | Q12: 728002365 | R12: 21973.59 | S12: 220006.34
A13: A090430 | B13: 아모레퍼시픽 | C13: 연결 | D13: 3Q | E13: =I13*Q13/100000000 -> 106102.16 | F13: =IFERROR(E13/R13,"-") -> 16.675699 | G13: =IFERROR(E13/S13,"-") -> 2.786491 | H13: =IFERROR(G13/F13,"-") -> 0.16709891 | I13: =IF(COUNTIF(현재가!$A:$A,$B13),VLOOKUP($B13,현재가!$A:$B,2,FALSE),VLOOKUP($B13,현재가!$D:$E,2,FALSE)) -> 181500 | J13: =VLOOKUP(A13,'EPS 성장율'!A:L,COLUMN('EPS 성장율'!L13),FALSE) -> 135511.21 | K13: =VLOOKUP($A13,'roe&pbr'!$A:$Q,COLUMN('roe&pbr'!J13),FALSE) -> 85020.101 | L13: =IFERROR(VLOOKUP($A13,야마구치요헤이!$A:$K,COLUMN(야마구치요헤이!K13),FALSE),"-") -> 160319.24 | M13: =IFERROR(VLOOKUP($A13,'RIM (개별)'!$A:$Y,COLUMN('RIM (개별)'!H17),FALSE),"-") -> 96461.229 | N13: =IFERROR(VLOOKUP($A13,'RIM (연결)'!$A:$Y,COLUMN('RIM (연결)'!H15),FALSE),"-") -> 101758.87 | O13: =IFERROR(VLOOKUP($A13,무성장가치!$A:$Q,COLUMN(무성장가치!J13),FALSE),"-") -> 105387.58 | P13: 개인생활용품 | Q13: 58458490 | R13: 6362.6814 | S13: 38077.337
A14: A005490 | B14: POSCO | C14: 연결 | D14: 3Q | E14: =I14*Q14/100000000 -> 278997.87 | F14: =IFERROR(E14/R14,"-") -> 20.180326 | G14: =IFERROR(E14/S14,"-") -> 0.66951998 | H14: =IFERROR(G14/F14,"-") -> 0.033176867 | I14: =IF(COUNTIF(현재가!$A:$A,$B14),VLOOKUP($B14,현재가!$A:$B,2,FALSE),VLOOKUP($B14,현재가!$D:$E,2,FALSE)) -> 320000 | J14: =VLOOKUP(A14,'EPS 성장율'!A:L,COLUMN('EPS 성장율'!L14),FALSE) -> 41163.302 | K14: =VLOOKUP($A14,'roe&pbr'!$A:$Q,COLUMN('roe&pbr'!J14),FALSE) -> 367846.71 | L14: =IFERROR(VLOOKUP($A14,야마구치요헤이!$A:$K,COLUMN(야마구치요헤이!K14),FALSE),"-") -> 216805.28 | M14: =IFERROR(VLOOKUP($A14,'RIM (개별)'!$A:$Y,COLUMN('RIM (개별)'!H18),FALSE),"-") -> 289202.23 | N14: =IFERROR(VLOOKUP($A14,'RIM (연결)'!$A:$Y,COLUMN('RIM (연결)'!H16),FALSE),"-") -> 176345.15 | O14: =IFERROR(VLOOKUP($A14,무성장가치!$A:$Q,COLUMN(무성장가치!J14),FALSE),"-") -> 104625.42 | P14: 금속 및 광물 | Q14: 87186835 | R14: 13825.241 | S14: 416713.29
A15: A017670 | B15: SK텔레콤 | C15: 연결 | D15: 3Q | E15: =I15*Q15/100000000 -> 245870.69 | F15: =IFERROR(E15/R15,"-") -> 16.578126 | G15: =IFERROR(E15/S15,"-") -> 1.5989017 | H15: =IFERROR(G15/F15,"-") -> 0.096446464 | I15: =IF(COUNTIF(현재가!$A:$A,$B15),VLOOKUP($B15,현재가!$A:$B,2,FALSE),VLOOKUP($B15,현재가!$D:$E,2,FALSE)) -> 304500 | J15: =VLOOKUP(A15,'EPS 성장율'!A:L,COLUMN('EPS 성장율'!L15),FALSE) -> 114030.15 | K15: =VLOOKUP($A15,'roe&pbr'!$A:$Q,COLUMN('roe&pbr'!J15),FALSE) -> 253010.24 | L15: =IFERROR(VLOOKUP($A15,야마구치요헤이!$A:$K,COLUMN(야마구치요헤이!K15),FALSE),"-") -> 175102.9 | M15: =IFERROR(VLOOKUP($A15,'RIM (개별)'!$A:$Y,COLUMN('RIM (개별)'!H19),FALSE),"-") -> 179972.54 | N15: =IFERROR(VLOOKUP($A15,'RIM (연결)'!$A:$Y,COLUMN('RIM (연결)'!H17),FALSE),"-") -> 234973.92 | O15: =IFERROR(VLOOKUP($A15,무성장가치!$A:$Q,COLUMN(무성장가치!J15),FALSE),"-") -> 247840.04 | P15: 무선통신 | Q15: 80745711 | R15: 14831.03 | S15: 153774.74
A16: A051910 | B16: LG화학 | C16: 연결 | D16: 3Q | E16: =I16*Q16/100000000 -> 539325.5 | F16: =IFERROR(E16/R16,"-") -> 44.112744 | G16: =IFERROR(E16/S16,"-") -> 3.969177 | H16: =IFERROR(G16/F16,"-") -> 0.089978011 | I16: =IF(COUNTIF(현재가!$A:$A,$B16),VLOOKUP($B16,현재가!$A:$B,2,FALSE),VLOOKUP($B16,현재가!$D:$E,2,FALSE)) -> 764000 | J16: =VLOOKUP(A16,'EPS 성장율'!A:L,COLUMN('EPS 성장율'!L16),FALSE) -> 56402.424 | K16: =VLOOKUP($A16,'roe&pbr'!$A:$Q,COLUMN('roe&pbr'!J16),FALSE) -> 191060.36 | L16: =IFERROR(VLOOKUP($A16,야마구치요헤이!$A:$K,COLUMN(야마구치요헤이!K16),FALSE),"-") -> 91810.807 | M16: =IFERROR(VLOOKUP($A16,'RIM (개별)'!$A:$Y,COLUMN('RIM (개별)'!H20),FALSE),"-") -> 85697.774 | N16: =IFERROR(VLOOKUP($A16,'RIM (연결)'!$A:$Y,COLUMN('RIM (연결)'!H18),FALSE),"-") -> 135722.55 | O16: =IFERROR(VLOOKUP($A16,무성장가치!$A:$Q,COLUMN(무성장가치!J16),FALSE),"-") -> 87263.542 | P16: 화학 | Q16: 70592343 | R16: 12226.07 | S16: 135878.42
A17: A000270 | B17: 기아 | C17: 연결 | D17: 3Q | E17: =I17*Q17/100000000 -> 331992.58 | F17: =IFERROR(E17/R17,"-") -> 11.586131 | G17: =IFERROR(E17/S17,"-") -> 1.2977104 | H17: =IFERROR(G17/F17,"-") -> 0.1120055 | I17: =IF(COUNTIF(현재가!$A:$A,$B17),VLOOKUP($B17,현재가!$A:$B,2,FALSE),VLOOKUP($B17,현재가!$D:$E,2,FALSE)) -> 81900 | J17: =VLOOKUP(A17,'EPS 성장율'!A:L,COLUMN('EPS 성장율'!L17),FALSE) -> 52514.416 | K17: =VLOOKUP($A17,'roe&pbr'!$A:$Q,COLUMN('roe&pbr'!J17),FALSE) -> 79194.71 | L17: =IFERROR(VLOOKUP($A17,야마구치요헤이!$A:$K,COLUMN(야마구치요헤이!K17),FALSE),"-") -> 116031.27 | M17: =IFERROR(VLOOKUP($A17,'RIM (개별)'!$A:$Y,COLUMN('RIM (개별)'!H21),FALSE),"-") -> 94835.766 | N17: =IFERROR(VLOOKUP($A17,'RIM (연결)'!$A:$Y,COLUMN('RIM (연결)'!H19),FALSE),"-") -> 101059.49 | O17: =IFERROR(VLOOKUP($A17,무성장가치!$A:$Q,COLUMN(무성장가치!J17),FALSE),"-") -> 86302.25 | P17: 자동차 | Q17: 405363347 | R17: 28654.31 | S17: 255829.48
A18: A033780 | B18: KT&G | C18: 연결 | D18: 3Q | E18: =I18*Q18/100000000 -> 110795.05 | F18: =IFERROR(E18/R18,"-") -> 11.278526 | G18: =IFERROR(E18/S18,"-") -> 1.672197 | H18: =IFERROR(G18/F18,"-") -> 0.14826379 | I18: =IF(COUNTIF(현재가!$A:$A,$B18),VLOOKUP($B18,현재가!$A:$B,2,FALSE),VLOOKUP($B18,현재가!$D:$E,2,FALSE)) -> 80700 | J18: =VLOOKUP(A18,'EPS 성장율'!A:L,COLUMN('EPS 성장율'!L18),FALSE) -> 72247.192 | K18: =VLOOKUP($A18,'roe&pbr'!$A:$Q,COLUMN('roe&pbr'!J18),FALSE) -> 74520.646 | L18: =IFERROR(VLOOKUP($A18,야마구치요헤이!$A:$K,COLUMN(야마구치요헤이!K18),FALSE),"-") -> 275929.29 | M18: =IFERROR(VLOOKUP($A18,'RIM (개별)'!$A:$Y,COLUMN('RIM (개별)'!H22),FALSE),"-") -> 249003.41 | N18: =IFERROR(VLOOKUP($A18,'RIM (연결)'!$A:$Y,COLUMN('RIM (연결)'!H20),FALSE),"-") -> 260136.01 | O18: =IFERROR(VLOOKUP($A18,무성장가치!$A:$Q,COLUMN(무성장가치!J18),FALSE),"-") -> 182877.58 | P18: 담배 | Q18: 137292497 | R18: 9823.5395 | S18: 66257.172
... A50: A032640 | B50: LG유플러스 | C50: 연결 | D50: 3Q | E50: =I50*Q50/100000000 -> 63090.342 | F50: =IFERROR(E50/R50,"-") -> 15.226561 | G50: =IFERROR(E50/S50,"-") -> 1.3386053 | H50: =IFERROR(G50/F50,"-") -> 0.087912517 | I50: =IF(COUNTIF(현재가!$A:$A,$B50),VLOOKUP($B50,현재가!$A:$B,2,FALSE),VLOOKUP($B50,현재가!$D:$E,2,FALSE)) -> 14450 | J50: =VLOOKUP(A50,'EPS 성장율'!A:L,COLUMN('EPS 성장율'!L50),FALSE) -> 6239.6007 | K50: =VLOOKUP($A50,'roe&pbr'!$A:$Q,COLUMN('roe&pbr'!J50),FALSE) -> 10789.418 | L50: =IFERROR(VLOOKUP($A50,야마구치요헤이!$A:$K,COLUMN(야마구치요헤이!K50),FALSE),"-") -> - | M50: =IFERROR(VLOOKUP($A50,'RIM (개별)'!$A:$Y,COLUMN('RIM (개별)'!H54),FALSE),"-") -> 0 | N50: =IFERROR(VLOOKUP($A50,'RIM (연결)'!$A:$Y,COLUMN('RIM (연결)'!H52),FALSE),"-") -> 0 | O50: =IFERROR(VLOOKUP($A50,무성장가치!$A:$Q,COLUMN(무성장가치!J50),FALSE),"-") -> 0 | P50: 무선통신 | Q50: 436611361 | R50: 4143.44 | S50: 47131.4

Sheet EPS 성장율
D2: 할인율 | E2: 적용 PER | I2: 삼성전자 | K2: 주가 | L2: 주당가치 | M2: EPS 성장율 | N2: 미래주가 | O2: 기대수익율 | P2: 미래 EPS | Q2: 기간
C3: 입력 F | D3: 0.08 | E3: 12 | K3: =VLOOKUP($I2,$B:$X,COLUMN(K6)-1,FALSE) -> 71500 | L3: =VLOOKUP($I2,$B:$X,COLUMN(L6)-1,FALSE) -> 1056148.8 | M3: =VLOOKUP($I2,$B:$X,COLUMN(M6)-1,FALSE) -> 0.034393777 | N3: =VLOOKUP($I2,$B:$X,COLUMN(N6)-1,FALSE) -> 1644037.4 | O3: =VLOOKUP($I2,$B:$X,COLUMN(O6)-1,FALSE) -> 0.72504721 | P3: =VLOOKUP($I2,$B:$X,COLUMN(P6)-1,FALSE) -> 137003.12 | Q3: =VLOOKUP($I2,$B:$X,COLUMN(Q6)-1,FALSE) -> 5.75
Q4: 입력H | S4: 0.75 | T4: 1.75 | U4: 2.75 | V4: 3.75 | W4: 4.75 | X4: 5.75
A5: CODE | B5: 종목 | C5: 주재무 | D5: 실적 | E5: 시가총액 (억) | F5: PER | G5: PBR | H5: ROE | I5: PEG | J5: 괴리율 | K5: 주가 (원) | L5: 주당가치 | M5: EPS 성장율 | N5: 미래주가 | O5: 기대수익율 | P5: 미래 EPS | Q5: 기간 | R5: 2021.2Q | S5: 2020 | T5: 2019 | U5: 2018 | V5: 2017 | W5: 2016 | X5: 2015 | Y5: 업종 | Z5: 주식수
A6: A005930 | B6: 삼성전자 | C6: 연결 | D6: 3Q | E6: =K6*Z6/100000000 -> 100585.73 | F6: =VLOOKUP($A6,종합!$A:$T,COLUMN(종합!F34),FALSE) -> - | G6: =VLOOKUP($A6,종합!$A:$T,COLUMN(종합!G34),FALSE) -> - | H6: =VLOOKUP($A6,종합!$A:$T,COLUMN(종합!H34),FALSE) -> - | I6: =IFERROR(F6/(M6*100),"-") -> - | J6: =IFERROR((L6-K6)/K6,"-") -> 13.771312 | K6: =IF(COUNTIF(현재가!$A:$A,$B6),VLOOKUP($B6,현재가!$A:$B,2,FALSE),VLOOKUP($B6,현재가!$D:$E,2,FALSE)) -> 71500 | L6: =IFERROR(N6/(1+$D$3)^Q6,"-") -> 1056148.8 | M6: =IF(R6<0,"적자",IF(Q6=5.75,(R6/X6)^(1/Q6)-1,IF(Q6=4.75,(R6/W6)^(1/Q6)-1,IF(Q6=3.75,(R6/V6)^(1/Q6)-1,IF(Q6=2.75,(R6/U6)^(1/Q6)-1,IF(Q6=1.75,(R6/T6)^(1/Q6)-1,IF(Q6=0.75,(R6/S6)^(1/Q6)-1))))))) -> 0.034393777 | N6: =IFERROR(P6*$E$3,"-") -> 1644037.4 | O6: =IFERROR((N6/K6)^(1/Q6)-1,"-") -> 0.72504721 | P6: =IFERROR(R6*(1+M6)^Q6,"-") -> 137003.12 | Q6: 5.75 | R6: 112794.14 | S6: 109882.59 | T6: 135673.45 | U6: 175282.02 | V6: 136278.13 | W6: 78660.01 | X6: 92862.98 | Y6: 휴대폰 및 관련부품 | Z6: 140679337
A7: A015760 | B7: 한국전력 | C7: 연결 | D7: 3Q | E7: =K7*Z7/100000000 -> 146367.81 | F7: =VLOOKUP($A7,종합!$A:$T,COLUMN(종합!F35),FALSE) -> 1.7572433 | G7: =VLOOKUP($A7,종합!$A:$T,COLUMN(종합!G35),FALSE) -> 0.20613511 | H7: =VLOOKUP($A7,종합!$A:$T,COLUMN(종합!H35),FALSE) -> 0.11730596 | I7: =IFERROR(F7/(M7*100),"-") -> -0.037904405 | J7: =IFERROR((L7-K7)/K7,"-") -> 3.0401636 | K7: =IF(COUNTIF(현재가!$A:$A,$B7),VLOOKUP($B7,현재가!$A:$B,2,FALSE),VLOOKUP($B7,현재가!$D:$E,2,FALSE)) -> 22800 | L7: =IFERROR(N7/(1+$D$3)^Q7,"-") -> 92115.73 | M7: =IF(R7<0,"적자",IF(Q7=5.75,(R7/X7)^(1/Q7)-1,IF(Q7=4.75,(R7/W7)^(1/Q7)-1,IF(Q7=3.75,(R7/V7)^(1/Q7)-1,IF(Q7=2.75,(R7/U7)^(1/Q7)-1,IF(Q7=1.75,(R7/T7)^(1/Q7)-1,IF(Q7=0.75,(R7/S7)^(1/Q7)-1))))))) -> -0.46359872 | N7: =IFERROR(P7*$E$3,"-") -> 97589.168 | O7: =IFERROR((N7/K7)^(1/Q7)-1,"-") -> 5.9495341 | P7: =IFERROR(R7*(1+M7)^Q7,"-") -> 8132.4307 | Q7: 0.75 | R7: 12974.87 | S7: 20700.73 | T7: 4185.39 | U7: 93.48 | V7: -4932.7 | W7: -5251.46 | X7: -186.93 | Y7: 전력 | Z7: 641964077
A8: A005380 | B8: 현대차 | C8: 연결 | D8: 3Q | E8: =K8*Z8/100000000 -> 388864.59 | F8: =VLOOKUP($A8,종합!$A:$T,COLUMN(종합!F36),FALSE) -> 7.4789359 | G8: =VLOOKUP($A8,종합!$A:$T,COLUMN(종합!G36),FALSE) -> 0.70267483 | H8: =VLOOKUP($A8,종합!$A:$T,COLUMN(종합!H36),FALSE) -> 0.093953851 | I8: =IFERROR(F8/(M8*100),"-") -> - | J8: =IFERROR((L8-K8)/K8,"-") -> - | K8: =IF(COUNTIF(현재가!$A:$A,$B8),VLOOKUP($B8,현재가!$A:$B,2,FALSE),VLOOKUP($B8,현재가!$D:$E,2,FALSE)) -> 205000 | L8: =IFERROR(N8/(1+$D$3)^Q8,"-") -> - | M8: =IF(R8<0,"적자",IF(Q8=5.75,(R8/X8)^(1/Q8)-1,IF(Q8=4.75,(R8/W8)^(1/Q8)-1,IF(Q8=3.75,(R8/V8)^(1/Q8)-1,IF(Q8=2.75,(R8/U8)^(1/Q8)-1,IF(Q8=1.75,(R8/T8)^(1/Q8)-1,IF(Q8=0.75,(R8/S8)^(1/Q8)-1))))))) -> 적자 | N8: =IFERROR(P8*$E$3,"-") -> - | O8: =IFERROR((N8/K8)^(1/Q8)-1,"-") -> - | P8: =IFERROR(R8*(1+M8)^Q8,"-") -> - | Q8: 5.75 | R8: -1393.97 | S8: 17749.13 | T8: 3632.44 | U8: 361.73 | V8: 1127.16 | W8: 2367.96 | X8: 1411.12 | Y8: 자동차 | Z8: 189690043
A9: A028260 | B9: 삼성물산 | C9: 연결 | D9: 3Q | E9: =K9*Z9/100000000 -> 888162.89 | F9: =VLOOKUP($A9,종합!$A:$T,COLUMN(종합!F37),FALSE) -> -86.775022 | G9: =VLOOKUP($A9,종합!$A:$T,COLUMN(종합!G37),FALSE) -> 1.4060194 | H9: =VLOOKUP($A9,종합!$A:$T,COLUMN(종합!H37),FALSE) -> -0.016203043 | I9: =IFERROR(F9/(M9*100),"-") -> 13.365088 | J9: =IFERROR((L9-K9)/K9,"-") -> -0.87035204 | K9: =IF(COUNTIF(현재가!$A:$A,$B9),VLOOKUP($B9,현재가!$A:$B,2,FALSE),VLOOKUP($B9,현재가!$D:$E,2,FALSE)) -> 122000 | L9: =IFERROR(N9/(1+$D$3)^Q9,"-") -> 15817.051 | M9: =IF(R9<0,"적자",IF(Q9=5.75,(R9/X9)^(1/Q9)-1,IF(Q9=4.75,(R9/W9)^(1/Q9)-1,IF(Q9=3.75,(R9/V9)^(1/Q9)-1,IF(Q9=2.75,(R9/U9)^(1/Q9)-1,IF(Q9=1.75,(R9/T9)^(1/Q9)-1,IF(Q9=0.75,(R9/S9)^(1/Q9)-1))))))) -> -0.064926637 | N9: =IFERROR(P9*$E$3,"-") -> 24621.363 | O9: =IFERROR((N9/K9)^(1/Q9)-1,"-") -> -0.24295424 | P9: =IFERROR(R9*(1+M9)^Q9,"-") -> 2051.7803 | Q9: 5.75 | R9: 3018.34 | S9: 5937.28 | T9: 5766.24 | U9: 4044.59 | V9: -233.12 | W9: -95.65 | X9: 4440.23 | Y9: 복합 산업 | Z9: 728002365
A10: A035420 | B10: NAVER | C10: 연결 | D10: 3Q | E10: =K10*Z10/100000000 -> 855774.12 | F10: =VLOOKUP($A10,종합!$A:$T,COLUMN(종합!F38),FALSE) -> 17.923567 | G10: =VLOOKUP($A10,종합!$A:$T,COLUMN(종합!G38),FALSE) -> 3.4542231 | H10: =VLOOKUP($A10,종합!$A:$T,COLUMN(종합!H38),FALSE) -> 0.19271963 | I10: =IFERROR(F10/(M10*100),"-") -> 12.607879 | J10: =IFERROR((L10-K10)/K10,"-") -> -0.49615006 | K10: =IF(COUNTIF(현재가!$A:$A,$B10),VLOOKUP($B10,현재가!$A:$B,2,FALSE),VLOOKUP($B10,현재가!$D:$E,2,FALSE)) -> 388500 | L10: =IFERROR(N10/(1+$D$3)^Q10,"-") -> 195745.7 | M10: =IF(R10<0,"적자",IF(Q10=5.75,(R10/X10)^(1/Q10)-1,IF(Q10=4.75,(R10/W10)^(1/Q10)-1,IF(Q10=3.75,(R10/V10)^(1/Q10)-1,IF(Q10=2.75,(R10/U10)^(1/Q10)-1,IF(Q10=1.75,(R10/T10)^(1/Q10)-1,IF(Q10=0.75,(R10/S10)^(1/Q10)-1))))))) -> 0.014216163 | N10: =IFERROR(P10*$E$3,"-") -> 304704.47 | O10: =IFERROR((N10/K10)^(1/Q10)-1,"-") -> -0.041372126 | P10: =IFERROR(R10*(1+M10)^Q10,"-") -> 25392.039 | Q10: 5.75 | R10: 23412.46 | S10: 24883.84 | T10: 28488.1 | U10: 33121.96 | V10: 33217.87 | W10: 29686.54 | X10: 21587.21 | Y10: 인터넷 서비스 | Z10: 220276479
A11: A012330 | B11: 현대모비스 | C11: 연결 | D11: 3Q | E11: =K11*Z11/100000000 -> 87680.726 | F11: =VLOOKUP($A11,종합!$A:$T,COLUMN(종합!F39),FALSE) -> 8.0958982 | G11: =VLOOKUP($A11,종합!$A:$T,COLUMN(종합!G39),FALSE) -> 0.94896483 | H11: =VLOOKUP($A11,종합!$A:$T,COLUMN(종합!H39),FALSE) -> 0.11721551 | I11: =IFERROR(F11/(M11*100),"-") -> 0.54912798 | J11: =IFERROR((L11-K11)/K11,"-") -> 0.38518993 | K11: =IF(COUNTIF(현재가!$A:$A,$B11),VLOOKUP($B11,현재가!$A:$B,2,FALSE),VLOOKUP($B11,현재가!$D:$E,2,FALSE)) -> 266000 | L11: =IFERROR(N11/(1+$D$3)^Q11,"-") -> 368460.52 | M11: =IF(R11<0,"적자",IF(Q11=5.75,(R11/X11)^(1/Q11)-1,IF(Q11=4.75,(R11/W11)^(1/Q11)-1,IF(Q11=3.75,(R11/V11)^(1/Q11)-1,IF(Q11=2.75,(R11/U11)^(1/Q11)-1,IF(Q11=1.75,(R11/T11)^(1/Q11)-1,IF(Q11=0.75,(R11/S11)^(1/Q11)-1))))))) -> 0.1474319 | N11: =IFERROR(P11*$E$3,"-") -> 573558.28 | O11: =IFERROR((N11/K11)^(1/Q11)-1,"-") -> 0.142968 | P11: =IFERROR(R11*(1+M11)^Q11,"-") -> 47796.524 | Q11: 5.75 | R11: 21675.37 | S11: 15737.39 | T11: 13787.03 | U11: 45425.48 | V11: 11346.4 | W11: 9349.81 | X11: 9829.62 | Y11: 자동차부품 | Z11: 32962679
A12: A000660 | B12: SK하이닉스 | C12: 연결 | D12: 3Q | E12: =K12*Z12/100000000 -> 91503.231 | F12: =VLOOKUP($A12,종합!$A:$T,COLUMN(종합!F40),FALSE) -> 31.142941 | G12: =VLOOKUP($A12,종합!$A:$T,COLUMN(종합!G40),FALSE) -> 3.1104659 | H12: =VLOOKUP($A12,종합!$A:$T,COLUMN(종합!H40),FALSE) -> 0.099877076 | I12: =IFERROR(F12/(M12*100),"-") -> 10.726894 | J12: =IFERROR((L12-K12)/K12,"-") -> 2.1763847 | K12: =IF(COUNTIF(현재가!$A:$A,$B12),VLOOKUP($B12,현재가!$A:$B,2,FALSE),VLOOKUP($B12,현재가!$D:$E,2,FALSE)) -> 94000 | L12: =IFERROR(N12/(1+$D$3)^Q12,"-") -> 298580.16 | M12: =IF(R12<0,"적자",IF(Q12=5.75,(R12/X12)^(1/Q12)-1,IF(Q12=4.75,(R12/W12)^(1/Q12)-1,IF(Q12=3.75,(R12/V12)^(1/Q12)-1,IF(Q12=2.75,(R12/U12)^(1/Q12)-1,IF(Q12=1.75,(R12/T12)^(1/Q12)-1,IF(Q12=0.75,(R12/S12)^(1/Q12)-1))))))) -> 0.02903258 | N12: =IFERROR(P12*$E$3,"-") -> 464780.12 | O12: =IFERROR((N12/K12)^(1/Q12)-1,"-") -> 0.3204333 | P12: =IFERROR(R12*(1+M12)^Q12,"-") -> 38731.677 | Q12: 5.75 | R12: 32854.8 | S12: 31386.56 | T12: 35165 | U12: 35148.78 | V12: 36556.43 | W12: 31054.4 | X12: 27869.64 | Y12: 반도체 및 관련장비 | Z12: 97343863
A13: A090430 | B13: 아모레퍼시픽 | C13: 연결 | D13: 3Q | E13: =K13*Z13/100000000 -> 106102.16 | F13: =VLOOKUP($A13,종합!$A:$T,COLUMN(종합!F41),FALSE) -> 16.675699 | G13: =VLOOKUP($A13,종합!$A:$T,COLUMN(종합!G41),FALSE) -> 2.786491 | H13: =VLOOKUP($A13,종합!$A:$T,COLUMN(종합!H41),FALSE) -> 0.16709891 | I13: =IFERROR(F13/(M13*100),"-") -> 1.4038615 | J13: =IFERROR((L13-K13)/K13,"-") -> -0.25338176 | K13: =IF(COUNTIF(현재가!$A:$A,$B13),VLOOKUP($B13,현재가!$A:$B,2,FALSE),VLOOKUP($B13,현재가!$D:$E,2,FALSE)) -> 181500 | L13: =IFERROR(N13/(1+$D$3)^Q13,"-") -> 135511.21 | M13: =IF(R13<0,"적자",IF(Q13=5.75,(R13/X13)^(1/Q13)-1,IF(Q13=4.75,(R13/W13)^(1/Q13)-1,IF(Q13=3.75,(R13/V13)^(1/Q13)-1,IF(Q13=2.75,(R13/U13)^(1/Q13)-1,IF(Q13=1.75,(R13/T13)^(1/Q13)-1,IF(Q13=0.75,(R13/S13)^(1/Q13)-1))))))) -> 0.11878451 | N13: =IFERROR(P13*$E$3,"-") -> 210941.4 | O13: =IFERROR((N13/K13)^(1/Q13)-1,"-") -> 0.026488164 | P13: =IFERROR(R13*(1+M13)^Q13,"-") -> 17578.45 | Q13: 5.75 | R13: 9219.1 | S13: 9703.95 | T13: 6369.97 | U13: 4502.71 | V13: 4543.95 | W13: 5494.96 | X13: 4835 | Y13: 개인생활용품 | Z13: 58458490
A14: A005490 | B14: POSCO | C14: 연결 | D14: 3Q | E14: =K14*Z14/100000000 -> 278997.87 | F14: =VLOOKUP($A14,종합!$A:$T,COLUMN(종합!F43),FALSE) -> 20.180326 | G14: =VLOOKUP($A14,종합!$A:$T,COLUMN(종합!G43),FALSE) -> 0.66951998 | H14: =VLOOKUP($A14,종합!$A:$T,COLUMN(종합!H43),FALSE) -> 0.033176867 | I14: =IFERROR(F14/(M14*100),"-") -> -1.170161 | J14: =IFERROR((L14-K14)/K14,"-") -> -0.87136468 | K14: =IF(COUNTIF(현재가!$A:$A,$B14),VLOOKUP($B14,현재가!$A:$B,2,FALSE),VLOOKUP($B14,현재가!$D:$E,2,FALSE)) -> 320000 | L14: =IFERROR(N14/(1+$D$3)^Q14,"-") -> 41163.302 | M14: =IF(R14<0,"적자",IF(Q14=5.75,(R14/X14)^(1/Q14)-1,IF(Q14=4.75,(R14/W14)^(1/Q14)-1,IF(Q14=3.75,(R14/V14)^(1/Q14)-1,IF(Q14=2.75,(R14/U14)^(1/Q14)-1,IF(Q14=1.75,(R14/T14)^(1/Q14)-1,IF(Q14=0.75,(R14/S14)^(1/Q14)-1))))))) -> -0.17245768 | N14: =IFERROR(P14*$E$3,"-") -> 64076.208 | O14: =IFERROR((N14/K14)^(1/Q14)-1,"-") -> -0.24398592 | P14: =IFERROR(R14*(1+M14)^Q14,"-") -> 5339.684 | Q14: 5.75 | R14: 15857.03 | S14: 2071.95 | T14: 7181.12 | U14: 15786.74 | V14: 28239.13 | W14: 41842.74 | X14: 47089.94 | Y14: 금속 및 광물 | Z14: 87186835
A15: A017670 | B15: SK텔레콤 | C15: 연결 | D15: 3Q | E15: =K15*Z15/100000000 -> 245870.69 | F15: =VLOOKUP($A15,종합!$A:$T,COLUMN(종합!F45),FALSE) -> 16.578126 | G15: =VLOOKUP($A15,종합!$A:$T,COLUMN(종합!G45),FALSE) -> 1.5989017 | H15: =VLOOKUP($A15,종합!$A:$T,COLUMN(종합!H45),FALSE) -> 0.096446464 | I15: =IFERROR(F15/(M15*100),"-") -> -4.4862776 | J15: =IFERROR((L15-K15)/K15,"-") -> -0.62551674 | K15: =IF(COUNTIF(현재가!$A:$A,$B15),VLOOKUP($B15,현재가!$A:$B,2,FALSE),VLOOKUP($B15,현재가!$D:$E,2,FALSE)) -> 304500 | L15: =IFERROR(N15/(1+$D$3)^Q15,"-") -> 114030.15 | M15: =IF(R15<0,"적자",IF(Q15=5.75,(R15/X15)^(1/Q15)-1,IF(Q15=4.75,(R15/W15)^(1/Q15)-1,IF(Q15=3.75,(R15/V15)^(1/Q15)-1,IF(Q15=2.75,(R15/U15)^(1/Q15)-1,IF(Q15=1.75,(R15/T15)^(1/Q15)-1,IF(Q15=0.75,(R15/S15)^(1/Q15)-1))))))) -> -0.036952966 | N15: =IFERROR(P15*$E$3,"-") -> 177503.25 | O15: =IFERROR((N15/K15)^(1/Q15)-1,"-") -> -0.089587761 | P15: =IFERROR(R15*(1+M15)^Q15,"-") -> 14791.937 | Q15: 5.75 | R15: 18367.58 | S15: 18807.24 | T15: 22306.79 | U15: 20297.85 | V15: 14263.36 | W15: 19974.92 | X15: 22807.56 | Y15: 무선통신 | Z15: 80745711
A16: A051910 | B16: LG화학 | C16: 연결 | D16: 3Q | E16: =K16*Z16/100000000 -> 3096976 | F16: =VLOOKUP($A16,종합!$A:$T,COLUMN(종합!F46),FALSE) -> 44.112744 | G16: =VLOOKUP($A16,종합!$A:$T,COLUMN(종합!G46),FALSE) -> 3.969177 | H16: =VLOOKUP($A16,종합!$A:$T,COLUMN(종합!H46),FALSE) -> 0.089978011 | I16: =IFERROR(F16/(M16*100),"-") -> 73.427413 | J16: =IFERROR((L16-K16)/K16,"-") -> -0.92617484 | K16: =IF(COUNTIF(현재가!$A:$A,$B16),VLOOKUP($B16,현재가!$A:$B,2,FALSE),VLOOKUP($B16,현재가!$D:$E,2,FALSE)) -> 764000 | L16: =IFERROR(N16/(1+$D$3)^Q16,"-") -> 56402.424 | M16: =IF(R16<0,"적자",IF(Q16=5.75,(R16/X16)^(1/Q16)-1,IF(Q16=4.75,(R16/W16)^(1/Q16)-1,IF(Q16=3.75,(R16/V16)^(1/Q16)-1,IF(Q16=2.75,(R16/U16)^(1/Q16)-1,IF(Q16=1.75,(R16/T16)^(1/Q16)-1,IF(Q16=0.75,(R16/S16)^(1/Q16)-1))))))) -> 0.006007667 | N16: =IFERROR(P16*$E$3,"-") -> 87797.947 | O16: =IFERROR((N16/K16)^(1/Q16)-1,"-") -> -0.3135803 | P16: =IFERROR(R16*(1+M16)^Q16,"-") -> 7316.4956 | Q16: 5.75 | R16: 7068.8 | S16: 6489.49 | T16: 7384.96 | U16: 9416.39 | V16: 9537.43 | W16: 8555.74 | X16: 6829.49 | Y16: 화학 | Z16: 405363347
A17: A000270 | B17: 기아 | C17: 연결 | D17: 3Q | E17: =K17*Z17/100000000 -> 112442.56 | F17: =VLOOKUP($A17,종합!$A:$T,COLUMN(종합!F47),FALSE) -> 11.586131 | G17: =VLOOKUP($A17,종합!$A:$T,COLUMN(종합!G47),FALSE) -> 1.2977104 | H17: =VLOOKUP($A17,종합!$A:$T,COLUMN(종합!H47),FALSE) -> 0.1120055 | I17: =IFERROR(F17/(M17*100),"-") -> -13.617754 | J17: =IFERROR((L17-K17)/K17,"-") -> -0.35879835 | K17: =IF(COUNTIF(현재가!$A:$A,$B17),VLOOKUP($B17,현재가!$A:$B,2,FALSE),VLOOKUP($B17,현재가!$D:$E,2,FALSE)) -> 81900 | L17: =IFERROR(N17/(1+$D$3)^Q17,"-") -> 52514.416 | M17: =IF(R17<0,"적자",IF(Q17=5.75,(R17/X17)^(1/Q17)-1,IF(Q17=4.75,(R17/W17)^(1/Q17)-1,IF(Q17=3.75,(R17/V17)^(1/Q17)-1,IF(Q17=2.75,(R17/U17)^(1/Q17)-1,IF(Q17=1.75,(R17/T17)^(1/Q17)-1,IF(Q17=0.75,(R17/S17)^(1/Q17)-1))))))) -> -0.0085081069 | N17: =IFERROR(P17*$E$3,"-") -> 81745.74 | O17: =IFERROR((N17/K17)^(1/Q17)-1,"-") -> -0.00032782299 | P17: =IFERROR(R17*(1+M17)^Q17,"-") -> 6812.145 | Q17: 5.75 | R17: 7155.19 | S17: 7543.87 | T17: 6013.48 | U17: 4156.58 | V17: 5375.66 | W17: 5943.94 | X17: 7515.51 | Y17: 자동차 | Z17: 137292497
A18: A033780 | B18: KT&G | C18: 연결 | D18: 3Q | E18: =K18*Z18/100000000 -> 56968.021 | F18: =VLOOKUP($A18,종합!$A:$T,COLUMN(종합!F48),FALSE) -> 11.278526 | G18: =VLOOKUP($A18,종합!$A:$T,COLUMN(종합!G48),FALSE) -> 1.672197 | H18: =VLOOKUP($A18,종합!$A:$T,COLUMN(종합!H48),FALSE) -> 0.14826379 | I18: =IFERROR(F18/(M18*100),"-") -> -1.1984409 | J18: =IFERROR((L18-K18)/K18,"-") -> -0.1047436 | K18: =IF(COUNTIF(현재가!$A:$A,$B18),VLOOKUP($B18,현재가!$A:$B,2,FALSE),VLOOKUP($B18,현재가!$D:$E,2,FALSE)) -> 80700 | L18: =IFERROR(N18/(1+$D$3)^Q18,"-") -> 72247.192 | M18: =IF(R18<0,"적자",IF(Q18=5.75,(R18/X18)^(1/Q18)-1,IF(Q18=4.75,(R18/W18)^(1/Q18)-1,IF(Q18=3.75,(R18/V18)^(1/Q18)-1,IF(Q18=2.75,(R18/U18)^(1/Q18)-1,IF(Q18=1.75,(R18/T18)^(1/Q18)-1,IF(Q18=0.75,(R18/S18)^(1/Q18)-1))))))) -> -0.094109988 | N18: =IFERROR(P18*$E$3,"-") -> 112462.46 | O18: =IFERROR((N18/K18)^(1/Q18)-1,"-") -> 0.059416634 | P18: =IFERROR(R18*(1+M18)^Q18,"-") -> 9371.8713 | Q18: 5.75 | R18: 16544.07 | S18: 15601.98 | T18: 11744.57 | U18: 17130.82 | V18: 20223.09 | W18: 28929.98 | X18: 29205.08 | Y18: 담배 | Z18: 70592343
A19: A034730 | B19: SK | C19: 연결 | D19: 3Q | E19: =K19*Z19/100000000 -> 180825.96 | F19: =VLOOKUP($A19,종합!$A:$T,COLUMN(종합!F50),FALSE) -> 18.660166 | G19: =VLOOKUP($A19,종합!$A:$T,COLUMN(종합!G50),FALSE) -> 1.3998689 | H19: =VLOOKUP($A19,종합!$A:$T,COLUMN(종합!H50),FALSE) -> 0.075019102 | I19: =IFERROR(F19/(M19*100),"-") -> -0.20224074 | J19: =IFERROR((L19-K19)/K19,"-") -> -0.91169722 | K19: =IF(COUNTIF(현재가!$A:$A,$B19),VLOOKUP($B19,현재가!$A:$B,2,FALSE),VLOOKUP($B19,현재가!$D:$E,2,FALSE)) -> 257000 | L19: =IFERROR(N19/(1+$D$3)^Q19,"-") -> 22693.816 | M19: =IF(R19<0,"적자",IF(Q19=5.75,(R19/X19)^(1/Q19)-1,IF(Q19=4.75,(R19/W19)^(1/Q19)-1,IF(Q19=3.75,(R19/V19)^(1/Q19)-1,IF(Q19=2.75,(R19/U19)^(1/Q19)-1,IF(Q19=1.75,(R19/T19)^(1/Q19)-1,IF(Q19=0.75,(R19/S19)^(1/Q19)-1))))))) -> -0.92267097 | N19: =IFERROR(P19*$E$3,"-") -> 24042.263 | O19: =IFERROR((N19/K19)^(1/Q19)-1,"-") -> -0.95753254 | P19: =IFERROR(R19*(1+M19)^Q19,"-") -> 2003.5219 | Q19: 0.75 | R19: 13662.72 | S19: 93170.89 | T19: 2545.88 | U19: 4045.12 | V19: 7122.34 | W19: 8765.01 | X19: 6493.88 | Y19: 석유 및 가스 | Z19: 70360297
A20: A051900 | B20: LG생활건강 | C20: 연결 | D20: 3Q | E20: =K20*Z20/100000000 -> 216155.85 | F20: =VLOOKUP($A20,종합!$A:$T,COLUMN(종합!F51),FALSE) -> 36.330368 | G20: =VLOOKUP($A20,종합!$A:$T,COLUMN(종합!G51),FALSE) -> 8.6847275 | H20: =VLOOKUP($A20,종합!$A:$T,COLUMN(종합!H51),FALSE) -> 0.23904871 | I20: =IFERROR(F20/(M20*100),"-") -> 2.0275125 | J20: =IFERROR((L20-K20)/K20,"-") -> -0.51744829 | K20: =IF(COUNTIF(현재가!$A:$A,$B20),VLOOKUP($B20,현재가!$A:$B,2,FALSE),VLOOKUP($B20,현재가!$D:$E,2,FALSE)) -> 1384000 | L20: =IFERROR(N20/(1+$D$3)^Q20,"-") -> 667851.57 | M20: =IF(R20<0,"적자",IF(Q20=5.75,(R20/X20)^(1/Q20)-1,IF(Q20=4.75,(R20/W20)^(1/Q20)-1,IF(Q20=3.75,(R20/V20)^(1/Q20)-1,IF(Q20=2.75,(R20/U20)^(1/Q20)-1,IF(Q20=1.75,(R20/T20)^(1/Q20)-1,IF(Q20=0.75,(R20/S20)^(1/Q20)-1))))))) -> 0.1791869 | N20: =IFERROR(P20*$E$3,"-") -> 1039600.7 | O20: =IFERROR((N20/K20)^(1/Q20)-1,"-") -> -0.048545762 | P20: =IFERROR(R20*(1+M20)^Q20,"-") -> 86633.388 | Q20: 5.75 | R20: 33580.34 | S20: 25982.28 | T20: 19721.99 | U20: 20166.31 | V20: 17154.16 | W20: 14941.01 | X20: 13016.22 | Y20: 가정생활용품 | Z20: 15618197
A21: A096770 | B21: SK이노베이션 | C21: 연결 | D21: 3Q | E21: =K21*Z21/100000000 -> 229314.6 | F21: =VLOOKUP($A21,종합!$A:$T,COLUMN(종합!F52),FALSE) -> 17.298867 | G21: =VLOOKUP($A21,종합!$A:$T,COLUMN(종합!G52),FALSE) -> 1.3697576 | H21: =VLOOKUP($A21,종합!$A:$T,COLUMN(종합!H52),FALSE) -> 0.079181929 | I21: =IFERROR(F21/(M21*100),"-") -> 6.4606368 | J21: =IFERROR((L21-K21)/K21,"-") -> -0.48815614 | K21: =IF(COUNTIF(현재가!$A:$A,$B21),VLOOKUP($B21,현재가!$A:$B,2,FALSE),VLOOKUP($B21,현재가!$D:$E,2,FALSE)) -> 248000 | L21: =IFERROR(N21/(1+$D$3)^Q21,"-") -> 126937.28 | M21: =IF(R21<0,"적자",IF(Q21=5.75,(R21/X21)^(1/Q21)-1,IF(Q21=4.75,(R21/W21)^(1/Q21)-1,IF(Q21=3.75,(R21/V21)^(1/Q21)-1,IF(Q21=2.75,(R21/U21)^(1/Q21)-1,IF(Q21=1.75,(R21/T21)^(1/Q21)-1,IF(Q21=0.75,(R21/S21)^(1/Q21)-1))))))) -> 0.026775791 | N21: =IFERROR(P21*$E$3,"-") -> 197594.92 | O21: =IFERROR((N21/K21)^(1/Q21)-1,"-") -> -0.038744202 | P21: =IFERROR(R21*(1+M21)^Q21,"-") -> 16466.243 | Q21: 5.75 | R21: 14145.22 | S21: 8695.9 | T21: -6283.29 | U21: 7788.8 | V21: 12649.46 | W21: 33815.74 | X21: 12151.36 | Y21: 석유 및 가스 | Z21: 92465564
A22: A018260 | B22: 삼성에스디에스 | C22: 연결 | D22: 3Q | E22: =K22*Z22/100000000 -> 132345.38 | F22: =VLOOKUP($A22,종합!$A:$T,COLUMN(종합!F54),FALSE) -> 25.982276 | G22: =VLOOKUP($A22,종합!$A:$T,COLUMN(종합!G54),FALSE) -> 2.5684343 | H22: =VLOOKUP($A22,종합!$A:$T,COLUMN(종합!H54),FALSE) -> 0.098853325 | I22: =IFERROR(F22/(M22*100),"-") -> 1.3697405 | J22: =IFERROR((L22-K22)/K22,"-") -> -0.44746547 | K22: =IF(COUNTIF(현재가!$A:$A,$B22),VLOOKUP($B22,현재가!$A:$B,2,FALSE),VLOOKUP($B22,현재가!$D:$E,2,FALSE)) -> 160500 | L22: =IFERROR(N22/(1+$D$3)^Q22,"-") -> 88681.791 | M22: =IF(R22<0,"적자",IF(Q22=5.75,(R22/X22)^(1/Q22)-1,IF(Q22=4.75,(R22/W22)^(1/Q22)-1,IF(Q22=3.75,(R22/V22)^(1/Q22)-1,IF(Q22=2.75,(R22/U22)^(1/Q22)-1,IF(Q22=1.75,(R22/T22)^(1/Q22)-1,IF(Q22=0.75,(R22/S22)^(1/Q22)-1))))))) -> 0.18968757 | N22: =IFERROR(P22*$E$3,"-") -> 138045.12 | O22: =IFERROR((N22/K22)^(1/Q22)-1,"-") -> -0.025870494 | P22: =IFERROR(R22*(1+M22)^Q22,"-") -> 11503.76 | Q22: 5.75 | R22: 4237.41 | S22: 3158.41 | T22: 2696.63 | U22: 1976.9 | V22: 1877.65 | W22: 1800.91 | X22: 1560.85 | Y22: IT 서비스 | Z22: 82458180
A23: A068270 | B23: 셀트리온 | C23: 연결 | D23: 3Q | E23: =K23*Z23/100000000 -> 173326.27 | F23: =VLOOKUP($A23,종합!$A:$T,COLUMN(종합!F55),FALSE) -> 147.81101 | G23: =VLOOKUP($A23,종합!$A:$T,COLUMN(종합!G55),FALSE) -> 13.191926 | H23: =VLOOKUP($A23,종합!$A:$T,COLUMN(종합!H55),FALSE) -> 0.089248604 | I23: =IFERROR(F23/(M23*100),"-") -> 26.216665 | J23: =IFERROR((L23-K23)/K23,"-") -> -0.70858499 | K23: =IF(COUNTIF(현재가!$A:$A,$B23),VLOOKUP($B23,현재가!$A:$B,2,FALSE),VLOOKUP($B23,현재가!$D:$E,2,FALSE)) -> 224000 | L23: =IFERROR(N23/(1+$D$3)^Q23,"-") -> 65276.961 | M23: =IF(R23<0,"적자",IF(Q23=5.75,(R23/X23)^(1/Q23)-1,IF(Q23=4.75,(R23/W23)^(1/Q23)-1,IF(Q23=3.75,(R23/V23)^(1/Q23)-1,IF(Q23=2.75,(R23/U23)^(1/Q23)-1,IF(Q23=1.75,(R23/T23)^(1/Q23)-1,IF(Q23=0.75,(R23/S23)^(1/Q23)-1))))))) -> 0.056380554 | N23: =IFERROR(P23*$E$3,"-") -> 101612.36 | O23: =IFERROR((N23/K23)^(1/Q23)-1,"-") -> -0.12844381 | P23: =IFERROR(R23*(1+M23)^Q23,"-") -> 8467.6964 | Q23: 5.75 | R23: 6177.29 | S23: 5673.72 | T23: 5335.9 | U23: 4312.2 | V23: 5477.76 | W23: 4522.76 | X23: 4506.41 | Y23: 바이오 | Z23: 77377800
A24: A002790 | B24: 아모레G | C24: 연결 | D24: 3Q | E24: =K24*Z24/100000000 -> 58007.668 | F24: =VLOOKUP($A24,종합!$A:$T,COLUMN(종합!F56),FALSE) -> 11.740652 | G24: =VLOOKUP($A24,종합!$A:$T,COLUMN(종합!G56),FALSE) -> 1.463395 | H24: =VLOOKUP($A24,종합!$A:$T,COLUMN(종합!H56),FALSE) -> 0.12464342 | I24: =IFERROR(F24/(M24*100),"-") -> 1.8606939 | J24: =IFERROR((L24-K24)/K24,"-") -> -0.66583254 | K24: =IF(COUNTIF(현재가!$A:$A,$B24),VLOOKUP($B24,현재가!$A:$B,2,FALSE),VLOOKUP($B24,현재가!$D:$E,2,FALSE)) -> 49750 | L24: =IFERROR(N24/(1+$D$3)^Q24,"-") -> 16624.831 | M24: =IF(R24<0,"적자",IF(Q24=5.75,(R24/X24)^(1/Q24)-1,IF(Q24=4.75,(R24/W24)^(1/Q24)-1,IF(Q24=3.75,(R24/V24)^(1/Q24)-1,IF(Q24=2.75,(R24/U24)^(1/Q24)-1,IF(Q24=1.75,(R24/T24)^(1/Q24)-1,IF(Q24=0.75,(R24/S24)^(1/Q24)-1))))))) -> 0.063098242 | N24: =IFERROR(P24*$E$3,"-") -> 25878.782 | O24: =IFERROR((N24/K24)^(1/Q24)-1,"-") -> -0.10744515 | P24: =IFERROR(R24*(1+M24)^Q24,"-") -> 2156.5652 | Q24: 5.75 | R24: 1516.93 | S24: 1331.91 | T24: 1007.58 | U24: 980.61 | V24: 1673.89 | W24: 1616.05 | X24: 1067.01 | Y24: 개인생활용품 | Z24: 116598327
A25: A003550 | B25: LG | C25: 연결 | D25: 3Q | E25: =K25*Z25/100000000 -> 69844 | F25: =VLOOKUP($A25,종합!$A:$T,COLUMN(종합!F57),FALSE) -> 14.780226 | G25: =VLOOKUP($A25,종합!$A:$T,COLUMN(종합!G57),FALSE) -> 1.1768438 | H25: =VLOOKUP($A25,종합!$A:$T,COLUMN(종합!H57),FALSE) -> 0.079622852 | I25: =IFERROR(F25/(M25*100),"-") -> - | J25: =IFERROR((L25-K25)/K25,"-") -> -0.26751948 | K25: =IF(COUNTIF(현재가!$A:$A,$B25),VLOOKUP($B25,현재가!$A:$B,2,FALSE),VLOOKUP($B25,현재가!$D:$E,2,FALSE)) -> 91900 | L25: =IFERROR(N25/(1+$D$3)^Q25,"-") -> 67314.96 | M25: =IF(R25<0,"적자",IF(Q25=5.75,(R25/X25)^(1/Q25)-1,IF(Q25=4.75,(R25/W25)^(1/Q25)-1,IF(Q25=3.75,(R25/V25)^(1/Q25)-1,IF(Q25=2.75,(R25/U25)^(1/Q25)-1,IF(Q25=1.75,(R25/T25)^(1/Q25)-1,IF(Q25=0.75,(R25/S25)^(1/Q25)-1))))))) -> FALSE | N25: =IFERROR(P25*$E$3,"-") -> 67314.96 | O25: =IFERROR((N25/K25)^(1/Q25)-1,"-") -> - | P25: =IFERROR(R25*(1+M25)^Q25,"-") -> 5609.58 | R25: 5609.58 | S25: -17761.99 | T25: -23279.14 | U25: 3667.18 | V25: 13060.61 | W25: 33671.13 | X25: 54651.78 | Y25: 복합 산업 | Z25: 76000000
A26: A034220 | B26: LG디스플레이 | C26: 연결 | D26: 3Q | E26: =K26*Z26/100000000 -> 64049.01 | F26: =VLOOKUP($A26,종합!$A:$T,COLUMN(종합!F58),FALSE) -> 68.987851 | G26: =VLOOKUP($A26,종합!$A:$T,COLUMN(종합!G58),FALSE) -> 0.54086842 | H26: =VLOOKUP($A26,종합!$A:$T,COLUMN(종합!H58),FALSE) -> 0.0078400532 | I26: =IFERROR(F26/(M26*100),"-") -> -1.9428841 | J26: =IFERROR((L26-K26)/K26,"-") -> -0.99102801 | K26: =IF(COUNTIF(현재가!$A:$A,$B26),VLOOKUP($B26,현재가!$A:$B,2,FALSE),VLOOKUP($B26,현재가!$D:$E,2,FALSE)) -> 17900 | L26: =IFERROR(N26/(1+$D$3)^Q26,"-") -> 160.59867 | M26: =IF(R26<0,"적자",IF(Q26=5.75,(R26/X26)^(1/Q26)-1,IF(Q26=4.75,(R26/W26)^(1/Q26)-1,IF(Q26=3.75,(R26/V26)^(1/Q26)-1,IF(Q26=2.75,(R26/U26)^(1/Q26)-1,IF(Q26=1.75,(R26/T26)^(1/Q26)-1,IF(Q26=0.75,(R26/S26)^(1/Q26)-1))))))) -> -0.3550796 | N26: =IFERROR(P26*$E$3,"-") -> 249.9934 | O26: =IFERROR((N26/K26)^(1/Q26)-1,"-") -> -0.52422191 | P26: =IFERROR(R26*(1+M26)^Q26,"-") -> 20.832783 | Q26: 5.75 | R26: 259.47 | S26: 2701.26 | T26: 2527.19 | U26: 1190.89 | V26: 651.74 | W26: -2155.36 | X26: 3231.67 | Y26: 디스플레이 및 관련부품 | Z26: 357815700
A27: A009540 | B27: 현대중공업 | C27: 연결 | D27: 3Q | E27: =K27*Z27/100000000 -> 180322.2 | F27: =VLOOKUP($A27,종합!$A:$T,COLUMN(종합!F59),FALSE) -> 18.628854 | G27: =VLOOKUP($A27,종합!$A:$T,COLUMN(종합!G59),FALSE) -> 0.49191463 | H27: =VLOOKUP($A27,종합!$A:$T,COLUMN(종합!H59),FALSE) -> 0.026406059 | I27: =IFERROR(F27/(M27*100),"-") -> -3.1190621 | J27: =IFERROR((L27-K27)/K27,"-") -> -0.68416306 | K27: =IF(COUNTIF(현재가!$A:$A,$B27),VLOOKUP($B27,현재가!$A:$B,2,FALSE),VLOOKUP($B27,현재가!$D:$E,2,FALSE)) -> 104500 | L27: =IFERROR(N27/(1+$D$3)^Q27,"-") -> 33004.96 | M27: =IF(R27<0,"적자",IF(Q27=5.75,(R27/X27)^(1/Q27)-1,IF(Q27=4.75,(R27/W27)^(1/Q27)-1,IF(Q27=3.75,(R27/V27)^(1/Q27)-1,IF(Q27=2.75,(R27/U27)^(1/Q27)-1,IF(Q27=1.75,(R27/T27)^(1/Q27)-1,IF(Q27=0.75,(R27/S27)^(1/Q27)-1))))))) -> -0.059725819 | N27: =IFERROR(P27*$E$3,"-") -> 51376.653 | O27: =IFERROR((N27/K27)^(1/Q27)-1,"-") -> -0.11615964 | P27: =IFERROR(R27*(1+M27)^Q27,"-") -> 4281.3878 | Q27: 5.75 | R27: 6100.58 | S27: 5368.62 | T27: 4802.07 | U27: 5095.29 | V27: 5334.36 | W27: 5562.69 | X27: 8692.76 | Y27: 조선 | Z27: 172557131
A28: A011170 | B28: 롯데케미칼 | C28: 연결 | D28: 3Q | E28: =K28*Z28/100000000 -> 81746.874 | F28: =VLOOKUP($A28,종합!$A:$T,COLUMN(종합!F60),FALSE) -> 5.7237365 | G28: =VLOOKUP($A28,종합!$A:$T,COLUMN(종합!G60),FALSE) -> 0.96273302 | H28: =VLOOKUP($A28,종합!$A:$T,COLUMN(종합!H60),FALSE) -> 0.16820009 | I28: =IFERROR(F28/(M28*100),"-") -> 0.60690113 | J28: =IFERROR((L28-K28)/K28,"-") -> 1.2613826 | K28: =IF(COUNTIF(현재가!$A:$A,$B28),VLOOKUP($B28,현재가!$A:$B,2,FALSE),VLOOKUP($B28,현재가!$D:$E,2,FALSE)) -> 238500 | L28: =IFERROR(N28/(1+$D$3)^Q28,"-") -> 539339.74 | M28: =IF(R28<0,"적자",IF(Q28=5.75,(R28/X28)^(1/Q28)-1,IF(Q28=4.75,(R28/W28)^(1/Q28)-1,IF(Q28=3.75,(R28/V28)^(1/Q28)-1,IF(Q28=2.75,(R28/U28)^(1/Q28)-1,IF(Q28=1.75,(R28/T28)^(1/Q28)-1,IF(Q28=0.75,(R28/S28)^(1/Q28)-1))))))) -> 0.094310856 | N28: =IFERROR(P28*$E$3,"-") -> 839554.74 | O28: =IFERROR((N28/K28)^(1/Q28)-1,"-") -> 0.24466943 | P28: =IFERROR(R28*(1+M28)^Q28,"-") -> 69962.895 | Q28: 5.75 | R28: 41668.58 | S28: 28956.97 | T28: 4284.58 | U28: 8400.22 | V28: 9862.27 | W28: 30701.4 | X28: 24817.02 | Y28: 화학 | Z28: 34275419
A29: A010130 | B29: 고려아연 | C29: 연결 | D29: 3Q | E29: =K29*Z29/100000000 -> 597814.63 | F29: =VLOOKUP($A29,종합!$A:$T,COLUMN(종합!F61),FALSE) -> 19.662155 | G29: =VLOOKUP($A29,종합!$A:$T,COLUMN(종합!G61),FALSE) -> 1.893131 | H29: =VLOOKUP($A29,종합!$A:$T,COLUMN(종합!H61),FALSE) -> 0.09628299 | I29: =IFERROR(F29/(M29*100),"-") -> 2.5796128 | J29: =IFERROR((L29-K29)/K29,"-") -> -0.79410962 | K29: =IF(COUNTIF(현재가!$A:$A,$B29),VLOOKUP($B29,현재가!$A:$B,2,FALSE),VLOOKUP($B29,현재가!$D:$E,2,FALSE)) -> 531000 | L29: =IFERROR(N29/(1+$D$3)^Q29,"-") -> 109327.79 | M29: =IF(R29<0,"적자",IF(Q29=5.75,(R29/X29)^(1/Q29)-1,IF(Q29=4.75,(R29/W29)^(1/Q29)-1,IF(Q29=3.75,(R29/V29)^(1/Q29)-1,IF(Q29=2.75,(R29/U29)^(1/Q29)-1,IF(Q29=1.75,(R29/T29)^(1/Q29)-1,IF(Q29=0.75,(R29/S29)^(1/Q29)-1))))))) -> 0.076221339 | N29: =IFERROR(P29*$E$3,"-") -> 170183.39 | O29: =IFERROR((N29/K29)^(1/Q29)-1,"-") -> -0.17954246 | P29: =IFERROR(R29*(1+M29)^Q29,"-") -> 14181.949 | Q29: 5.75 | R29: 9296.12 | S29: 5414.21 | T29: -2468.41 | U29: 2483.94 | V29: 5018.32 | W29: 10213.79 | X29: 6093.51 | Y29: 금속 및 광물 | Z29: 112582792
A30: A035250 | B30: 강원랜드 | C30: 연결 | D30: 3Q | E30: =K30*Z30/100000000 -> 5340.21 | F30: =VLOOKUP($A30,종합!$A:$T,COLUMN(종합!F63),FALSE) -> 12.514295 | G30: =VLOOKUP($A30,종합!$A:$T,COLUMN(종합!G63),FALSE) -> 1.8936224 | H30: =VLOOKUP($A30,종합!$A:$T,COLUMN(종합!H63),FALSE) -> 0.15131674 | I30: =IFERROR(F30/(M30*100),"-") -> -9.7614151 | J30: =IFERROR((L30-K30)/K30,"-") -> 5.8304652 | K30: =IF(COUNTIF(현재가!$A:$A,$B30),VLOOKUP($B30,현재가!$A:$B,2,FALSE),VLOOKUP($B30,현재가!$D:$E,2,FALSE)) -> 28300 | L30: =IFERROR(N30/(1+$D$3)^Q30,"-") -> 193302.16 | M30: =IF(R30<0,"적자",IF(Q30=5.75,(R30/X30)^(1/Q30)-1,IF(Q30=4.75,(R30/W30)^(1/Q30)-1,IF(Q30=3.75,(R30/V30)^(1/Q30)-1,IF(Q30=2.75,(R30/U30)^(1/Q30)-1,IF(Q30=1.75,(R30/T30)^(1/Q30)-1,IF(Q30=0.75,(R30/S30)^(1/Q30)-1))))))) -> -0.012820165 | N30: =IFERROR(P30*$E$3,"-") -> 300900.78 | O30: =IFERROR((N30/K30)^(1/Q30)-1,"-") -> 0.50850079 | P30: =IFERROR(R30*(1+M30)^Q30,"-") -> 25075.065 | Q30: 5.75 | R30: 27006.2 | S30: 26993.92 | T30: 26564.58 | U30: 23745.47 | V30: 29684.78 | W30: 37341.68 | X30: 29086.06 | Y30: 호텔 및 레저 | Z30: 18870000
A31: A066570 | B31: LG전자 | C31: 연결 | D31: 3Q | E31: =K31*Z31/100000000 -> 313334.17 | F31: =VLOOKUP($A31,종합!$A:$T,COLUMN(종합!F64),FALSE) -> 78.24891 | G31: =VLOOKUP($A31,종합!$A:$T,COLUMN(종합!G64),FALSE) -> 1.7332171 | H31: =VLOOKUP($A31,종합!$A:$T,COLUMN(종합!H64),FALSE) -> 0.022150048 | I31: =IFERROR(F31/(M31*100),"-") -> -5.1422263 | J31: =IFERROR((L31-K31)/K31,"-") -> -0.9522368 | K31: =IF(COUNTIF(현재가!$A:$A,$B31),VLOOKUP($B31,현재가!$A:$B,2,FALSE),VLOOKUP($B31,현재가!$D:$E,2,FALSE)) -> 120000 | L31: =IFERROR(N31/(1+$D$3)^Q31,"-") -> 5731.5834 | M31: =IF(R31<0,"적자",IF(Q31=5.75,(R31/X31)^(1/Q31)-1,IF(Q31=4.75,(R31/W31)^(1/Q31)-1,IF(Q31=3.75,(R31/V31)^(1/Q31)-1,IF(Q31=2.75,(R31/U31)^(1/Q31)-1,IF(Q31=1.75,(R31/T31)^(1/Q31)-1,IF(Q31=0.75,(R31/S31)^(1/Q31)-1))))))) -> -0.15216932 | N31: =IFERROR(P31*$E$3,"-") -> 8921.9794 | O31: =IFERROR((N31/K31)^(1/Q31)-1,"-") -> -0.36364294 | P31: =IFERROR(R31*(1+M31)^Q31,"-") -> 743.49828 | Q31: 5.75 | R31: 1920.89 | S31: 2117.73 | T31: -4040.43 | U31: -622.1 | V31: 4006.43 | W31: 5539.97 | X31: 4962.78 | Y31: 내구소비재 | Z31: 261111808
A32: A030200 | B32: KT | C32: 연결 | D32: 3Q | E32: =K32*Z32/100000000 -> 51303.59 | F32: =VLOOKUP($A32,종합!$A:$T,COLUMN(종합!F65),FALSE) -> 16.320562 | G32: =VLOOKUP($A32,종합!$A:$T,COLUMN(종합!G65),FALSE) -> 0.72186919 | H32: =VLOOKUP($A32,종합!$A:$T,COLUMN(종합!H65),FALSE) -> 0.044230659 | I32: =IFERROR(F32/(M32*100),"-") -> -0.64873538 | J32: =IFERROR((L32-K32)/K32,"-") -> -0.93551736 | K32: =IF(COUNTIF(현재가!$A:$A,$B32),VLOOKUP($B32,현재가!$A:$B,2,FALSE),VLOOKUP($B32,현재가!$D:$E,2,FALSE)) -> 31350 | L32: =IFERROR(N32/(1+$D$3)^Q32,"-") -> 2021.5308 | M32: =IF(R32<0,"적자",IF(Q32=5.75,(R32/X32)^(1/Q32)-1,IF(Q32=4.75,(R32/W32)^(1/Q32)-1,IF(Q32=3.75,(R32/V32)^(1/Q32)-1,IF(Q32=2.75,(R32/U32)^(1/Q32)-1,IF(Q32=1.75,(R32/T32)^(1/Q32)-1,IF(Q32=0.75,(R32/S32)^(1/Q32)-1))))))) -> -0.25157502 | N32: =IFERROR(P32*$E$3,"-") -> 3146.7842 | O32: =IFERROR((N32/K32)^(1/Q32)-1,"-") -> -0.32954392 | P32: =IFERROR(R32*(1+M32)^Q32,"-") -> 262.23202 | Q32: 5.75 | R32: 1387.82 | S32: 687.89 | T32: 2208.38 | U32: 977.52 | V32: 510.87 | W32: -2809.35 | X32: 7344.81 | Y32: 무선통신 | Z32: 163647814
A33: A010950 | B33: S-Oil | C33: 연결 | D33: 3Q | E33: =K33*Z33/100000000 -> 226776.93 | F33: =VLOOKUP($A33,종합!$A:$T,COLUMN(종합!F66),FALSE) -> 11.009313 | G33: =VLOOKUP($A33,종합!$A:$T,COLUMN(종합!G66),FALSE) -> 1.91587 | H33: =VLOOKUP($A33,종합!$A:$T,COLUMN(종합!H66),FALSE) -> 0.17402267 | I33: =IFERROR(F33/(M33*100),"-") -> 4.9393619 | J33: =IFERROR((L33-K33)/K33,"-") -> -0.81331189 | K33: =IF(COUNTIF(현재가!$A:$A,$B33),VLOOKUP($B33,현재가!$A:$B,2,FALSE),VLOOKUP($B33,현재가!$D:$E,2,FALSE)) -> 106000 | L33: =IFERROR(N33/(1+$D$3)^Q33,"-") -> 19788.939 | M33: =IF(R33<0,"적자",IF(Q33=5.75,(R33/X33)^(1/Q33)-1,IF(Q33=4.75,(R33/W33)^(1/Q33)-1,IF(Q33=3.75,(R33/V33)^(1/Q33)-1,IF(Q33=2.75,(R33/U33)^(1/Q33)-1,IF(Q33=1.75,(R33/T33)^(1/Q33)-1,IF(Q33=0.75,(R33/S33)^(1/Q33)-1))))))) -> 0.022288938 | N33: =IFERROR(P33*$E$3,"-") -> 30804.141 | O33: =IFERROR((N33/K33)^(1/Q33)-1,"-") -> -0.19339403 | P33: =IFERROR(R33*(1+M33)^Q33,"-") -> 2567.0118 | Q33: 5.75 | R33: 2261.41 | S33: 2064.34 | T33: 1679.74 | U33: 1391.04 | V33: 1431.37 | W33: 1781.69 | X33: 1992.19 | Y33: 석유 및 가스 | Z33: 213940500
A34: A008930 | B34: 한미사이언스 | C34: 연결 | D34: 3Q | E34: =K34*Z34/100000000 -> 18327.699 | F34: =VLOOKUP($A34,종합!$A:$T,COLUMN(종합!F68),FALSE) -> 18.307289 | G34: =VLOOKUP($A34,종합!$A:$T,COLUMN(종합!G68),FALSE) -> 5.0687464 | H34: =VLOOKUP($A34,종합!$A:$T,COLUMN(종합!H68),FALSE) -> 0.27687039 | I34: =IFERROR(F34/(M34*100),"-") -> - | J34: =IFERROR((L34-K34)/K34,"-") -> - | K34: =IF(COUNTIF(현재가!$A:$A,$B34),VLOOKUP($B34,현재가!$A:$B,2,FALSE),VLOOKUP($B34,현재가!$D:$E,2,FALSE)) -> 58200 | L34: =IFERROR(N34/(1+$D$3)^Q34,"-") -> - | M34: =IF(R34<0,"적자",IF(Q34=5.75,(R34/X34)^(1/Q34)-1,IF(Q34=4.75,(R34/W34)^(1/Q34)-1,IF(Q34=3.75,(R34/V34)^(1/Q34)-1,IF(Q34=2.75,(R34/U34)^(1/Q34)-1,IF(Q34=1.75,(R34/T34)^(1/Q34)-1,IF(Q34=0.75,(R34/S34)^(1/Q34)-1))))))) -> 적자 | N34: =IFERROR(P34*$E$3,"-") -> - | O34: =IFERROR((N34/K34)^(1/Q34)-1,"-") -> - | P34: =IFERROR(R34*(1+M34)^Q34,"-") -> - | R34: -12226.96 | S34: -12164.39 | T34: 16723.88 | U34: 25047.92 | V34: 37194.74 | W34: 32083.57 | X34: 35626.21 | Y34: 제약 | Z34: 31490892
A35: A006400 | B35: 삼성SDI | C35: 연결 | D35: 3Q | E35: =K35*Z35/100000000 -> 523970.32 | F35: =VLOOKUP($A35,종합!$A:$T,COLUMN(종합!F69),FALSE) -> 4552.9272 | G35: =VLOOKUP($A35,종합!$A:$T,COLUMN(종합!G69),FALSE) -> 4.3364423 | H35: =VLOOKUP($A35,종합!$A:$T,COLUMN(종합!H69),FALSE) -> 0.00095245147 | I35: =IFERROR(F35/(M35*100),"-") -> 915.27377 | J35: =IFERROR((L35-K35)/K35,"-") -> -0.95062409 | K35: =IF(COUNTIF(현재가!$A:$A,$B35),VLOOKUP($B35,현재가!$A:$B,2,FALSE),VLOOKUP($B35,현재가!$D:$E,2,FALSE)) -> 686000 | L35: =IFERROR(N35/(1+$D$3)^Q35,"-") -> 33871.873 | M35: =IF(R35<0,"적자",IF(Q35=5.75,(R35/X35)^(1/Q35)-1,IF(Q35=4.75,(R35/W35)^(1/Q35)-1,IF(Q35=3.75,(R35/V35)^(1/Q35)-1,IF(Q35=2.75,(R35/U35)^(1/Q35)-1,IF(Q35=1.75,(R35/T35)^(1/Q35)-1,IF(Q35=0.75,(R35/S35)^(1/Q35)-1))))))) -> 0.049743884 | N35: =IFERROR(P35*$E$3,"-") -> 52726.12 | O35: =IFERROR((N35/K35)^(1/Q35)-1,"-") -> -0.35995724 | P35: =IFERROR(R35*(1+M35)^Q35,"-") -> 4393.8433 | Q35: 5.75 | R35: 3323.65 | S35: 4449.26 | T35: 3237.5 | U35: 3177.64 | V35: 1219.36 | W35: 2166.02 | X35: 2514.12 | Y35: 전자 장비 및 기기 | Z35: 76380513
A36: A047810 | B36: 한국항공우주 | C36: 연결 | D36: 3Q | E36: =K36*Z36/100000000 -> 39082.584 | F36: =VLOOKUP($A36,종합!$A:$T,COLUMN(종합!F70),FALSE) -> 13.141854 | G36: =VLOOKUP($A36,종합!$A:$T,COLUMN(종합!G70),FALSE) -> 2.3239213 | H36: =VLOOKUP($A36,종합!$A:$T,COLUMN(종합!H70),FALSE) -> 0.1768336 | I36: =IFERROR(F36/(M36*100),"-") -> 2.379484 | J36: =IFERROR((L36-K36)/K36,"-") -> 1.4643619 | K36: =IF(COUNTIF(현재가!$A:$A,$B36),VLOOKUP($B36,현재가!$A:$B,2,FALSE),VLOOKUP($B36,현재가!$D:$E,2,FALSE)) -> 31550 | L36: =IFERROR(N36/(1+$D$3)^Q36,"-") -> 77750.617 | M36: =IF(R36<0,"적자",IF(Q36=5.75,(R36/X36)^(1/Q36)-1,IF(Q36=4.75,(R36/W36)^(1/Q36)-1,IF(Q36=3.75,(R36/V36)^(1/Q36)-1,IF(Q36=2.75,(R36/U36)^(1/Q36)-1,IF(Q36=1.75,(R36/T36)^(1/Q36)-1,IF(Q36=0.75,(R36/S36)^(1/Q36)-1))))))) -> 0.055229847 | N36: =IFERROR(P36*$E$3,"-") -> 96076.942 | O36: =IFERROR((N36/K36)^(1/Q36)-1,"-") -> 0.49920751 | P36: =IFERROR(R36*(1+M36)^Q36,"-") -> 8006.4118 | Q36: 2.75 | R36: 6906.11 | S36: 5291.04 | T36: 5653.76 | U36: 5957.02 | V36: 1869.38 | W36: 0 | X36: 0 | Y36: 상업서비스 | Z36: 123875069
A37: A021240 | B37: 코웨이 | C37: 연결 | D37: 3Q | E37: =K37*Z37/100000000 -> 72034.104 | F37: =VLOOKUP($A37,종합!$A:$T,COLUMN(종합!F71),FALSE) -> 22.022933 | G37: =VLOOKUP($A37,종합!$A:$T,COLUMN(종합!G71),FALSE) -> 4.7030701 | H37: =VLOOKUP($A37,종합!$A:$T,COLUMN(종합!H71),FALSE) -> 0.21355331 | I37: =IFERROR(F37/(M37*100),"-") -> 1.33752 | J37: =IFERROR((L37-K37)/K37,"-") -> -0.39837216 | K37: =IF(COUNTIF(현재가!$A:$A,$B37),VLOOKUP($B37,현재가!$A:$B,2,FALSE),VLOOKUP($B37,현재가!$D:$E,2,FALSE)) -> 73900 | L37: =IFERROR(N37/(1+$D$3)^Q37,"-") -> 44460.298 | M37: =IF(R37<0,"적자",IF(Q37=5.75,(R37/X37)^(1/Q37)-1,IF(Q37=4.75,(R37/W37)^(1/Q37)-1,IF(Q37=3.75,(R37/V37)^(1/Q37)-1,IF(Q37=2.75,(R37/U37)^(1/Q37)-1,IF(Q37=1.75,(R37/T37)^(1/Q37)-1,IF(Q37=0.75,(R37/S37)^(1/Q37)-1))))))) -> 0.16465497 | N37: =IFERROR(P37*$E$3,"-") -> 69208.424 | O37: =IFERROR((N37/K37)^(1/Q37)-1,"-") -> -0.011342185 | P37: =IFERROR(R37*(1+M37)^Q37,"-") -> 5767.3687 | Q37: 5.75 | R37: 2400.73 | S37: 1852.43 | T37: 1139.87 | U37: 924.16 | V37: 760.25 | W37: 797.02 | X37: 999.33 | Y37: 내구소비재 | Z37: 97475107
A38: A004020 | B38: 현대제철 | C38: 연결 | D38: 3Q | E38: =K38*Z38/100000000 -> 60784.555 | F38: =VLOOKUP($A38,종합!$A:$T,COLUMN(종합!F73),FALSE) -> 6.2730464 | G38: =VLOOKUP($A38,종합!$A:$T,COLUMN(종합!G73),FALSE) -> 0.38196793 | H38: =VLOOKUP($A38,종합!$A:$T,COLUMN(종합!H73),FALSE) -> 0.060890339 | I38: =IFERROR(F38/(M38*100),"-") -> -0.93770245 | J38: =IFERROR((L38-K38)/K38,"-") -> -0.17470697 | K38: =IF(COUNTIF(현재가!$A:$A,$B38),VLOOKUP($B38,현재가!$A:$B,2,FALSE),VLOOKUP($B38,현재가!$D:$E,2,FALSE)) -> 45550 | L38: =IFERROR(N38/(1+$D$3)^Q38,"-") -> 37592.098 | M38: =IF(R38<0,"적자",IF(Q38=5.75,(R38/X38)^(1/Q38)-1,IF(Q38=4.75,(R38/W38)^(1/Q38)-1,IF(Q38=3.75,(R38/V38)^(1/Q38)-1,IF(Q38=2.75,(R38/U38)^(1/Q38)-1,IF(Q38=1.75,(R38/T38)^(1/Q38)-1,IF(Q38=0.75,(R38/S38)^(1/Q38)-1))))))) -> -0.066898049 | N38: =IFERROR(P38*$E$3,"-") -> 58517.148 | O38: =IFERROR((N38/K38)^(1/Q38)-1,"-") -> 0.044529788 | P38: =IFERROR(R38*(1+M38)^Q38,"-") -> 4876.429 | Q38: 5.75 | R38: 7261.22 | S38: 5865.81 | T38: 6561.67 | U38: 8102 | V38: 9334.84 | W38: 8757.48 | X38: 10812.28 | Y38: 금속 및 광물 | Z38: 133445785
A39: A128940 | B39: 한미약품 | C39: 연결 | D39: 3Q | E39: =K39*Z39/100000000 -> 97687.5 | F39: =VLOOKUP($A39,종합!$A:$T,COLUMN(종합!F74),FALSE) -> 12.345322 | G39: =VLOOKUP($A39,종합!$A:$T,COLUMN(종합!G74),FALSE) -> 3.9159601 | H39: =VLOOKUP($A39,종합!$A:$T,COLUMN(종합!H74),FALSE) -> 0.31720193 | I39: =IFERROR(F39/(M39*100),"-") -> 0.81439166 | J39: =IFERROR((L39-K39)/K39,"-") -> 0.11667177 | K39: =IF(COUNTIF(현재가!$A:$A,$B39),VLOOKUP($B39,현재가!$A:$B,2,FALSE),VLOOKUP($B39,현재가!$D:$E,2,FALSE)) -> 260500 | L39: =IFERROR(N39/(1+$D$3)^Q39,"-") -> 290893 | M39: =IF(R39<0,"적자",IF(Q39=5.75,(R39/X39)^(1/Q39)-1,IF(Q39=4.75,(R39/W39)^(1/Q39)-1,IF(Q39=3.75,(R39/V39)^(1/Q39)-1,IF(Q39=2.75,(R39/U39)^(1/Q39)-1,IF(Q39=1.75,(R39/T39)^(1/Q39)-1,IF(Q39=0.75,(R39/S39)^(1/Q39)-1))))))) -> 0.1515895 | N39: =IFERROR(P39*$E$3,"-") -> 452814.01 | O39: =IFERROR((N39/K39)^(1/Q39)-1,"-") -> 0.10092728 | P39: =IFERROR(R39*(1+M39)^Q39,"-") -> 37734.501 | Q39: 5.75 | R39: 16760.11 | S39: 10052.38 | T39: 14299.73 | U39: 12834.16 | V39: 13271.17 | W39: 9568.19 | X39: 7444.15 | Y39: 제약 | Z39: 37500000
A40: A161390 | B40: 한국타이어앤테크놀로지 | C40: 연결 | D40: 3Q | E40: =K40*Z40/100000000 -> 29396.837 | F40: =VLOOKUP($A40,종합!$A:$T,COLUMN(종합!F75),FALSE) -> 6.1901688 | G40: =VLOOKUP($A40,종합!$A:$T,COLUMN(종합!G75),FALSE) -> 0.94918298 | H40: =VLOOKUP($A40,종합!$A:$T,COLUMN(종합!H75),FALSE) -> 0.15333717 | I40: =IFERROR(F40/(M40*100),"-") -> -0.12485818 | J40: =IFERROR((L40-K40)/K40,"-") -> -0.9994823 | K40: =IF(COUNTIF(현재가!$A:$A,$B40),VLOOKUP($B40,현재가!$A:$B,2,FALSE),VLOOKUP($B40,현재가!$D:$E,2,FALSE)) -> 42750 | L40: =IFERROR(N40/(1+$D$3)^Q40,"-") -> 22.131826 | M40: =IF(R40<0,"적자",IF(Q40=5.75,(R40/X40)^(1/Q40)-1,IF(Q40=4.75,(R40/W40)^(1/Q40)-1,IF(Q40=3.75,(R40/V40)^(1/Q40)-1,IF(Q40=2.75,(R40/U40)^(1/Q40)-1,IF(Q40=1.75,(R40/T40)^(1/Q40)-1,IF(Q40=0.75,(R40/S40)^(1/Q40)-1))))))) -> -0.49577598 | N40: =IFERROR(P40*$E$3,"-") -> 34.451159 | O40: =IFERROR((N40/K40)^(1/Q40)-1,"-") -> -0.71029259 | P40: =IFERROR(R40*(1+M40)^Q40,"-") -> 2.87093 | Q40: 5.75 | R40: 147.21 | S40: 765.05 | T40: -1425.71 | U40: 2768.31 | V40: 31191.59 | W40: 6785.39 | X40: 7548.35 | Y40: 자동차부품 | Z40: 68764530
A41: A086280 | B41: 현대글로비스 | C41: 연결 | D41: 3Q | E41: =K41*Z41/100000000 -> 37717.918 | F41: =VLOOKUP($A41,종합!$A:$T,COLUMN(종합!F76),FALSE) -> 10.262465 | G41: =VLOOKUP($A41,종합!$A:$T,COLUMN(종합!G76),FALSE) -> 1.8745617 | H41: =VLOOKUP($A41,종합!$A:$T,COLUMN(종합!H76),FALSE) -> 0.18266193 | I41: =IFERROR(F41/(M41*100),"-") -> 1.0497582 | J41: =IFERROR((L41-K41)/K41,"-") -> -0.13510977 | K41: =IF(COUNTIF(현재가!$A:$A,$B41),VLOOKUP($B41,현재가!$A:$B,2,FALSE),VLOOKUP($B41,현재가!$D:$E,2,FALSE)) -> 172000 | L41: =IFERROR(N41/(1+$D$3)^Q41,"-") -> 148761.12 | M41: =IF(R41<0,"적자",IF(Q41=5.75,(R41/X41)^(1/Q41)-1,IF(Q41=4.75,(R41/W41)^(1/Q41)-1,IF(Q41=3.75,(R41/V41)^(1/Q41)-1,IF(Q41=2.75,(R41/U41)^(1/Q41)-1,IF(Q41=1.75,(R41/T41)^(1/Q41)-1,IF(Q41=0.75,(R41/S41)^(1/Q41)-1))))))) -> 0.097760274 | N41: =IFERROR(P41*$E$3,"-") -> 231566.66 | O41: =IFERROR((N41/K41)^(1/Q41)-1,"-") -> 0.053077781 | P41: =IFERROR(R41*(1+M41)^Q41,"-") -> 19297.222 | Q41: 5.75 | R41: 11286.95 | S41: 7542.22 | T41: 10487.13 | U41: 7245.48 | V41: 7120.51 | W41: 5529.04 | X41: 6601.74 | Y41: 육상운수 | Z41: 21929022
A42: A023530 | B42: 롯데쇼핑 | C42: 연결 | D42: 3Q | E42: =K42*Z42/100000000 -> 547145 | F42: =VLOOKUP($A42,종합!$A:$T,COLUMN(종합!F77),FALSE) -> -8.3831114 | G42: =VLOOKUP($A42,종합!$A:$T,COLUMN(종합!G77),FALSE) -> 0.19857322 | H42: =VLOOKUP($A42,종합!$A:$T,COLUMN(종합!H77),FALSE) -> -0.023687294 | I42: =IFERROR(F42/(M42*100),"-") -> -2.7825763 | J42: =IFERROR((L42-K42)/K42,"-") -> -0.95536945 | K42: =IF(COUNTIF(현재가!$A:$A,$B42),VLOOKUP($B42,현재가!$A:$B,2,FALSE),VLOOKUP($B42,현재가!$D:$E,2,FALSE)) -> 102500 | L42: =IFERROR(N42/(1+$D$3)^Q42,"-") -> 4574.6318 | M42: =IF(R42<0,"적자",IF(Q42=5.75,(R42/X42)^(1/Q42)-1,IF(Q42=4.75,(R42/W42)^(1/Q42)-1,IF(Q42=3.75,(R42/V42)^(1/Q42)-1,IF(Q42=2.75,(R42/U42)^(1/Q42)-1,IF(Q42=1.75,(R42/T42)^(1/Q42)-1,IF(Q42=0.75,(R42/S42)^(1/Q42)-1))))))) -> 0.030127158 | N42: =IFERROR(P42*$E$3,"-") -> 7121.0288 | O42: =IFERROR((N42/K42)^(1/Q42)-1,"-") -> -0.37110637 | P42: =IFERROR(R42*(1+M42)^Q42,"-") -> 593.41907 | Q42: 5.75 | R42: 500.31 | S42: 431.83 | T42: 515.9 | U42: 555.25 | V42: 433.89 | W42: 418.19 | X42: 421.81 | Y42: 백화점 | Z42: 533800000
A43: A018880 | B43: 한온시스템 | C43: 연결 | D43: 3Q | E43: =K43*Z43/100000000 -> 8801.8367 | F43: =VLOOKUP($A43,종합!$A:$T,COLUMN(종합!F79),FALSE) -> 30.181328 | G43: =VLOOKUP($A43,종합!$A:$T,COLUMN(종합!G79),FALSE) -> 4.5361136 | H43: =VLOOKUP($A43,종합!$A:$T,COLUMN(종합!H79),FALSE) -> 0.15029536 | I43: =IFERROR(F43/(M43*100),"-") -> 0.42217614 | J43: =IFERROR((L43-K43)/K43,"-") -> 35.073478 | K43: =IF(COUNTIF(현재가!$A:$A,$B43),VLOOKUP($B43,현재가!$A:$B,2,FALSE),VLOOKUP($B43,현재가!$D:$E,2,FALSE)) -> 15100 | L43: =IFERROR(N43/(1+$D$3)^Q43,"-") -> 544709.52 | M43: =IF(R43<0,"적자",IF(Q43=5.75,(R43/X43)^(1/Q43)-1,IF(Q43=4.75,(R43/W43)^(1/Q43)-1,IF(Q43=3.75,(R43/V43)^(1/Q43)-1,IF(Q43=2.75,(R43/U43)^(1/Q43)-1,IF(Q43=1.75,(R43/T43)^(1/Q43)-1,IF(Q43=0.75,(R43/S43)^(1/Q43)-1))))))) -> 0.71489896 | N43: =IFERROR(P43*$E$3,"-") -> 847913.51 | O43: =IFERROR((N43/K43)^(1/Q43)-1,"-") -> 1.014833 | P43: =IFERROR(R43*(1+M43)^Q43,"-") -> 70659.459 | Q43: 5.75 | R43: 3179.06 | S43: 3062.62 | T43: 365.62 | U43: 164.32 | V43: 214.09 | W43: -252.02 | X43: 143.03 | Y43: 자동차부품 | Z43: 58290309
A44: A035720 | B44: 카카오 | C44: 연결 | D44: 3Q | E44: =K44*Z44/100000000 -> 79448.465 | F44: =VLOOKUP($A44,종합!$A:$T,COLUMN(종합!F80),FALSE) -> 175.64049 | G44: =VLOOKUP($A44,종합!$A:$T,COLUMN(종합!G80),FALSE) -> 2.3900799 | H44: =VLOOKUP($A44,종합!$A:$T,COLUMN(종합!H80),FALSE) -> 0.013607796 | I44: =IFERROR(F44/(M44*100),"-") -> -4.8616261 | J44: =IFERROR((L44-K44)/K44,"-") -> -0.99648396 | K44: =IF(COUNTIF(현재가!$A:$A,$B44),VLOOKUP($B44,현재가!$A:$B,2,FALSE),VLOOKUP($B44,현재가!$D:$E,2,FALSE)) -> 117500 | L44: =IFERROR(N44/(1+$D$3)^Q44,"-") -> 413.13445 | M44: =IF(R44<0,"적자",IF(Q44=5.75,(R44/X44)^(1/Q44)-1,IF(Q44=4.75,(R44/W44)^(1/Q44)-1,IF(Q44=3.75,(R44/V44)^(1/Q44)-1,IF(Q44=2.75,(R44/U44)^(1/Q44)-1,IF(Q44=1.75,(R44/T44)^(1/Q44)-1,IF(Q44=0.75,(R44/S44)^(1/Q44)-1))))))) -> -0.3612793 | N44: =IFERROR(P44*$E$3,"-") -> 643.09925 | O44: =IFERROR((N44/K44)^(1/Q44)-1,"-") -> -0.5957496 | P44: =IFERROR(R44*(1+M44)^Q44,"-") -> 53.591604 | Q44: 5.75 | R44: 705.6 | S44: 1269.27 | T44: 6117.11 | U44: 4531.85 | V44: 5655.86 | W44: 8079.62 | X44: 9290.1 | Y44: 인터넷 서비스 | Z44: 67615715
A45: A001040 | B45: CJ | C45: 연결 | D45: 3Q | E45: =K45*Z45/100000000 -> 28360.042 | F45: =VLOOKUP($A45,종합!$A:$T,COLUMN(종합!F82),FALSE) -> 11.269121 | G45: =VLOOKUP($A45,종합!$A:$T,COLUMN(종합!G82),FALSE) -> 0.75972978 | H45: =VLOOKUP($A45,종합!$A:$T,COLUMN(종합!H82),FALSE) -> 0.06741695 | I45: =IFERROR(F45/(M45*100),"-") -> 11.072681 | J45: =IFERROR((L45-K45)/K45,"-") -> -0.27412954 | K45: =IF(COUNTIF(현재가!$A:$A,$B45),VLOOKUP($B45,현재가!$A:$B,2,FALSE),VLOOKUP($B45,현재가!$D:$E,2,FALSE)) -> 97200 | L45: =IFERROR(N45/(1+$D$3)^Q45,"-") -> 70554.609 | M45: =IF(R45<0,"적자",IF(Q45=5.75,(R45/X45)^(1/Q45)-1,IF(Q45=4.75,(R45/W45)^(1/Q45)-1,IF(Q45=3.75,(R45/V45)^(1/Q45)-1,IF(Q45=2.75,(R45/U45)^(1/Q45)-1,IF(Q45=1.75,(R45/T45)^(1/Q45)-1,IF(Q45=0.75,(R45/S45)^(1/Q45)-1))))))) -> 0.01017741 | N45: =IFERROR(P45*$E$3,"-") -> 109827.72 | O45: =IFERROR((N45/K45)^(1/Q45)-1,"-") -> 0.021469356 | P45: =IFERROR(R45*(1+M45)^Q45,"-") -> 9152.3103 | Q45: 5.75 | R45: 8634.64 | S45: 7068.64 | T45: 7197.81 | U45: 5154.34 | V45: 7613.21 | W45: 12734.61 | X45: 8146.25 | Y45: 식료품 | Z45: 29176998
A46: A036570 | B46: 엔씨소프트 | C46: 연결 | D46: 3Q | E46: =K46*Z46/100000000 -> 2523613.7 | F46: =VLOOKUP($A46,종합!$A:$T,COLUMN(종합!F83),FALSE) -> 51.209592 | G46: =VLOOKUP($A46,종합!$A:$T,COLUMN(종합!G83),FALSE) -> 7.2357156 | H46: =VLOOKUP($A46,종합!$A:$T,COLUMN(종합!H83),FALSE) -> 0.1412961 | I46: =IFERROR(F46/(M46*100),"-") -> -18.762687 | J46: =IFERROR((L46-K46)/K46,"-") -> -0.98920484 | K46: =IF(COUNTIF(현재가!$A:$A,$B46),VLOOKUP($B46,현재가!$A:$B,2,FALSE),VLOOKUP($B46,현재가!$D:$E,2,FALSE)) -> 578000 | L46: =IFERROR(N46/(1+$D$3)^Q46,"-") -> 6239.6007 | M46: =IF(R46<0,"적자",IF(Q46=5.75,(R46/X46)^(1/Q46)-1,IF(Q46=4.75,(R46/W46)^(1/Q46)-1,IF(Q46=3.75,(R46/V46)^(1/Q46)-1,IF(Q46=2.75,(R46/U46)^(1/Q46)-1,IF(Q46=1.75,(R46/T46)^(1/Q46)-1,IF(Q46=0.75,(R46/S46)^(1/Q46)-1))))))) -> -0.027293314 | N46: =IFERROR(P46*$E$3,"-") -> 9712.7764 | O46: =IFERROR((N46/K46)^(1/Q46)-1,"-") -> -0.50866623 | P46: =IFERROR(R46*(1+M46)^Q46,"-") -> 809.39803 | Q46: 5.75 | R46: 949 | S46: 804.94 | T46: 522.65 | U46: 640.07 | V46: -122.17 | W46: 164.4 | X46: 1112.68 | Y46: 게임 소프트웨어 | Z46: 436611361
A47: A001800 | B47: 오리온 | C47: 연결 | D47: 3Q | E47: =K47*Z47/100000000 -> 0 | F47: =VLOOKUP($A47,종합!$A:$T,COLUMN(종합!F84),FALSE) -> 3.6648397 | G47: =VLOOKUP($A47,종합!$A:$T,COLUMN(종합!G84),FALSE) -> 0.47921787 | H47: =VLOOKUP($A47,종합!$A:$T,COLUMN(종합!H84),FALSE) -> 0.13076094 | I47: =IFERROR(F47/(M47*100),"-") -> -1.342761 | J47: =IFERROR((L47-K47)/K47,"-") -> -0.94667008 | K47: =IF(COUNTIF(현재가!$A:$A,$B47),VLOOKUP($B47,현재가!$A:$B,2,FALSE),VLOOKUP($B47,현재가!$D:$E,2,FALSE)) -> 117000 | L47: =IFERROR(N47/(1+$D$3)^Q47,"-") -> 6239.6007 | M47: =IF(R47<0,"적자",IF(Q47=5.75,(R47/X47)^(1/Q47)-1,IF(Q47=4.75,(R47/W47)^(1/Q47)-1,IF(Q47=3.75,(R47/V47)^(1/Q47)-1,IF(Q47=2.75,(R47/U47)^(1/Q47)-1,IF(Q47=1.75,(R47/T47)^(1/Q47)-1,IF(Q47=0.75,(R47/S47)^(1/Q47)-1))))))) -> -0.027293314 | N47: =IFERROR(P47*$E$3,"-") -> 9712.7764 | O47: =IFERROR((N47/K47)^(1/Q47)-1,"-") -> -0.35132465 | P47: =IFERROR(R47*(1+M47)^Q47,"-") -> 809.39803 | Q47: 5.75 | R47: 949 | S47: 804.94 | T47: 522.65 | U47: 640.07 | V47: -122.17 | W47: 164.4 | X47: 1112.68 | Y47: 식료품
A48: A027410 | B48: BGF리테일 | C48: 연결 | D48: 3Q | E48: =K48*Z48/100000000 -> 0 | F48: =VLOOKUP($A48,종합!$A:$T,COLUMN(종합!F85),FALSE) -> 51.544958 | G48: =VLOOKUP($A48,종합!$A:$T,COLUMN(종합!G85),FALSE) -> 10.129077 | H48: =VLOOKUP($A48,종합!$A:$T,COLUMN(종합!H85),FALSE) -> 0.19650957 | I48: =IFERROR(F48/(M48*100),"-") -> -18.885562 | J48: =IFERROR((L48-K48)/K48,"-") -> -0.96533555 | K48: =IF(COUNTIF(현재가!$A:$A,$B48),VLOOKUP($B48,현재가!$A:$B,2,FALSE),VLOOKUP($B48,현재가!$D:$E,2,FALSE)) -> 180000 | L48: =IFERROR(N48/(1+$D$3)^Q48,"-") -> 6239.6007 | M48: =IF(R48<0,"적자",IF(Q48=5.75,(R48/X48)^(1/Q48)-1,IF(Q48=4.75,(R48/W48)^(1/Q48)-1,IF(Q48=3.75,(R48/V48)^(1/Q48)-1,IF(Q48=2.75,(R48/U48)^(1/Q48)-1,IF(Q48=1.75,(R48/T48)^(1/Q48)-1,IF(Q48=0.75,(R48/S48)^(1/Q48)-1))))))) -> -0.027293314 | N48: =IFERROR(P48*$E$3,"-") -> 9712.7764 | O48: =IFERROR((N48/K48)^(1/Q48)-1,"-") -> -0.39814678 | P48: =IFERROR(R48*(1+M48)^Q48,"-") -> 809.39803 | Q48: 5.75 | R48: 949 | S48: 804.94 | T48: 522.65 | U48: 640.07 | V48: -122.17 | W48: 164.4 | X48: 1112.68 | Y48: 도소매
A49: A097950 | B49: CJ제일제당 | C49: 연결 | D49: 3Q | E49: =K49*Z49/100000000 -> 0 | F49: =VLOOKUP($A49,종합!$A:$T,COLUMN(종합!F86),FALSE) -> 18.086481 | G49: =VLOOKUP($A49,종합!$A:$T,COLUMN(종합!G86),FALSE) -> 1.5890874 | H49: =VLOOKUP($A49,종합!$A:$T,COLUMN(종합!H86),FALSE) -> 0.087860505 | I49: =IFERROR(F49/(M49*100),"-") -> -6.6267075 | J49: =IFERROR((L49-K49)/K49,"-") -> -0.9843619 | K49: =IF(COUNTIF(현재가!$A:$A,$B49),VLOOKUP($B49,현재가!$A:$B,2,FALSE),VLOOKUP($B49,현재가!$D:$E,2,FALSE)) -> 399000 | L49: =IFERROR(N49/(1+$D$3)^Q49,"-") -> 6239.6007 | M49: =IF(R49<0,"적자",IF(Q49=5.75,(R49/X49)^(1/Q49)-1,IF(Q49=4.75,(R49/W49)^(1/Q49)-1,IF(Q49=3.75,(R49/V49)^(1/Q49)-1,IF(Q49=2.75,(R49/U49)^(1/Q49)-1,IF(Q49=1.75,(R49/T49)^(1/Q49)-1,IF(Q49=0.75,(R49/S49)^(1/Q49)-1))))))) -> -0.027293314 | N49: =IFERROR(P49*$E$3,"-") -> 9712.7764 | O49: =IFERROR((N49/K49)^(1/Q49)-1,"-") -> -0.47595476 | P49: =IFERROR(R49*(1+M49)^Q49,"-") -> 809.39803 | Q49: 5.75 | R49: 949 | S49: 804.94 | T49: 522.65 | U49: 640.07 | V49: -122.17 | W49: 164.4 | X49: 1112.68 | Y49: 식료품
A50: A032640 | B50: LG유플러스 | C50: 연결 | D50: 3Q | E50: =K50*Z50/100000000 -> 0 | F50: =VLOOKUP($A50,종합!$A:$T,COLUMN(종합!F87),FALSE) -> 15.226561 | G50: =VLOOKUP($A50,종합!$A:$T,COLUMN(종합!G87),FALSE) -> 1.3386053 | H50: =VLOOKUP($A50,종합!$A:$T,COLUMN(종합!H87),FALSE) -> 0.087912517 | I50: =IFERROR(F50/(M50*100),"-") -> -5.5788611 | J50: =IFERROR((L50-K50)/K50,"-") -> -0.56819373 | K50: =IF(COUNTIF(현재가!$A:$A,$B50),VLOOKUP($B50,현재가!$A:$B,2,FALSE),VLOOKUP($B50,현재가!$D:$E,2,FALSE)) -> 14450 | L50: =IFERROR(N50/(1+$D$3)^Q50,"-") -> 6239.6007 | M50: =IF(R50<0,"적자",IF(Q50=5.75,(R50/X50)^(1/Q50)-1,IF(Q50=4.75,(R50/W50)^(1/Q50)-1,IF(Q50=3.75,(R50/V50)^(1/Q50)-1,IF(Q50=2.75,(R50/U50)^(1/Q50)-1,IF(Q50=1.75,(R50/T50)^(1/Q50)-1,IF(Q50=0.75,(R50/S50)^(1/Q50)-1))))))) -> -0.027293314 | N50: =IFERROR(P50*$E$3,"-") -> 9712.7764 | O50: =IFERROR((N50/K50)^(1/Q50)-1,"-") -> -0.06675484 | P50: =IFERROR(R50*(1+M50)^Q50,"-") -> 809.39803 | Q50: 5.75 | R50: 949 | S50: 804.94 | T50: 522.65 | U50: 640.07 | V50: -122.17 | W50: 164.4 | X50: 1112.68 | Y50: 무선통신

Sheet roe&pbr
A1: * 금융업제외
J2: 할인율 | K2: 적용기간
I3: 입력 F | J3: 0.08 | K3: 5
L4: ROE | P4: BPS
A5: CODE | B5: 종목 | C5: 주재무 | D5: 실적 | E5: 시가총액 (억) | F5: PER | G5: PBR | H5: 괴리율 | I5: 현재가 (원) | J5: 주당가치 (원) | K5: 미래BPS | L5: 3년평균 | M5: 2021.1Q | N5: 2020 | O5: 2019 | P5: 2021.1Q | Q5: 업종
A6: A005930 | B6: 삼성전자 | C6: 연결 | D6: 3Q | E6: =VLOOKUP($A6,종합!$A:$T,COLUMN(종합!E6),FALSE) -> #N/A | F6: =VLOOKUP($A6,종합!$A:$T,COLUMN(종합!F6),FALSE) -> - | G6: =VLOOKUP($A6,종합!$A:$T,COLUMN(종합!G6),FALSE) -> - | H6: =IFERROR((J6-I6)/I6,"-") -> - | I6: =VLOOKUP($A6,종합!$A:$T,COLUMN(종합!I6),FALSE) -> #N/A | J6: =IFERROR(K6/(1+$J$3)^$K$3,"-") -> 1411728.2 | K6: =IFERROR(P6*(1+L6)^$K$3,"-") -> 2074291.9 | L6: 0.12808904 | M6: 0.089157639 | N6: 0.11159024 | O6: 0.15055882 | P6: 1135410.7 | Q6: 휴대폰 및 관련부품
A7: A015760 | B7: 한국전력 | C7: 연결 | D7: 3Q | E7: =VLOOKUP($A7,종합!$A:$T,COLUMN(종합!E7),FALSE) -> 146367.81 | F7: =VLOOKUP($A7,종합!$A:$T,COLUMN(종합!F7),FALSE) -> 1.7572433 | G7: =VLOOKUP($A7,종합!$A:$T,COLUMN(종합!G7),FALSE) -> 0.20613511 | H7: =IFERROR((J7-I7)/I7,"-") -> 5.1830025 | I7: =VLOOKUP($A7,종합!$A:$T,COLUMN(종합!I7),FALSE) -> 22800 | J7: =IFERROR(K7/(1+$J$3)^$K$3,"-") -> 140972.46 | K7: =IFERROR(P7*(1+L7)^$K$3,"-") -> 207134.79 | L7: 0.13368926 | M7: 0.09955371 | N7: 0.22105109 | O7: 0.051739787 | P7: 110607.07 | Q7: 전력
A8: A005380 | B8: 현대차 | C8: 연결 | D8: 3Q | E8: =VLOOKUP($A8,종합!$A:$T,COLUMN(종합!E8),FALSE) -> 451566.78 | F8: =VLOOKUP($A8,종합!$A:$T,COLUMN(종합!F8),FALSE) -> 7.4789359 | G8: =VLOOKUP($A8,종합!$A:$T,COLUMN(종합!G8),FALSE) -> 0.70267483 | H8: =IFERROR((J8-I8)/I8,"-") -> 0.31113111 | I8: =VLOOKUP($A8,종합!$A:$T,COLUMN(종합!I8),FALSE) -> 205000 | J8: =IFERROR(K8/(1+$J$3)^$K$3,"-") -> 268781.88 | K8: =IFERROR(P8*(1+L8)^$K$3,"-") -> 394928.76 | L8: 0.11341075 | M8: 0.070076727 | N8: 0.10724211 | O8: 0.13408305 | P8: 230803.14 | Q8: 자동차
A9: A028260 | B9: 삼성물산 | C9: 연결 | D9: 3Q | E9: =VLOOKUP($A9,종합!$A:$T,COLUMN(종합!E9),FALSE) -> 231421.85 | F9: =VLOOKUP($A9,종합!$A:$T,COLUMN(종합!F9),FALSE) -> -86.775022 | G9: =VLOOKUP($A9,종합!$A:$T,COLUMN(종합!G9),FALSE) -> 1.4060194 | H9: =IFERROR((J9-I9)/I9,"-") -> -0.056595484 | I9: =VLOOKUP($A9,종합!$A:$T,COLUMN(종합!I9),FALSE) -> 122000 | J9: =IFERROR(K9/(1+$J$3)^$K$3,"-") -> 115095.35 | K9: =IFERROR(P9*(1+L9)^$K$3,"-") -> 169112.83 | L9: 0.11983907 | M9: -0.0077574718 | N9: 0.25217766 | O9: 0.098738035 | P9: 96028.13 | Q9: 복합 산업
A10: A035420 | B10: NAVER | C10: 연결 | D10: 3Q | E10: =VLOOKUP($A10,종합!$A:$T,COLUMN(종합!E10),FALSE) -> 128060.01 | F10: =VLOOKUP($A10,종합!$A:$T,COLUMN(종합!F10),FALSE) -> 17.923567 | G10: =VLOOKUP($A10,종합!$A:$T,COLUMN(종합!G10),FALSE) -> 3.4542231 | H10: =IFERROR((J10-I10)/I10,"-") -> -0.158989 | I10: =VLOOKUP($A10,종합!$A:$T,COLUMN(종합!I10),FALSE) -> 388500 | J10: =IFERROR(K10/(1+$J$3)^$K$3,"-") -> 326732.78 | K10: =IFERROR(P10*(1+L10)^$K$3,"-") -> 480077.64 | L10: 0.26918292 | M10: 0.19161091 | N10: 0.26463105 | O10: 0.27818376 | P10: 145777.46 | Q10: 인터넷 서비스
A11: A012330 | B11: 현대모비스 | C11: 연결 | D11: 3Q | E11: =VLOOKUP($A11,종합!$A:$T,COLUMN(종합!E11),FALSE) -> 258934.68 | F11: =VLOOKUP($A11,종합!$A:$T,COLUMN(종합!F11),FALSE) -> 8.0958982 | G11: =VLOOKUP($A11,종합!$A:$T,COLUMN(종합!G11),FALSE) -> 0.94896483 | H11: =IFERROR((J11-I11)/I11,"-") -> 0.3728742 | I11: =VLOOKUP($A11,종합!$A:$T,COLUMN(종합!I11),FALSE) -> 266000 | J11: =IFERROR(K11/(1+$J$3)^$K$3,"-") -> 365184.54 | K11: =IFERROR(P11*(1+L11)^$K$3,"-") -> 536575.9 | L11: 0.13584057 | M11: 0.089129043 | N11: 0.12526185 | O11: 0.15821677 | P11: 283820.84 | Q11: 자동차부품
A12: A000660 | B12: SK하이닉스 | C12: 연결 | D12: 3Q | E12: =VLOOKUP($A12,종합!$A:$T,COLUMN(종합!E12),FALSE) -> 684322.22 | F12: =VLOOKUP($A12,종합!$A:$T,COLUMN(종합!F12),FALSE) -> 31.142941 | G12: =VLOOKUP($A12,종합!$A:$T,COLUMN(종합!G12),FALSE) -> 3.1104659 | H12: =IFERROR((J12-I12)/I12,"-") -> -0.44060166 | I12: =VLOOKUP($A12,종합!$A:$T,COLUMN(종합!I12),FALSE) -> 94000 | J12: =IFERROR(K12/(1+$J$3)^$K$3,"-") -> 52583.444 | K12: =IFERROR(P12*(1+L12)^$K$3,"-") -> 77262.33 | L12: 0.1982234 | M12: 0.062062256 | N12: 0.21927917 | O12: 0.26977218 | P12: 31280.87 | Q12: 반도체 및 관련장비
A13: A090430 | B13: 아모레퍼시픽 | C13: 연결 | D13: 3Q | E13: =VLOOKUP($A13,종합!$A:$T,COLUMN(종합!E13),FALSE) -> 106102.16 | F13: =VLOOKUP($A13,종합!$A:$T,COLUMN(종합!F13),FALSE) -> 16.675699 | G13: =VLOOKUP($A13,종합!$A:$T,COLUMN(종합!G13),FALSE) -> 2.786491 | H13: =IFERROR((J13-I13)/I13,"-") -> -0.53156969 | I13: =VLOOKUP($A13,종합!$A:$T,COLUMN(종합!I13),FALSE) -> 181500 | J13: =IFERROR(K13/(1+$J$3)^$K$3,"-") -> 85020.101 | K13: =IFERROR(P13*(1+L13)^$K$3,"-") -> 124922.42 | L13: 0.17748023 | M13: 0.15889775 | N13: 0.18616853 | O13: 0.1400685 | P13: 55191.51 | Q13: 개인생활용품
A14: A005490 | B14: POSCO | C14: 연결 | D14: 3Q | E14: =VLOOKUP($A14,종합!$A:$T,COLUMN(종합!E14),FALSE) -> 278997.87 | F14: =VLOOKUP($A14,종합!$A:$T,COLUMN(종합!F15),FALSE) -> 20.180326 | G14: =VLOOKUP($A14,종합!$A:$T,COLUMN(종합!G15),FALSE) -> 0.66951998 | H14: =IFERROR((J14-I14)/I14,"-") -> 0.14952097 | I14: =VLOOKUP($A14,종합!$A:$T,COLUMN(종합!I15),FALSE) -> 320000 | J14: =IFERROR(K14/(1+$J$3)^$K$3,"-") -> 367846.71 | K14: =IFERROR(P14*(1+L14)^$K$3,"-") -> 540487.5 | L14: 0.01751391 | M14: 0.028943034 | N14: 0.0043622544 | O14: 0.01497247 | P14: 495545.89 | Q14: 금속 및 광물
A15: A017670 | B15: SK텔레콤 | C15: 연결 | D15: 3Q | E15: =VLOOKUP($A15,종합!$A:$T,COLUMN(종합!E15),FALSE) -> 245870.69 | F15: =VLOOKUP($A15,종합!$A:$T,COLUMN(종합!F17),FALSE) -> 16.578126 | G15: =VLOOKUP($A15,종합!$A:$T,COLUMN(종합!G17),FALSE) -> 1.5989017 | H15: =IFERROR((J15-I15)/I15,"-") -> -0.1690961 | I15: =VLOOKUP($A15,종합!$A:$T,COLUMN(종합!I17),FALSE) -> 304500 | J15: =IFERROR(K15/(1+$J$3)^$K$3,"-") -> 253010.24 | K15: =IFERROR(P15*(1+L15)^$K$3,"-") -> 371755.05 | L15: 0.11220516 | M15: 0.076881137 | N15: 0.1020642 | O15: 0.12884372 | P15: 218440.09 | Q15: 무선통신
A16: A051910 | B16: LG화학 | C16: 연결 | D16: 3Q | E16: =VLOOKUP($A16,종합!$A:$T,COLUMN(종합!E16),FALSE) -> 539325.5 | F16: =VLOOKUP($A16,종합!$A:$T,COLUMN(종합!F18),FALSE) -> 44.112744 | G16: =VLOOKUP($A16,종합!$A:$T,COLUMN(종합!G18),FALSE) -> 3.969177 | H16: =IFERROR((J16-I16)/I16,"-") -> -0.74992099 | I16: =VLOOKUP($A16,종합!$A:$T,COLUMN(종합!I18),FALSE) -> 764000 | J16: =IFERROR(K16/(1+$J$3)^$K$3,"-") -> 191060.36 | K16: =IFERROR(P16*(1+L16)^$K$3,"-") -> 280730.36 | L16: 0.088072332 | M16: 0.076542559 | N16: 0.09175665 | O16: 0.073128701 | P16: 184077.43 | Q16: 화학
A17: A000270 | B17: 기아 | C17: 연결 | D17: 3Q | E17: =VLOOKUP($A17,종합!$A:$T,COLUMN(종합!E17),FALSE) -> 331992.58 | F17: =VLOOKUP($A17,종합!$A:$T,COLUMN(종합!F19),FALSE) -> 11.586131 | G17: =VLOOKUP($A17,종합!$A:$T,COLUMN(종합!G19),FALSE) -> 1.2977104 | H17: =IFERROR((J17-I17)/I17,"-") -> -0.033031622 | I17: =VLOOKUP($A17,종합!$A:$T,COLUMN(종합!I19),FALSE) -> 81900 | J17: =IFERROR(K17/(1+$J$3)^$K$3,"-") -> 79194.71 | K17: =IFERROR(P17*(1+L17)^$K$3,"-") -> 116363.01 | L17: 0.12815299 | M17: 0.098246477 | N17: 0.11268874 | O17: 0.14008829 | P17: 63675.88 | Q17: 자동차
A18: A033780 | B18: KT&G | C18: 연결 | D18: 3Q | E18: =VLOOKUP($A18,종합!$A:$T,COLUMN(종합!E18),FALSE) -> 110795.05 | F18: =VLOOKUP($A18,종합!$A:$T,COLUMN(종합!F20),FALSE) -> 11.278526 | G18: =VLOOKUP($A18,종합!$A:$T,COLUMN(종합!G20),FALSE) -> 1.672197 | H18: =IFERROR((J18-I18)/I18,"-") -> -0.076571919 | I18: =VLOOKUP($A18,종합!$A:$T,COLUMN(종합!I20),FALSE) -> 80700 | J18: =IFERROR(K18/(1+$J$3)^$K$3,"-") -> 74520.646 | K18: =IFERROR(P18*(1+L18)^$K$3,"-") -> 109495.28 | L18: 0.16658913 | M18: 0.1292013 | N18: 0.17495945 | O18: 0.15141015 | P18: 50676.4 | Q18: 담배
A19: A034730 | B19: SK | C19: 연결 | D19: 3Q | E19: =VLOOKUP($A19,종합!$A:$T,COLUMN(종합!E19),FALSE) -> 180825.96 | F19: =VLOOKUP($A19,종합!$A:$T,COLUMN(종합!F22),FALSE) -> 18.660166 | G19: =VLOOKUP($A19,종합!$A:$T,COLUMN(종합!G22),FALSE) -> 1.3998689 | H19: =IFERROR((J19-I19)/I19,"-") -> 0.6790731 | I19: =VLOOKUP($A19,종합!$A:$T,COLUMN(종합!I22),FALSE) -> 257000 | J19: =IFERROR(K19/(1+$J$3)^$K$3,"-") -> 431521.79 | K19: =IFERROR(P19*(1+L19)^$K$3,"-") -> 634047.08 | L19: 0.26611382 | M19: 0.068309035 | N19: 0.7056488 | O19: 0.050058629 | P19: 194875.73 | Q19: 석유 및 가스
A20: A051900 | B20: LG생활건강 | C20: 연결 | D20: 3Q | E20: =VLOOKUP($A20,종합!$A:$T,COLUMN(종합!E20),FALSE) -> 216155.85 | F20: =VLOOKUP($A20,종합!$A:$T,COLUMN(종합!F23),FALSE) -> 36.330368 | G20: =VLOOKUP($A20,종합!$A:$T,COLUMN(종합!G23),FALSE) -> 8.6847275 | H20: =IFERROR((J20-I20)/I20,"-") -> -0.77533139 | I20: =VLOOKUP($A20,종합!$A:$T,COLUMN(종합!I23),FALSE) -> 1384000 | J20: =IFERROR(K20/(1+$J$3)^$K$3,"-") -> 310941.36 | K20: =IFERROR(P20*(1+L20)^$K$3,"-") -> 456874.87 | L20: 0.25892773 | M20: 0.22518731 | N20: 0.25055014 | O20: 0.22941525 | P20: 144475.19 | Q20: 가정생활용품
A21: A096770 | B21: SK이노베이션 | C21: 연결 | D21: 3Q | E21: =VLOOKUP($A21,종합!$A:$T,COLUMN(종합!E21),FALSE) -> 229314.6 | F21: =VLOOKUP($A21,종합!$A:$T,COLUMN(종합!F24),FALSE) -> 17.298867 | G21: =VLOOKUP($A21,종합!$A:$T,COLUMN(종합!G24),FALSE) -> 1.3697576 | H21: =IFERROR((J21-I21)/I21,"-") -> -0.40599737 | I21: =VLOOKUP($A21,종합!$A:$T,COLUMN(종합!I24),FALSE) -> 248000 | J21: =IFERROR(K21/(1+$J$3)^$K$3,"-") -> 147312.65 | K21: =IFERROR(P21*(1+L21)^$K$3,"-") -> 216450.62 | L21: 0.037461037 | M21: 0.092699972 | N21: 0.052763051 | O21: -0.038186493 | P21: 180094.25 | Q21: 석유 및 가스
A22: A018260 | B22: 삼성에스디에스 | C22: 연결 | D22: 3Q | E22: =VLOOKUP($A22,종합!$A:$T,COLUMN(종합!E22),FALSE) -> 124191.37 | F22: =VLOOKUP($A22,종합!$A:$T,COLUMN(종합!F26),FALSE) -> 25.982276 | G22: =VLOOKUP($A22,종합!$A:$T,COLUMN(종합!G26),FALSE) -> 2.5684343 | H22: =IFERROR((J22-I22)/I22,"-") -> -0.5685544 | I22: =VLOOKUP($A22,종합!$A:$T,COLUMN(종합!I26),FALSE) -> 160500 | J22: =IFERROR(K22/(1+$J$3)^$K$3,"-") -> 69247.019 | K22: =IFERROR(P22*(1+L22)^$K$3,"-") -> 101746.59 | L22: 0.10233617 | M22: 0.075257789 | N22: 0.10091233 | O22: 0.10432862 | P22: 62510.01 | Q22: IT 서비스
A23: A068270 | B23: 셀트리온 | C23: 연결 | D23: 3Q | E23: =VLOOKUP($A23,종합!$A:$T,COLUMN(종합!E23),FALSE) -> 261180.25 | F23: =VLOOKUP($A23,종합!$A:$T,COLUMN(종합!F27),FALSE) -> 147.81101 | G23: =VLOOKUP($A23,종합!$A:$T,COLUMN(종합!G27),FALSE) -> 13.191926 | H23: =IFERROR((J23-I23)/I23,"-") -> -0.91610222 | I23: =VLOOKUP($A23,종합!$A:$T,COLUMN(종합!I27),FALSE) -> 224000 | J23: =IFERROR(K23/(1+$J$3)^$K$3,"-") -> 18793.103 | K23: =IFERROR(P23*(1+L23)^$K$3,"-") -> 27613.234 | L23: 0.099470268 | M23: 0.071430702 | N23: 0.10476485 | O23: 0.096530361 | P23: 17186.99 | Q23: 바이오
A24: A002790 | B24: 아모레G | C24: 연결 | D24: 3Q | E24: =VLOOKUP($A24,종합!$A:$T,COLUMN(종합!E24),FALSE) -> 41022.945 | F24: =VLOOKUP($A24,종합!$A:$T,COLUMN(종합!F28),FALSE) -> 11.740652 | G24: =VLOOKUP($A24,종합!$A:$T,COLUMN(종합!G28),FALSE) -> 1.463395 | H24: =IFERROR((J24-I24)/I24,"-") -> -0.2082957 | I24: =VLOOKUP($A24,종합!$A:$T,COLUMN(종합!I28),FALSE) -> 49750 | J24: =IFERROR(K24/(1+$J$3)^$K$3,"-") -> 39387.289 | K24: =IFERROR(P24*(1+L24)^$K$3,"-") -> 57872.85 | L24: 0.11820539 | M24: 0.11611757 | N24: 0.10738441 | O24: 0.10008439 | P24: 33102.97 | Q24: 개인생활용품
A25: A003550 | B25: LG | C25: 연결 | D25: 3Q | E25: =VLOOKUP($A25,종합!$A:$T,COLUMN(종합!E25),FALSE) -> 158580 | F25: =VLOOKUP($A25,종합!$A:$T,COLUMN(종합!F29),FALSE) -> 14.780226 | G25: =VLOOKUP($A25,종합!$A:$T,COLUMN(종합!G29),FALSE) -> 1.1768438 | H25: =IFERROR((J25-I25)/I25,"-") -> -0.17306252 | I25: =VLOOKUP($A25,종합!$A:$T,COLUMN(종합!I29),FALSE) -> 91900 | J25: =IFERROR(K25/(1+$J$3)^$K$3,"-") -> 75995.555 | K25: =IFERROR(P25*(1+L25)^$K$3,"-") -> 111662.4 | L25: 0.078200056 | M25: 0.069168233 | N25: 0.074854074 | O25: 0.070354549 | P25: 76632.01 | Q25: 복합 산업
A26: A034220 | B26: LG디스플레이 | C26: 연결 | D26: 3Q | E26: =VLOOKUP($A26,종합!$A:$T,COLUMN(종합!E26),FALSE) -> 64049.01 | F26: =VLOOKUP($A26,종합!$A:$T,COLUMN(종합!F30),FALSE) -> 68.987851 | G26: =VLOOKUP($A26,종합!$A:$T,COLUMN(종합!G30),FALSE) -> 0.54086842 | H26: =IFERROR((J26-I26)/I26,"-") -> 0.70288891 | I26: =VLOOKUP($A26,종합!$A:$T,COLUMN(종합!I30),FALSE) -> 17900 | J26: =IFERROR(K26/(1+$J$3)^$K$3,"-") -> 30481.712 | K26: =IFERROR(P26*(1+L26)^$K$3,"-") -> 44787.635 | L26: 0.062378644 | M26: 0.0089372515 | N26: 0.081826795 | O26: 0.082047364 | P26: 33094.93 | Q26: 디스플레이 및 관련부품
A27: A009540 | B27: 현대중공업 | C27: 연결 | D27: 3Q | E27: =VLOOKUP($A27,종합!$A:$T,COLUMN(종합!E27),FALSE) -> 79420 | F27: =VLOOKUP($A27,종합!$A:$T,COLUMN(종합!F31),FALSE) -> 18.628854 | G27: =VLOOKUP($A27,종합!$A:$T,COLUMN(종합!G31),FALSE) -> 0.49191463 | H27: =IFERROR((J27-I27)/I27,"-") -> 0.091915794 | I27: =VLOOKUP($A27,종합!$A:$T,COLUMN(종합!I31),FALSE) -> 104500 | J27: =IFERROR(K27/(1+$J$3)^$K$3,"-") -> 114105.2 | K27: =IFERROR(P27*(1+L27)^$K$3,"-") -> 167657.97 | L27: -0.05726994 | M27: 0.052761916 | N27: -0.09338748 | O27: -0.10913202 | P27: 225158.03 | Q27: 조선
A28: A011170 | B28: 롯데케미칼 | C28: 연결 | D28: 3Q | E28: =VLOOKUP($A28,종합!$A:$T,COLUMN(종합!E28),FALSE) -> 81746.874 | F28: =VLOOKUP($A28,종합!$A:$T,COLUMN(종합!F32),FALSE) -> 5.7237365 | G28: =VLOOKUP($A28,종합!$A:$T,COLUMN(종합!G32),FALSE) -> 0.96273302 | H28: =IFERROR((J28-I28)/I28,"-") -> 0.22547025 | I28: =VLOOKUP($A28,종합!$A:$T,COLUMN(종합!I32),FALSE) -> 238500 | J28: =IFERROR(K28/(1+$J$3)^$K$3,"-") -> 292274.66 | K28: =IFERROR(P28*(1+L28)^$K$3,"-") -> 429447.36 | L28: 0.11631172 | M28: 0.15809111 | N28: 0.14217491 | O28: 0.02313924 | P28: 247732.23 | Q28: 화학
A29: A010130 | B29: 고려아연 | C29: 연결 | D29: 3Q | E29: =VLOOKUP($A29,종합!$A:$T,COLUMN(종합!E29),FALSE) -> 100199.7 | F29: =VLOOKUP($A29,종합!$A:$T,COLUMN(종합!F33),FALSE) -> 19.662155 | G29: =VLOOKUP($A29,종합!$A:$T,COLUMN(종합!G33),FALSE) -> 1.893131 | H29: =IFERROR((J29-I29)/I29,"-") -> -0.39103015 | I29: =VLOOKUP($A29,종합!$A:$T,COLUMN(종합!I33),FALSE) -> 531000 | J29: =IFERROR(K29/(1+$J$3)^$K$3,"-") -> 323362.99 | K29: =IFERROR(P29*(1+L29)^$K$3,"-") -> 475126.32 | L29: 0.10893308 | M29: 0.079921262 | N29: 0.10490513 | O29: 0.11371123 | P29: 283323.37 | Q29: 금속 및 광물
A30: A035250 | B30: 강원랜드 | C30: 연결 | D30: 3Q | E30: =VLOOKUP($A30,종합!$A:$T,COLUMN(종합!E30),FALSE) -> 60545.162 | F30: =VLOOKUP($A30,종합!$A:$T,COLUMN(종합!F35),FALSE) -> 12.514295 | G30: =VLOOKUP($A30,종합!$A:$T,COLUMN(종합!G35),FALSE) -> 1.8936224 | H30: =IFERROR((J30-I30)/I30,"-") -> -0.22454969 | I30: =VLOOKUP($A30,종합!$A:$T,COLUMN(종합!I35),FALSE) -> 28300 | J30: =IFERROR(K30/(1+$J$3)^$K$3,"-") -> 21945.244 | K30: =IFERROR(P30*(1+L30)^$K$3,"-") -> 32244.763 | L30: 0.15395468 | M30: 0.12844213 | N30: 0.15489325 | O30: 0.13762187 | P30: 15758.52 | Q30: 호텔 및 레저
A31: A066570 | B31: LG전자 | C31: 연결 | D31: 3Q | E31: =VLOOKUP($A31,종합!$A:$T,COLUMN(종합!E31),FALSE) -> 196377.38 | F31: =VLOOKUP($A31,종합!$A:$T,COLUMN(종합!F36),FALSE) -> 78.24891 | G31: =VLOOKUP($A31,종합!$A:$T,COLUMN(종합!G36),FALSE) -> 1.7332171 | H31: =IFERROR((J31-I31)/I31,"-") -> -0.5891 | I31: =VLOOKUP($A31,종합!$A:$T,COLUMN(종합!I36),FALSE) -> 120000 | J31: =IFERROR(K31/(1+$J$3)^$K$3,"-") -> 49308 | K31: =IFERROR(P31*(1+L31)^$K$3,"-") -> 72449.629 | L31: 0.028660304 | M31: 0.034198713 | N31: 0.01065656 | O31: 0.034047179 | P31: 62903.71 | Q31: 내구소비재
A32: A030200 | B32: KT | C32: 연결 | D32: 3Q | E32: =VLOOKUP($A32,종합!$A:$T,COLUMN(종합!E32),FALSE) -> 81858.552 | F32: =VLOOKUP($A32,종합!$A:$T,COLUMN(종합!F37),FALSE) -> 16.320562 | G32: =VLOOKUP($A32,종합!$A:$T,COLUMN(종합!G37),FALSE) -> 0.72186919 | H32: =IFERROR((J32-I32)/I32,"-") -> 0.023712205 | I32: =VLOOKUP($A32,종합!$A:$T,COLUMN(종합!I37),FALSE) -> 31350 | J32: =IFERROR(K32/(1+$J$3)^$K$3,"-") -> 32093.378 | K32: =IFERROR(P32*(1+L32)^$K$3,"-") -> 47155.701 | L32: 0.0018508621 | M32: 0.056081223 | N32: 0.052200796 | O32: -0.095491791 | P32: 46721.72 | Q32: 무선통신
A33: A010950 | B33: S-Oil | C33: 연결 | D33: 3Q | E33: =VLOOKUP($A33,종합!$A:$T,COLUMN(종합!E33),FALSE) -> 119337.76 | F33: =VLOOKUP($A33,종합!$A:$T,COLUMN(종합!F38),FALSE) -> 11.009313 | G33: =VLOOKUP($A33,종합!$A:$T,COLUMN(종합!G38),FALSE) -> 1.91587 | H33: =IFERROR((J33-I33)/I33,"-") -> -0.48439918 | I33: =VLOOKUP($A33,종합!$A:$T,COLUMN(종합!I38),FALSE) -> 106000 | J33: =IFERROR(K33/(1+$J$3)^$K$3,"-") -> 54653.687 | K33: =IFERROR(P33*(1+L33)^$K$3,"-") -> 80304.196 | L33: 0.084881629 | M33: 0.180718 | N33: 0.12259948 | O33: -0.056090291 | P33: 53435.08 | Q33: 석유 및 가스
A34: A008930 | B34: 한미사이언스 | C34: 연결 | D34: 3Q | E34: =VLOOKUP($A34,종합!$A:$T,COLUMN(종합!E34),FALSE) -> 33924.96 | F34: =VLOOKUP($A34,종합!$A:$T,COLUMN(종합!F40),FALSE) -> 18.307289 | G34: =VLOOKUP($A34,종합!$A:$T,COLUMN(종합!G40),FALSE) -> 5.0687464 | H34: =IFERROR((J34-I34)/I34,"-") -> -0.70125042 | I34: =VLOOKUP($A34,종합!$A:$T,COLUMN(종합!I40),FALSE) -> 58200 | J34: =IFERROR(K34/(1+$J$3)^$K$3,"-") -> 17387.225 | K34: =IFERROR(P34*(1+L34)^$K$3,"-") -> 25547.539 | L34: 0.16877402 | M34: 0.075796996 | N34: 0.35713606 | O34: 0.051732486 | P34: 11713.76 | Q34: 제약
A35: A006400 | B35: 삼성SDI | C35: 연결 | D35: 3Q | E35: =VLOOKUP($A35,종합!$A:$T,COLUMN(종합!E35),FALSE) -> 471724.68 | F35: =VLOOKUP($A35,종합!$A:$T,COLUMN(종합!F41),FALSE) -> 4552.9272 | G35: =VLOOKUP($A35,종합!$A:$T,COLUMN(종합!G41),FALSE) -> 4.3364423 | H35: =IFERROR((J35-I35)/I35,"-") -> -0.84232961 | I35: =VLOOKUP($A35,종합!$A:$T,COLUMN(종합!I41),FALSE) -> 686000 | J35: =IFERROR(K35/(1+$J$3)^$K$3,"-") -> 108161.89 | K35: =IFERROR(P35*(1+L35)^$K$3,"-") -> 158925.3 | L35: 0.0053884015 | M35: 0.019085935 | N35: 0.0047654763 | O35: -0.0088425894 | P35: 154711.89 | Q35: 전자 장비 및 기기
A36: A047810 | B36: 한국항공우주 | C36: 연결 | D36: 3Q | E36: =VLOOKUP($A36,종합!$A:$T,COLUMN(종합!E36),FALSE) -> 30753.396 | F36: =VLOOKUP($A36,종합!$A:$T,COLUMN(종합!F42),FALSE) -> 13.141854 | G36: =VLOOKUP($A36,종합!$A:$T,COLUMN(종합!G42),FALSE) -> 2.3239213 | H36: =IFERROR((J36-I36)/I36,"-") -> -0.39400264 | I36: =VLOOKUP($A36,종합!$A:$T,COLUMN(종합!I42),FALSE) -> 31550 | J36: =IFERROR(K36/(1+$J$3)^$K$3,"-") -> 19119.217 | K36: =IFERROR(P36*(1+L36)^$K$3,"-") -> 28092.402 | L36: 0.15654409 | M36: 0.15379737 | N36: 0.1635126 | O36: 0.1112081 | P36: 13576.19 | Q36: 상업서비스
A37: A021240 | B37: 코웨이 | C37: 연결 | D37: 3Q | E37: =VLOOKUP($A37,종합!$A:$T,COLUMN(종합!E37),FALSE) -> 56445.199 | F37: =VLOOKUP($A37,종합!$A:$T,COLUMN(종합!F43),FALSE) -> 22.022933 | G37: =VLOOKUP($A37,종합!$A:$T,COLUMN(종합!G43),FALSE) -> 4.7030701 | H37: =IFERROR((J37-I37)/I37,"-") -> -0.52074311 | I37: =VLOOKUP($A37,종합!$A:$T,COLUMN(종합!I43),FALSE) -> 73900 | J37: =IFERROR(K37/(1+$J$3)^$K$3,"-") -> 35417.084 | K37: =IFERROR(P37*(1+L37)^$K$3,"-") -> 52039.316 | L37: 0.25319927 | M37: 0.14127801 | N37: 0.30154854 | O37: 0.25228606 | P37: 16835.69 | Q37: 내구소비재
A38: A004020 | B38: 현대제철 | C38: 연결 | D38: 3Q | E38: =VLOOKUP($A38,종합!$A:$T,COLUMN(종합!E38),FALSE) -> 60784.555 | F38: =VLOOKUP($A38,종합!$A:$T,COLUMN(종합!F45),FALSE) -> 6.2730464 | G38: =VLOOKUP($A38,종합!$A:$T,COLUMN(종합!G45),FALSE) -> 0.38196793 | H38: =IFERROR((J38-I38)/I38,"-") -> 1.3605249 | I38: =VLOOKUP($A38,종합!$A:$T,COLUMN(종합!I45),FALSE) -> 45550 | J38: =IFERROR(K38/(1+$J$3)^$K$3,"-") -> 107521.91 | K38: =IFERROR(P38*(1+L38)^$K$3,"-") -> 157984.96 | L38: 0.055888347 | M38: 0.045501501 | N38: 0.050829527 | O38: 0.057042778 | P38: 120372.08 | Q38: 금속 및 광물
A39: A128940 | B39: 한미약품 | C39: 연결 | D39: 3Q | E39: =VLOOKUP($A39,종합!$A:$T,COLUMN(종합!E39),FALSE) -> 27183.464 | F39: =VLOOKUP($A39,종합!$A:$T,COLUMN(종합!F46),FALSE) -> 12.345322 | G39: =VLOOKUP($A39,종합!$A:$T,COLUMN(종합!G46),FALSE) -> 3.9159601 | H39: =IFERROR((J39-I39)/I39,"-") -> -0.63565116 | I39: =VLOOKUP($A39,종합!$A:$T,COLUMN(종합!I46),FALSE) -> 260500 | J39: =IFERROR(K39/(1+$J$3)^$K$3,"-") -> 94912.874 | K39: =IFERROR(P39*(1+L39)^$K$3,"-") -> 139458.15 | L39: 0.15648865 | M39: 0.10308096 | N39: 0.25689008 | O39: 0.075806331 | P39: 67411.97 | Q39: 제약
A40: A161390 | B40: 한국타이어앤테크놀로지 | C40: 연결 | D40: 3Q | E40: =VLOOKUP($A40,종합!$A:$T,COLUMN(종합!E40),FALSE) -> 52956.592 | F40: =VLOOKUP($A40,종합!$A:$T,COLUMN(종합!F47),FALSE) -> 6.1901688 | G40: =VLOOKUP($A40,종합!$A:$T,COLUMN(종합!G47),FALSE) -> 0.94918298 | H40: =IFERROR((J40-I40)/I40,"-") -> 0.48182997 | I40: =VLOOKUP($A40,종합!$A:$T,COLUMN(종합!I47),FALSE) -> 42750 | J40: =IFERROR(K40/(1+$J$3)^$K$3,"-") -> 63348.231 | K40: =IFERROR(P40*(1+L40)^$K$3,"-") -> 93079.335 | L40: 0.15620935 | M40: 0.12522533 | N40: 0.13590551 | O40: 0.16618811 | P40: 45047.52 | Q40: 자동차부품
A41: A086280 | B41: 현대글로비스 | C41: 연결 | D41: 3Q | E41: =VLOOKUP($A41,종합!$A:$T,COLUMN(종합!E41),FALSE) -> 64500 | F41: =VLOOKUP($A41,종합!$A:$T,COLUMN(종합!F48),FALSE) -> 10.262465 | G41: =VLOOKUP($A41,종합!$A:$T,COLUMN(종합!G48),FALSE) -> 1.8745617 | H41: =IFERROR((J41-I41)/I41,"-") -> -0.16737725 | I41: =VLOOKUP($A41,종합!$A:$T,COLUMN(종합!I48),FALSE) -> 172000 | J41: =IFERROR(K41/(1+$J$3)^$K$3,"-") -> 143211.11 | K41: =IFERROR(P41*(1+L41)^$K$3,"-") -> 210424.11 | L41: 0.18057439 | M41: 0.15596038 | N41: 0.12848784 | O41: 0.21008786 | P41: 91754.78 | Q41: 육상운수
A42: A023530 | B42: 롯데쇼핑 | C42: 연결 | D42: 3Q | E42: =VLOOKUP($A42,종합!$A:$T,COLUMN(종합!E42),FALSE) -> 32278.164 | F42: =VLOOKUP($A42,종합!$A:$T,COLUMN(종합!F49),FALSE) -> -8.3831114 | G42: =VLOOKUP($A42,종합!$A:$T,COLUMN(종합!G49),FALSE) -> 0.19857322 | H42: =IFERROR((J42-I42)/I42,"-") -> 2.5599543 | I42: =VLOOKUP($A42,종합!$A:$T,COLUMN(종합!I49),FALSE) -> 102500 | J42: =IFERROR(K42/(1+$J$3)^$K$3,"-") -> 364895.32 | K42: =IFERROR(P42*(1+L42)^$K$3,"-") -> 536150.94 | L42: 0.0066429518 | M42: 0.01030285 | N42: -0.023235039 | O42: 0.031967111 | P42: 518692.28 | Q42: 백화점
A43: A018880 | B43: 한온시스템 | C43: 연결 | D43: 3Q | E43: =VLOOKUP($A43,종합!$A:$T,COLUMN(종합!E43),FALSE) -> 80603.8 | F43: =VLOOKUP($A43,종합!$A:$T,COLUMN(종합!F51),FALSE) -> 30.181328 | G43: =VLOOKUP($A43,종합!$A:$T,COLUMN(종합!G51),FALSE) -> 4.5361136 | H43: =IFERROR((J43-I43)/I43,"-") -> -0.69024573 | I43: =VLOOKUP($A43,종합!$A:$T,COLUMN(종합!I51),FALSE) -> 15100 | J43: =IFERROR(K43/(1+$J$3)^$K$3,"-") -> 4677.2895 | K43: =IFERROR(P43*(1+L43)^$K$3,"-") -> 6872.4727 | L43: 0.15601647 | M43: 0.11328057 | N43: 0.13707626 | O43: 0.17694681 | P43: 3328.84 | Q43: 자동차부품
A44: A035720 | B44: 카카오 | C44: 연결 | D44: 3Q | E44: =VLOOKUP($A44,종합!$A:$T,COLUMN(종합!E44),FALSE) -> 79448.465 | F44: =VLOOKUP($A44,종합!$A:$T,COLUMN(종합!F52),FALSE) -> 175.64049 | G44: =VLOOKUP($A44,종합!$A:$T,COLUMN(종합!G52),FALSE) -> 2.3900799 | H44: =IFERROR((J44-I44)/I44,"-") -> -0.62576566 | I44: =VLOOKUP($A44,종합!$A:$T,COLUMN(종합!I52),FALSE) -> 117500 | J44: =IFERROR(K44/(1+$J$3)^$K$3,"-") -> 43972.535 | K44: =IFERROR(P44*(1+L44)^$K$3,"-") -> 64610.08 | L44: 0.055838913 | M44: 0.011697492 | N44: 0.030223881 | O44: 0.11406695 | P44: 49239.31 | Q44: 인터넷 서비스
A45: A001040 | B45: CJ | C45: 연결 | D45: 3Q | E45: =VLOOKUP($A45,종합!$A:$T,COLUMN(종합!E45),FALSE) -> 28360.042 | F45: =VLOOKUP($A45,종합!$A:$T,COLUMN(종합!F54),FALSE) -> 11.269121 | G45: =VLOOKUP($A45,종합!$A:$T,COLUMN(종합!G54),FALSE) -> 0.75972978 | H45: =IFERROR((J45-I45)/I45,"-") -> 0.21616963 | I45: =VLOOKUP($A45,종합!$A:$T,COLUMN(종합!I54),FALSE) -> 97200 | J45: =IFERROR(K45/(1+$J$3)^$K$3,"-") -> 118211.69 | K45: =IFERROR(P45*(1+L45)^$K$3,"-") -> 173691.75 | L45: 0.068553826 | M45: 0.066200688 | N45: 0.058742557 | O45: 0.063067355 | P45: 124680.11 | Q45: 식료품
A46: A036570 | B46: 엔씨소프트 | C46: 연결 | D46: 3Q | E46: =VLOOKUP($A46,종합!$A:$T,COLUMN(종합!E46),FALSE) -> 126749.75 | F46: =VLOOKUP($A46,종합!$A:$T,COLUMN(종합!F55),FALSE) -> 51.209592 | G46: =VLOOKUP($A46,종합!$A:$T,COLUMN(종합!G55),FALSE) -> 7.2357156 | H46: =IFERROR((J46-I46)/I46,"-") -> -0.79545764 | I46: =VLOOKUP($A46,종합!$A:$T,COLUMN(종합!I55),FALSE) -> 578000 | J46: =IFERROR(K46/(1+$J$3)^$K$3,"-") -> 118225.48 | K46: =IFERROR(P46*(1+L46)^$K$3,"-") -> 173712.02 | L46: 0.14833765 | M46: 0.11756208 | N46: 0.10567945 | O46: 0.18383319 | P46: 86992.51 | Q46: 게임 소프트웨어
A47: A001800 | B47: 오리온 | C47: 연결 | D47: 3Q | E47: =VLOOKUP($A47,종합!$A:$T,COLUMN(종합!E47),FALSE) -> 7029.869 | F47: =VLOOKUP($A47,종합!$A:$T,COLUMN(종합!F57),FALSE) -> 3.6648397 | G47: =VLOOKUP($A47,종합!$A:$T,COLUMN(종합!G57),FALSE) -> 0.47921787 | H47: =IFERROR((J47-I47)/I47,"-") -> 1.7579565 | I47: =VLOOKUP($A47,종합!$A:$T,COLUMN(종합!I57),FALSE) -> 117000 | J47: =IFERROR(K47/(1+$J$3)^$K$3,"-") -> 322680.91 | K47: =IFERROR(P47*(1+L47)^$K$3,"-") -> 474124.12 | L47: 0.13695647 | M47: 0.1131254 | N47: 0.1236317 | O47: 0.13796125 | P47: 249558.79 | Q47: 식료품
A48: A027410 | B48: BGF리테일 | C48: 연결 | D48: 3Q | E48: =VLOOKUP($A48,종합!$A:$T,COLUMN(종합!E48),FALSE) -> 89185.725 | F48: =VLOOKUP($A48,종합!$A:$T,COLUMN(종합!F58),FALSE) -> 51.544958 | G48: =VLOOKUP($A48,종합!$A:$T,COLUMN(종합!G58),FALSE) -> 10.129077 | H48: =IFERROR((J48-I48)/I48,"-") -> -0.79689378 | I48: =VLOOKUP($A48,종합!$A:$T,COLUMN(종합!I58),FALSE) -> 180000 | J48: =IFERROR(K48/(1+$J$3)^$K$3,"-") -> 36559.119 | K48: =IFERROR(P48*(1+L48)^$K$3,"-") -> 53717.34 | L48: 0.24760542 | M48: 0.17835087 | N48: 0.2277133 | O48: 0.27010859 | P48: 17771.67 | Q48: 도소매
A49: A097950 | B49: CJ제일제당 | C49: 연결 | D49: 3Q | E49: =VLOOKUP($A49,종합!$A:$T,COLUMN(종합!E49),FALSE) -> 52515.973 | F49: =VLOOKUP($A49,종합!$A:$T,COLUMN(종합!F59),FALSE) -> 18.086481 | G49: =VLOOKUP($A49,종합!$A:$T,COLUMN(종합!G59),FALSE) -> 1.5890874 | H49: =IFERROR((J49-I49)/I49,"-") -> -0.45095846 | I49: =VLOOKUP($A49,종합!$A:$T,COLUMN(종합!I59),FALSE) -> 399000 | J49: =IFERROR(K49/(1+$J$3)^$K$3,"-") -> 219067.57 | K49: =IFERROR(P49*(1+L49)^$K$3,"-") -> 321882.14 | L49: 0.064936097 | M49: 0.085698165 | N49: 0.061768785 | O49: 0.031337242 | P49: 235006.1 | Q49: 식료품
A50: A032640 | B50: LG유플러스 | C50: 연결 | D50: 3Q | E50: =VLOOKUP($A50,종합!$A:$T,COLUMN(종합!E50),FALSE) -> 63090.342 | F50: =VLOOKUP($A50,종합!$A:$T,COLUMN(종합!F60),FALSE) -> 15.226561 | G50: =VLOOKUP($A50,종합!$A:$T,COLUMN(종합!G60),FALSE) -> 1.3386053 | H50: =IFERROR((J50-I50)/I50,"-") -> -0.25332746 | I50: =VLOOKUP($A50,종합!$A:$T,COLUMN(종합!I60),FALSE) -> 14450 | J50: =IFERROR(K50/(1+$J$3)^$K$3,"-") -> 10789.418 | K50: =IFERROR(P50*(1+L50)^$K$3,"-") -> 15853.195 | L50: 0.079891891 | M50: 0.082040605 | N50: 0.081493614 | O50: 0.055670176 | P50: 10794.82 | Q50: 무선통신

Sheet 야마구치요헤이
A1: * 금융업제외 | T1: * 유동자산 : 유동자산 - 매출채권
E2: 할인율 | H2: 삼성전자 | J2: 주가 | K2: 주당가치 | L2: 재산가치 (억) | M2: 사업가치 (억) | N2: 이익배수 | T2: * 비유동자산 : 비유동자산 - (유형자산 + 무형자산)
D3: 입력F | E3: 0.08 | J3: =VLOOKUP($H2,$B:$X,COLUMN(J6)-1,FALSE) -> 71500 | K3: =VLOOKUP($H2,$B:$X,COLUMN(K6)-1,FALSE) -> 2417621.9 | L3: =VLOOKUP($H2,$B:$X,COLUMN(L6)-1,FALSE) -> 817446.05 | M3: =VLOOKUP($H2,$B:$X,COLUMN(M6)-1,FALSE) -> 2583648.3 | N3: =VLOOKUP($H2,$B:$X,COLUMN(N6)-1,FALSE) -> 9.8753441 | T3: * 유동부채 : 유동부채 * 1.2
P4: (3년평균) | T4: *비유동부채 : 비유동부채
A5: CODE | B5: 종목 | C5: 주재무 | D5: 실적 | E5: 시가총액 (억) | F5: PER | G5: PBR | H5: ROE | I5: 괴리율 | J5: 주가 (원) | K5: 주당가치 (원) | L5: 재산가치 (억) | M5: 사업가치 (억) | N5: 이익배수 | O5: 영업이익 (억) | P5: 법인세율 average | Q5: 2018 | R5: 2019 | S5: 2020 | T5: 유동자산 | U5: 비유동자산 | V5: 유동부채 | W5: 비유동부채 | X5: 업종 | Y5: 주식수
A6: A005930 | B6: 삼성전자 | C6: 연결 | D6: 3Q | E6: =J6*Y6/100000000 -> 100585.73 | F6: =VLOOKUP($A6,종합!$A:$T,COLUMN(종합!F6),FALSE) -> - | G6: =VLOOKUP($A6,종합!$A:$T,COLUMN(종합!G6),FALSE) -> - | H6: =VLOOKUP($A6,종합!$A:$T,COLUMN(종합!H6),FALSE) -> - | I6: =(K6-J6)/J6 -> 32.812893 | J6: =IF(COUNTIF(현재가!$A:$A,$B6),VLOOKUP($B6,현재가!$A:$B,2,FALSE),VLOOKUP($B6,현재가!$D:$E,2,FALSE)) -> 71500 | K6: =IFERROR(((L6+M6)*100000000)/Y6,"-") -> 2417621.9 | L6: =IFERROR(T6+U6-V6-W6,"-") -> 817446.05 | M6: =O6*N6 -> 2583648.3 | N6: =(1-P6)/$E$3 -> 9.8753441 | O6: 261626.16 | P6: 0.20997247 | Q6: 0.20564742 | R6: 0.16074154 | S6: 0.26581612 | T6: 1078142.5 | U6: 233426.7 | V6: 349367.23 | W6: 144755.96 | X6: 휴대폰 및 관련부품 | Y6: 140679337
A7: A015760 | B7: 한국전력 | C7: 연결 | D7: 3Q | E7: =J7*Y7/100000000 -> 146367.81 | F7: =VLOOKUP($A7,종합!$A:$T,COLUMN(종합!F7),FALSE) -> 1.7572433 | G7: =VLOOKUP($A7,종합!$A:$T,COLUMN(종합!G7),FALSE) -> 0.20613511 | H7: =VLOOKUP($A7,종합!$A:$T,COLUMN(종합!H7),FALSE) -> 0.11730596 | I7: =(K7-J7)/J7 -> -1.8375804 | J7: =IF(COUNTIF(현재가!$A:$A,$B7),VLOOKUP($B7,현재가!$A:$B,2,FALSE),VLOOKUP($B7,현재가!$D:$E,2,FALSE)) -> 22800 | K7: =IFERROR(((L7+M7)*100000000)/Y7,"-") -> -19096.834 | L7: =IFERROR(T7+U7-V7-W7,"-") -> -774681.05 | M7: =O7*N7 -> 652086.24 | N7: =(1-P7)/$E$3 -> 4.8616712 | O7: 134128 | P7: 0.6110663 | Q7: 1.4396249 | R7: 0.33819709 | S7: 0.28084654 | T7: 133922.17 | U7: 107616.64 | V7: 212689.27 | W7: 803530.59 | X7: 전력 | Y7: 641964077
A8: A005380 | B8: 현대차 | C8: 연결 | D8: 3Q | E8: =J8*Y8/100000000 -> 388864.59 | F8: =VLOOKUP($A8,종합!$A:$T,COLUMN(종합!F9),FALSE) -> 7.4789359 | G8: =VLOOKUP($A8,종합!$A:$T,COLUMN(종합!G9),FALSE) -> 0.70267483 | H8: =VLOOKUP($A8,종합!$A:$T,COLUMN(종합!H9),FALSE) -> 0.093953851 | I8: =(K8-J8)/J8 -> -0.80858352 | J8: =IF(COUNTIF(현재가!$A:$A,$B8),VLOOKUP($B8,현재가!$A:$B,2,FALSE),VLOOKUP($B8,현재가!$D:$E,2,FALSE)) -> 205000 | K8: =IFERROR(((L8+M8)*100000000)/Y8,"-") -> 39240.378 | L8: =IFERROR(T8+U8-V8-W8,"-") -> 81567.509 | M8: =O8*N8 -> -7132.4186 | N8: =(1-P8)/$E$3 -> 4.4466969 | O8: -1603.9813 | P8: 0.64426425 | Q8: 2.1280636 | R8: 0.37647821 | S8: 0.032452145 | T8: 50352.483 | U8: 229108.9 | V8: 112674.11 | W8: 85219.763 | X8: 자동차 | Y8: 189690043
A9: A028260 | B9: 삼성물산 | C9: 연결 | D9: 3Q | E9: =J9*Y9/100000000 -> 888162.89 | F9: =VLOOKUP($A9,종합!$A:$T,COLUMN(종합!F12),FALSE) -> -86.775022 | G9: =VLOOKUP($A9,종합!$A:$T,COLUMN(종합!G12),FALSE) -> 1.4060194 | H9: =VLOOKUP($A9,종합!$A:$T,COLUMN(종합!H12),FALSE) -> -0.016203043 | I9: =(K9-J9)/J9 -> -0.67606511 | J9: =IF(COUNTIF(현재가!$A:$A,$B9),VLOOKUP($B9,현재가!$A:$B,2,FALSE),VLOOKUP($B9,현재가!$D:$E,2,FALSE)) -> 122000 | K9: =IFERROR(((L9+M9)*100000000)/Y9,"-") -> 39520.057 | L9: =IFERROR(T9+U9-V9-W9,"-") -> -6792.034 | M9: =O9*N9 -> 294498.98 | N9: =(1-P9)/$E$3 -> 10.789556 | O9: 27294.82 | P9: 0.13683554 | Q9: 0.065714774 | R9: 0.16889 | S9: 0.17944663 | T9: 58963.36 | U9: 12443.67 | V9: 36317.484 | W9: 41881.58 | X9: 복합 산업 | Y9: 728002365
A10: A035420 | B10: NAVER | C10: 연결 | D10: 3Q | E10: =J10*Y10/100000000 -> 855774.12 | F10: =VLOOKUP($A10,종합!$A:$T,COLUMN(종합!F8),FALSE) -> 17.923567 | G10: =VLOOKUP($A10,종합!$A:$T,COLUMN(종합!G8),FALSE) -> 3.4542231 | H10: =VLOOKUP($A10,종합!$A:$T,COLUMN(종합!H8),FALSE) -> 0.19271963 | I10: =(K10-J10)/J10 -> -0.2455696 | J10: =IF(COUNTIF(현재가!$A:$A,$B10),VLOOKUP($B10,현재가!$A:$B,2,FALSE),VLOOKUP($B10,현재가!$D:$E,2,FALSE)) -> 388500 | K10: =IFERROR(((L10+M10)*100000000)/Y10,"-") -> 293096.21 | L10: =IFERROR(T10+U10-V10-W10,"-") -> 98911.286 | M10: =O10*N10 -> 546710.73 | N10: =(1-P10)/$E$3 -> 9.6126907 | O10: 56873.85 | P10: 0.23098475 | Q10: 0.23110857 | R10: 0.23130767 | S10: 0.23053813 | T10: 369008.96 | U10: 415800.47 | V10: 100021.28 | W10: 585876.86 | X10: 인터넷 서비스 | Y10: 220276479
A11: A012330 | B11: 현대모비스 | C11: 연결 | D11: 3Q | E11: =J11*Y11/100000000 -> 87680.726 | F11: =VLOOKUP($A11,종합!$A:$T,COLUMN(종합!F10),FALSE) -> 8.0958982 | G11: =VLOOKUP($A11,종합!$A:$T,COLUMN(종합!G10),FALSE) -> 0.94896483 | H11: =VLOOKUP($A11,종합!$A:$T,COLUMN(종합!H10),FALSE) -> 0.11721551 | I11: =(K11-J11)/J11 -> 0.31329965 | J11: =IF(COUNTIF(현재가!$A:$A,$B11),VLOOKUP($B11,현재가!$A:$B,2,FALSE),VLOOKUP($B11,현재가!$D:$E,2,FALSE)) -> 266000 | K11: =IFERROR(((L11+M11)*100000000)/Y11,"-") -> 349337.71 | L11: =IFERROR(T11+U11-V11-W11,"-") -> 30828.824 | M11: =O11*N11 -> 84322.243 | N11: =(1-P11)/$E$3 -> 8.7018981 | O11: 9690.0977 | P11: 0.30384815 | Q11: 0.28323181 | R11: 0.35999729 | S11: 0.27009993 | T11: 34499.943 | U11: 9546.2317 | V11: 8628.5074 | W11: 4588.8426 | X11: 자동차부품 | Y11: 32962679
A12: A000660 | B12: SK하이닉스 | C12: 연결 | D12: 3Q | E12: =J12*Y12/100000000 -> 91503.231 | F12: =VLOOKUP($A12,종합!$A:$T,COLUMN(종합!F11),FALSE) -> 31.142941 | G12: =VLOOKUP($A12,종합!$A:$T,COLUMN(종합!G11),FALSE) -> 3.1104659 | H12: =VLOOKUP($A12,종합!$A:$T,COLUMN(종합!H11),FALSE) -> 0.099877076 | I12: =(K12-J12)/J12 -> 3.8025306 | J12: =IF(COUNTIF(현재가!$A:$A,$B12),VLOOKUP($B12,현재가!$A:$B,2,FALSE),VLOOKUP($B12,현재가!$D:$E,2,FALSE)) -> 94000 | K12: =IFERROR(((L12+M12)*100000000)/Y12,"-") -> 451437.88 | L12: =IFERROR(T12+U12-V12-W12,"-") -> 152514.48 | M12: =O12*N12 -> 286932.6 | N12: =(1-P12)/$E$3 -> 9.2797421 | O12: 30920.32 | P12: 0.25762063 | Q12: 0.25098968 | R12: 0.25343335 | S12: 0.26851027 | T12: 105558.03 | U12: 134847.55 | V12: 46045.344 | W12: 41845.76 | X12: 반도체 및 관련장비 | Y12: 97343863
A13: A090430 | B13: 아모레퍼시픽 | C13: 연결 | D13: 3Q | E13: =J13*Y13/100000000 -> 106102.16 | F13: =VLOOKUP($A13,종합!$A:$T,COLUMN(종합!F13),FALSE) -> 16.675699 | G13: =VLOOKUP($A13,종합!$A:$T,COLUMN(종합!G13),FALSE) -> 2.786491 | H13: =VLOOKUP($A13,종합!$A:$T,COLUMN(종합!H13),FALSE) -> 0.16709891 | I13: =(K13-J13)/J13 -> -0.11669841 | J13: =IF(COUNTIF(현재가!$A:$A,$B13),VLOOKUP($B13,현재가!$A:$B,2,FALSE),VLOOKUP($B13,현재가!$D:$E,2,FALSE)) -> 181500 | K13: =IFERROR(((L13+M13)*100000000)/Y13,"-") -> 160319.24 | L13: =IFERROR(T13+U13-V13-W13,"-") -> 13552.518 | M13: =O13*N13 -> 80167.688 | N13: =(1-P13)/$E$3 -> 9.22217 | O13: 8692.9311 | P13: 0.2622264 | Q13: 0.2645397 | R13: 0.27364181 | S13: 0.24862494 | T13: 18060.302 | U13: 5099.2837 | V13: 8094.7729 | W13: 1512.2948 | X13: 개인생활용품 | Y13: 58458490
A14: A005490 | B14: POSCO | C14: 연결 | D14: 3Q | E14: =J14*Y14/100000000 -> 278997.87 | F14: =VLOOKUP($A14,종합!$A:$T,COLUMN(종합!F14),FALSE) -> 20.180326 | G14: =VLOOKUP($A14,종합!$A:$T,COLUMN(종합!G14),FALSE) -> 0.66951998 | H14: =VLOOKUP($A14,종합!$A:$T,COLUMN(종합!H14),FALSE) -> 0.033176867 | I14: =(K14-J14)/J14 -> -0.3224835 | J14: =IF(COUNTIF(현재가!$A:$A,$B14),VLOOKUP($B14,현재가!$A:$B,2,FALSE),VLOOKUP($B14,현재가!$D:$E,2,FALSE)) -> 320000 | K14: =IFERROR(((L14+M14)*100000000)/Y14,"-") -> 216805.28 | L14: =IFERROR(T14+U14-V14-W14,"-") -> 100874.55 | M14: =O14*N14 -> 88151.106 | N14: =(1-P14)/$E$3 -> 3.2490664 | O14: 27131.211 | P14: 0.74007468 | Q14: 0.3036705 | R14: 0.59608066 | S14: 1.5321008 | T14: 177528.6 | U14: 101131.21 | V14: 28737.197 | W14: 149048.05 | X14: 금속 및 광물 | Y14: 87186835
A15: A017670 | B15: SK텔레콤 | C15: 연결 | D15: 3Q | E15: =J15*Y15/100000000 -> 245870.69 | F15: =VLOOKUP($A15,종합!$A:$T,COLUMN(종합!F15),FALSE) -> 16.578126 | G15: =VLOOKUP($A15,종합!$A:$T,COLUMN(종합!G15),FALSE) -> 1.5989017 | H15: =VLOOKUP($A15,종합!$A:$T,COLUMN(종합!H15),FALSE) -> 0.096446464 | I15: =(K15-J15)/J15 -> -0.42494944 | J15: =IF(COUNTIF(현재가!$A:$A,$B15),VLOOKUP($B15,현재가!$A:$B,2,FALSE),VLOOKUP($B15,현재가!$D:$E,2,FALSE)) -> 304500 | K15: =IFERROR(((L15+M15)*100000000)/Y15,"-") -> 175102.9 | L15: =IFERROR(T15+U15-V15-W15,"-") -> -17020.712 | M15: =O15*N15 -> 158408.79 | N15: =(1-P15)/$E$3 -> 9.6848141 | O15: 16356.41 | P15: 0.22521487 | Q15: 0.21936226 | R15: 0.20166046 | S15: 0.25522695 | T15: 21824.88 | U15: 88862.14 | V15: 41524.632 | W15: 86183.1 | X15: 무선통신 | Y15: 80745711
A16: A051910 | B16: LG화학 | C16: 연결 | D16: 3Q | E16: =J16*Y16/100000000 -> 3096976 | F16: =VLOOKUP($A16,종합!$A:$T,COLUMN(종합!F17),FALSE) -> 44.112744 | G16: =VLOOKUP($A16,종합!$A:$T,COLUMN(종합!G17),FALSE) -> 3.969177 | H16: =VLOOKUP($A16,종합!$A:$T,COLUMN(종합!H17),FALSE) -> 0.089978011 | I16: =(K16-J16)/J16 -> -0.87982879 | J16: =IF(COUNTIF(현재가!$A:$A,$B16),VLOOKUP($B16,현재가!$A:$B,2,FALSE),VLOOKUP($B16,현재가!$D:$E,2,FALSE)) -> 764000 | K16: =IFERROR(((L16+M16)*100000000)/Y16,"-") -> 91810.807 | L16: =IFERROR(T16+U16-V16-W16,"-") -> 125305.75 | M16: =O16*N16 -> 246861.61 | N16: =(1-P16)/$E$3 -> 10.102097 | O16: 24436.67 | P16: 0.19183223 | Q16: 0.20948557 | R16: 0.21558042 | S16: 0.15149216 | T16: 158184.44 | U16: 139308.06 | V16: 87801.984 | W16: 84384.77 | X16: 화학 | Y16: 405363347
A17: A000270 | B17: 기아 | C17: 연결 | D17: 3Q | E17: =J17*Y17/100000000 -> 112442.56 | F17: =VLOOKUP($A17,종합!$A:$T,COLUMN(종합!F18),FALSE) -> 11.586131 | G17: =VLOOKUP($A17,종합!$A:$T,COLUMN(종합!G18),FALSE) -> 1.2977104 | H17: =VLOOKUP($A17,종합!$A:$T,COLUMN(종합!H18),FALSE) -> 0.1120055 | I17: =(K17-J17)/J17 -> 0.41674323 | J17: =IF(COUNTIF(현재가!$A:$A,$B17),VLOOKUP($B17,현재가!$A:$B,2,FALSE),VLOOKUP($B17,현재가!$D:$E,2,FALSE)) -> 81900 | K17: =IFERROR(((L17+M17)*100000000)/Y17,"-") -> 116031.27 | L17: =IFERROR(T17+U17-V17-W17,"-") -> 36648.747 | M17: =O17*N17 -> 122653.48 | N17: =(1-P17)/$E$3 -> 8.6193321 | O17: 14230.045 | P17: 0.31045343 | Q17: 0.36581096 | R17: 0.29718198 | S17: 0.27020343 | T17: 43226.226 | U17: 13782.394 | V17: 14497.779 | W17: 5862.0941 | X17: 자동차 | Y17: 137292497
A18: A033780 | B18: KT&G | C18: 연결 | D18: 3Q | E18: =J18*Y18/100000000 -> 56968.021 | F18: =VLOOKUP($A18,종합!$A:$T,COLUMN(종합!F16),FALSE) -> 11.278526 | G18: =VLOOKUP($A18,종합!$A:$T,COLUMN(종합!G16),FALSE) -> 1.672197 | H18: =VLOOKUP($A18,종합!$A:$T,COLUMN(종합!H16),FALSE) -> 0.14826379 | I18: =(K18-J18)/J18 -> 2.4191981 | J18: =IF(COUNTIF(현재가!$A:$A,$B18),VLOOKUP($B18,현재가!$A:$B,2,FALSE),VLOOKUP($B18,현재가!$D:$E,2,FALSE)) -> 80700 | K18: =IFERROR(((L18+M18)*100000000)/Y18,"-") -> 275929.29 | L18: =IFERROR(T18+U18-V18-W18,"-") -> 16620.25 | M18: =O18*N18 -> 178164.7 | N18: =(1-P18)/$E$3 -> 9.4657587 | O18: 18822.02 | P18: 0.24273931 | Q18: 0.2065096 | R18: 0.26368332 | S18: 0.25884155 | T18: 59278.52 | U18: 7211.23 | V18: 41534.76 | W18: 8334.74 | X18: 담배 | Y18: 70592343
A19: A034730 | B19: SK | C19: 연결 | D19: 3Q | E19: =J19*Y19/100000000 -> 180825.96 | F19: =VLOOKUP($A19,종합!$A:$T,COLUMN(종합!F19),FALSE) -> 18.660166 | G19: =VLOOKUP($A19,종합!$A:$T,COLUMN(종합!G19),FALSE) -> 1.3998689 | H19: =VLOOKUP($A19,종합!$A:$T,COLUMN(종합!H19),FALSE) -> 0.075019102 | I19: =(K19-J19)/J19 -> 1.8343913 | J19: =IF(COUNTIF(현재가!$A:$A,$B19),VLOOKUP($B19,현재가!$A:$B,2,FALSE),VLOOKUP($B19,현재가!$D:$E,2,FALSE)) -> 257000 | K19: =IFERROR(((L19+M19)*100000000)/Y19,"-") -> 728438.57 | L19: =IFERROR(T19+U19-V19-W19,"-") -> 32202.5 | M19: =O19*N19 -> 480329.04 | N19: =(1-P19)/$E$3 -> 9.8435546 | O19: 48796.3 | P19: 0.21251563 | Q19: 0.24850456 | R19: 0.30634335 | S19: 0.092985917 | T19: 195725.34 | U19: 174186.46 | V19: 13936.98 | W19: 323772.32 | X19: 석유 및 가스 | Y19: 70360297
A20: A051900 | B20: LG생활건강 | C20: 연결 | D20: 3Q | E20: =J20*Y20/100000000 -> 216155.85 | F20: =VLOOKUP($A20,종합!$A:$T,COLUMN(종합!F20),FALSE) -> 36.330368 | G20: =VLOOKUP($A20,종합!$A:$T,COLUMN(종합!G20),FALSE) -> 8.6847275 | H20: =VLOOKUP($A20,종합!$A:$T,COLUMN(종합!H20),FALSE) -> 0.23904871 | I20: =(K20-J20)/J20 -> -0.65783398 | J20: =IF(COUNTIF(현재가!$A:$A,$B20),VLOOKUP($B20,현재가!$A:$B,2,FALSE),VLOOKUP($B20,현재가!$D:$E,2,FALSE)) -> 1384000 | K20: =IFERROR(((L20+M20)*100000000)/Y20,"-") -> 473557.78 | L20: =IFERROR(T20+U20-V20-W20,"-") -> -5437.3814 | M20: =O20*N20 -> 79398.568 | N20: =(1-P20)/$E$3 -> 9.3356739 | O20: 8504.8567 | P20: 0.25314609 | Q20: 0.22769526 | R20: 0.26164909 | S20: 0.27050376 | T20: 8951.5703 | U20: 1882.226 | V20: 8549.83 | W20: 7721.3476 | X20: 가정생활용품 | Y20: 15618197
A21: A096770 | B21: SK이노베이션 | C21: 연결 | D21: 3Q | E21: =J21*Y21/100000000 -> 229314.6 | F21: =VLOOKUP($A21,종합!$A:$T,COLUMN(종합!F21),FALSE) -> 17.298867 | G21: =VLOOKUP($A21,종합!$A:$T,COLUMN(종합!G21),FALSE) -> 1.3697576 | H21: =VLOOKUP($A21,종합!$A:$T,COLUMN(종합!H21),FALSE) -> 0.079181929 | I21: =(K21-J21)/J21 -> 0.42858889 | J21: =IF(COUNTIF(현재가!$A:$A,$B21),VLOOKUP($B21,현재가!$A:$B,2,FALSE),VLOOKUP($B21,현재가!$D:$E,2,FALSE)) -> 248000 | K21: =IFERROR(((L21+M21)*100000000)/Y21,"-") -> 354290.05 | L21: =IFERROR(T21+U21-V21-W21,"-") -> 69432.499 | M21: =O21*N21 -> 258163.79 | N21: =(1-P21)/$E$3 -> 9.72378 | O21: 26549.736 | P21: 0.2220976 | Q21: 0.29593318 | R21: 0.0082268604 | S21: 0.39693693 | T21: 105480.28 | U21: 27624.698 | V21: 2559.6773 | W21: 61112.804 | X21: 석유 및 가스 | Y21: 92465564
A22: A018260 | B22: 삼성에스디에스 | C22: 연결 | D22: 3Q | E22: =J22*Y22/100000000 -> 132345.38 | F22: =VLOOKUP($A22,종합!$A:$T,COLUMN(종합!F24),FALSE) -> 25.982276 | G22: =VLOOKUP($A22,종합!$A:$T,COLUMN(종합!G24),FALSE) -> 2.5684343 | H22: =VLOOKUP($A22,종합!$A:$T,COLUMN(종합!H24),FALSE) -> 0.098853325 | I22: =(K22-J22)/J22 -> -0.0048174144 | J22: =IF(COUNTIF(현재가!$A:$A,$B22),VLOOKUP($B22,현재가!$A:$B,2,FALSE),VLOOKUP($B22,현재가!$D:$E,2,FALSE)) -> 160500 | K22: =IFERROR(((L22+M22)*100000000)/Y22,"-") -> 159726.8 | L22: =IFERROR(T22+U22-V22-W22,"-") -> 30120.568 | M22: =O22*N22 -> 101587.25 | N22: =(1-P22)/$E$3 -> 9.1565495 | O22: 11094.49 | P22: 0.26747604 | Q22: 0.26330951 | R22: 0.2704055 | S22: 0.26872398 | T22: 26065.377 | U22: 6549.1603 | V22: 69.48006 | W22: 2424.4899 | X22: IT 서비스 | Y22: 82458180
A23: A068270 | B23: 셀트리온 | C23: 연결 | D23: 3Q | E23: =J23*Y23/100000000 -> 173326.27 | F23: =VLOOKUP($A23,종합!$A:$T,COLUMN(종합!F22),FALSE) -> 147.81101 | G23: =VLOOKUP($A23,종합!$A:$T,COLUMN(종합!G22),FALSE) -> 13.191926 | H23: =VLOOKUP($A23,종합!$A:$T,COLUMN(종합!H22),FALSE) -> 0.089248604 | I23: =(K23-J23)/J23 -> -0.59555717 | J23: =IF(COUNTIF(현재가!$A:$A,$B23),VLOOKUP($B23,현재가!$A:$B,2,FALSE),VLOOKUP($B23,현재가!$D:$E,2,FALSE)) -> 224000 | K23: =IFERROR(((L23+M23)*100000000)/Y23,"-") -> 90595.194 | L23: =IFERROR(T23+U23-V23-W23,"-") -> 15319.976 | M23: =O23*N23 -> 54780.592 | N23: =(1-P23)/$E$3 -> 8.5942446 | O23: 6374.102 | P23: 0.31246043 | Q23: 0.34408658 | R23: 0.31798699 | S23: 0.27620454 | T23: 24643.791 | U23: 1472.3674 | V23: 8211.2174 | W23: 2584.9656 | X23: 바이오 | Y23: 77377800
A24: A002790 | B24: 아모레G | C24: 연결 | D24: 3Q | E24: =J24*Y24/100000000 -> 58007.668 | F24: =VLOOKUP($A24,종합!$A:$T,COLUMN(종합!F23),FALSE) -> 11.740652 | G24: =VLOOKUP($A24,종합!$A:$T,COLUMN(종합!G23),FALSE) -> 1.463395 | H24: =VLOOKUP($A24,종합!$A:$T,COLUMN(종합!H23),FALSE) -> 0.12464342 | I24: =(K24-J24)/J24 -> -0.60544807 | J24: =IF(COUNTIF(현재가!$A:$A,$B24),VLOOKUP($B24,현재가!$A:$B,2,FALSE),VLOOKUP($B24,현재가!$D:$E,2,FALSE)) -> 49750 | K24: =IFERROR(((L24+M24)*100000000)/Y24,"-") -> 19628.958 | L24: =IFERROR(T24+U24-V24-W24,"-") -> -3837.2529 | M24: =O24*N24 -> 26724.29 | N24: =(1-P24)/$E$3 -> 11.047959 | O24: 2418.9345 | P24: 0.11616326 | Q24: 0.11420755 | R24: 0.21212072 | S24: 0.029606323 | T24: 4116.9897 | U24: 493.12764 | V24: 6588.678 | W24: 1858.6923 | X24: 개인생활용품 | Y24: 116598327
A25: A003550 | B25: LG | C25: 연결 | D25: 3Q | E25: =J25*Y25/100000000 -> 69844 | F25: =VLOOKUP($A25,종합!$A:$T,COLUMN(종합!F27),FALSE) -> 14.780226 | G25: =VLOOKUP($A25,종합!$A:$T,COLUMN(종합!G27),FALSE) -> 1.1768438 | H25: =VLOOKUP($A25,종합!$A:$T,COLUMN(종합!H27),FALSE) -> 0.079622852 | I25: =(K25-J25)/J25 -> -0.19736213 | J25: =IF(COUNTIF(현재가!$A:$A,$B25),VLOOKUP($B25,현재가!$A:$B,2,FALSE),VLOOKUP($B25,현재가!$D:$E,2,FALSE)) -> 91900 | K25: =IFERROR(((L25+M25)*100000000)/Y25,"-") -> 73762.42 | L25: =IFERROR(T25+U25-V25-W25,"-") -> -39910.566 | M25: =O25*N25 -> 95970.006 | N25: =(1-P25)/$E$3 -> 10.374526 | O25: 9250.5436 | P25: 0.17003792 | Q25: -0.013930346 | R25: 0.28952249 | S25: 0.25968888 | T25: 153467.39 | U25: 22331.392 | V25: 126223.87 | W25: 89485.475 | X25: 복합 산업 | Y25: 76000000
A26: A034220 | B26: LG디스플레이 | C26: 연결 | D26: 3Q | E26: =J26*Y26/100000000 -> 64049.01 | F26: =VLOOKUP($A26,종합!$A:$T,COLUMN(종합!F26),FALSE) -> 68.987851 | G26: =VLOOKUP($A26,종합!$A:$T,COLUMN(종합!G26),FALSE) -> 0.54086842 | H26: =VLOOKUP($A26,종합!$A:$T,COLUMN(종합!H26),FALSE) -> 0.0078400532 | I26: =(K26-J26)/J26 -> -1.093509 | J26: =IF(COUNTIF(현재가!$A:$A,$B26),VLOOKUP($B26,현재가!$A:$B,2,FALSE),VLOOKUP($B26,현재가!$D:$E,2,FALSE)) -> 17900 | K26: =IFERROR(((L26+M26)*100000000)/Y26,"-") -> -1673.8117 | L26: =IFERROR(T26+U26-V26-W26,"-") -> -44356.876 | M26: =O26*N26 -> 38367.715 | N26: =(1-P26)/$E$3 -> 8.203576 | O26: 4676.95 | P26: 0.34371392 | Q26: 0.49539868 | R26: 0.26132386 | S26: 0.28628393 | T26: 55768.02 | U26: 15138.34 | V26: 73330.596 | W26: 41932.64 | X26: 디스플레이 및 관련부품 | Y26: 357815700
A27: A009540 | B27: 현대중공업 | C27: 연결 | D27: 3Q | E27: =J27*Y27/100000000 -> 180322.2 | F27: =VLOOKUP($A27,종합!$A:$T,COLUMN(종합!F25),FALSE) -> 18.628854 | G27: =VLOOKUP($A27,종합!$A:$T,COLUMN(종합!G25),FALSE) -> 0.49191463 | H27: =VLOOKUP($A27,종합!$A:$T,COLUMN(종합!H25),FALSE) -> 0.026406059 | I27: =(K27-J27)/J27 -> 0.44420085 | J27: =IF(COUNTIF(현재가!$A:$A,$B27),VLOOKUP($B27,현재가!$A:$B,2,FALSE),VLOOKUP($B27,현재가!$D:$E,2,FALSE)) -> 104500 | K27: =IFERROR(((L27+M27)*100000000)/Y27,"-") -> 150918.99 | L27: =IFERROR(T27+U27-V27-W27,"-") -> 118207.18 | M27: =O27*N27 -> 142214.3 | N27: =(1-P27)/$E$3 -> 10.962583 | O27: 12972.7 | P27: 0.12299336 | Q27: 0.11375227 | R27: 0.13294968 | S27: 0.12236041 | T27: 15602.29 | U27: 119565.46 | V27: 1583.304 | W27: 15377.27 | X27: 조선 | Y27: 172557131
A28: A011170 | B28: 롯데케미칼 | C28: 연결 | D28: 3Q | E28: =J28*Y28/100000000 -> 81746.874 | F28: =VLOOKUP($A28,종합!$A:$T,COLUMN(종합!F28),FALSE) -> 5.7237365 | G28: =VLOOKUP($A28,종합!$A:$T,COLUMN(종합!G28),FALSE) -> 0.96273302 | H28: =VLOOKUP($A28,종합!$A:$T,COLUMN(종합!H28),FALSE) -> 0.16820009 | I28: =(K28-J28)/J28 -> 1.2399588 | J28: =IF(COUNTIF(현재가!$A:$A,$B28),VLOOKUP($B28,현재가!$A:$B,2,FALSE),VLOOKUP($B28,현재가!$D:$E,2,FALSE)) -> 238500 | K28: =IFERROR(((L28+M28)*100000000)/Y28,"-") -> 534230.17 | L28: =IFERROR(T28+U28-V28-W28,"-") -> 7385.0128 | M28: =O28*N28 -> 175724.62 | N28: =(1-P28)/$E$3 -> 8.29064 | O28: 21195.543 | P28: 0.3367488 | Q28: 0.2369706 | R28: 0.48196075 | S28: 0.30302674 | T28: 35719.297 | U28: 24472.218 | V28: 23978.85 | W28: 28827.653 | X28: 화학 | Y28: 34275419
A29: A010130 | B29: 고려아연 | C29: 연결 | D29: 3Q | E29: =J29*Y29/100000000 -> 597814.63 | F29: =VLOOKUP($A29,종합!$A:$T,COLUMN(종합!F33),FALSE) -> 19.662155 | G29: =VLOOKUP($A29,종합!$A:$T,COLUMN(종합!G33),FALSE) -> 1.893131 | H29: =VLOOKUP($A29,종합!$A:$T,COLUMN(종합!H33),FALSE) -> 0.09628299 | I29: =(K29-J29)/J29 -> -0.82942063 | J29: =IF(COUNTIF(현재가!$A:$A,$B29),VLOOKUP($B29,현재가!$A:$B,2,FALSE),VLOOKUP($B29,현재가!$D:$E,2,FALSE)) -> 531000 | K29: =IFERROR(((L29+M29)*100000000)/Y29,"-") -> 90577.647 | L29: =IFERROR(T29+U29-V29-W29,"-") -> -12171.964 | M29: =O29*N29 -> 114146.81 | N29: =(1-P29)/$E$3 -> 9.4649094 | O29: 12060 | P29: 0.24280725 | Q29: 0.25202141 | R29: 0.25342643 | S29: 0.22320916 | T29: 65236.81 | U29: 2161.16 | V29: 54036.924 | W29: 25533.01 | X29: 금속 및 광물 | Y29: 112582792
A30: A035250 | B30: 강원랜드 | C30: 연결 | D30: 3Q | E30: =J30*Y30/100000000 -> 5340.21 | F30: =VLOOKUP($A30,종합!$A:$T,COLUMN(종합!F29),FALSE) -> 12.514295 | G30: =VLOOKUP($A30,종합!$A:$T,COLUMN(종합!G29),FALSE) -> 1.8936224 | H30: =VLOOKUP($A30,종합!$A:$T,COLUMN(종합!H29),FALSE) -> 0.15131674 | I30: =(K30-J30)/J30 -> 15.536145 | J30: =IF(COUNTIF(현재가!$A:$A,$B30),VLOOKUP($B30,현재가!$A:$B,2,FALSE),VLOOKUP($B30,현재가!$D:$E,2,FALSE)) -> 28300 | K30: =IFERROR(((L30+M30)*100000000)/Y30,"-") -> 467972.9 | L30: =IFERROR(T30+U30-V30-W30,"-") -> 26628.293 | M30: =O30*N30 -> 61678.193 | N30: =(1-P30)/$E$3 -> 9.3759768 | O30: 6578.3219 | P30: 0.24992186 | Q30: 0.2398981 | R30: 0.26083336 | S30: 0.24912213 | T30: 29537.732 | U30: 4981.2511 | V30: 4922.9022 | W30: 2967.7876 | X30: 호텔 및 레저 | Y30: 18870000
A31: A066570 | B31: LG전자 | C31: 연결 | D31: 3Q | E31: =J31*Y31/100000000 -> 313334.17 | F31: =VLOOKUP($A31,종합!$A:$T,COLUMN(종합!F32),FALSE) -> 78.24891 | G31: =VLOOKUP($A31,종합!$A:$T,COLUMN(종합!G32),FALSE) -> 1.7332171 | H31: =VLOOKUP($A31,종합!$A:$T,COLUMN(종합!H32),FALSE) -> 0.022150048 | I31: =(K31-J31)/J31 -> 1.4197731 | J31: =IF(COUNTIF(현재가!$A:$A,$B31),VLOOKUP($B31,현재가!$A:$B,2,FALSE),VLOOKUP($B31,현재가!$D:$E,2,FALSE)) -> 120000 | K31: =IFERROR(((L31+M31)*100000000)/Y31,"-") -> 290372.77 | L31: =IFERROR(T31+U31-V31-W31,"-") -> -69195.96 | M31: =O31*N31 -> 827393.55 | N31: =(1-P31)/$E$3 -> 55.871296 | O31: 14808.92 | P31: -3.4697036 | Q31: -10.45892 | R31: 0.20773049 | S31: 0.31863001 | T31: 49195.41 | U31: 35116.85 | V31: 71544.96 | W31: 81963.26 | X31: 내구소비재 | Y31: 261111808
A32: A030200 | B32: KT | C32: 연결 | D32: 3Q | E32: =J32*Y32/100000000 -> 51303.59 | F32: =VLOOKUP($A32,종합!$A:$T,COLUMN(종합!F31),FALSE) -> 16.320562 | G32: =VLOOKUP($A32,종합!$A:$T,COLUMN(종합!G31),FALSE) -> 0.72186919 | H32: =VLOOKUP($A32,종합!$A:$T,COLUMN(종합!H31),FALSE) -> 0.044230659 | I32: =(K32-J32)/J32 -> 0.27768478 | J32: =IF(COUNTIF(현재가!$A:$A,$B32),VLOOKUP($B32,현재가!$A:$B,2,FALSE),VLOOKUP($B32,현재가!$D:$E,2,FALSE)) -> 31350 | K32: =IFERROR(((L32+M32)*100000000)/Y32,"-") -> 40055.418 | L32: =IFERROR(T32+U32-V32-W32,"-") -> -33494.136 | M32: =O32*N32 -> 99043.952 | N32: =(1-P32)/$E$3 -> 5.7516913 | O32: 17219.97 | P32: 0.5398647 | Q32: 0.60804961 | R32: 0.44305532 | S32: 0.57349463 | T32: 102231.35 | U32: 78783.64 | V32: 121053.58 | W32: 93455.55 | X32: 무선통신 | Y32: 163647814
A33: A010950 | B33: S-Oil | C33: 연결 | D33: 3Q | E33: =J33*Y33/100000000 -> 226776.93 | F33: =VLOOKUP($A33,종합!$A:$T,COLUMN(종합!F30),FALSE) -> 11.009313 | G33: =VLOOKUP($A33,종합!$A:$T,COLUMN(종합!G30),FALSE) -> 1.91587 | H33: =VLOOKUP($A33,종합!$A:$T,COLUMN(종합!H30),FALSE) -> 0.17402267 | I33: =(K33-J33)/J33 -> -0.67034408 | J33: =IF(COUNTIF(현재가!$A:$A,$B33),VLOOKUP($B33,현재가!$A:$B,2,FALSE),VLOOKUP($B33,현재가!$D:$E,2,FALSE)) -> 106000 | K33: =IFERROR(((L33+M33)*100000000)/Y33,"-") -> 34943.528 | L33: =IFERROR(T33+U33-V33-W33,"-") -> 17304.771 | M33: =O33*N33 -> 57453.588 | N33: =(1-P33)/$E$3 -> 9.2670475 | O33: 6199.7727 | P33: 0.2586362 | Q33: 0.24432092 | R33: 0.2754119 | S33: 0.25637067 | T33: 16624.195 | U33: 7458.9533 | V33: 6487.613 | W33: 290.76483 | X33: 석유 및 가스 | Y33: 213940500
A34: A008930 | B34: 한미사이언스 | C34: 연결 | D34: 3Q | E34: =J34*Y34/100000000 -> 18327.699 | F34: =VLOOKUP($A34,종합!$A:$T,COLUMN(종합!F42),FALSE) -> 18.307289 | G34: =VLOOKUP($A34,종합!$A:$T,COLUMN(종합!G42),FALSE) -> 5.0687464 | H34: =VLOOKUP($A34,종합!$A:$T,COLUMN(종합!H42),FALSE) -> 0.27687039 | I34: =(K34-J34)/J34 -> 18.750437 | J34: =IF(COUNTIF(현재가!$A:$A,$B34),VLOOKUP($B34,현재가!$A:$B,2,FALSE),VLOOKUP($B34,현재가!$D:$E,2,FALSE)) -> 58200 | K34: =IFERROR(((L34+M34)*100000000)/Y34,"-") -> 1149475.5 | L34: =IFERROR(T34+U34-V34-W34,"-") -> 23290.498 | M34: =O34*N34 -> 338689.58 | N34: =(1-P34)/$E$3 -> 45.541184 | O34: 7436.9954 | P34: -2.6432947 | Q34: 0.33204948 | R34: 0.4288253 | S34: -3.3315615 | T34: 152607.57 | U34: 53890.041 | V34: 71362.683 | W34: 111844.43 | X34: 제약 | Y34: 31490892
A35: A006400 | B35: 삼성SDI | C35: 연결 | D35: 3Q | E35: =J35*Y35/100000000 -> 523970.32 | F35: =VLOOKUP($A35,종합!$A:$T,COLUMN(종합!F37),FALSE) -> 4552.9272 | G35: =VLOOKUP($A35,종합!$A:$T,COLUMN(종합!G37),FALSE) -> 4.3364423 | H35: =VLOOKUP($A35,종합!$A:$T,COLUMN(종합!H37),FALSE) -> 0.00095245147 | I35: =(K35-J35)/J35 -> -0.93357378 | J35: =IF(COUNTIF(현재가!$A:$A,$B35),VLOOKUP($B35,현재가!$A:$B,2,FALSE),VLOOKUP($B35,현재가!$D:$E,2,FALSE)) -> 686000 | K35: =IFERROR(((L35+M35)*100000000)/Y35,"-") -> 45568.388 | L35: =IFERROR(T35+U35-V35-W35,"-") -> -55.58231 | M35: =O35*N35 -> 34860.95 | N35: =(1-P35)/$E$3 -> 9.3965011 | O35: 3709.9927 | P35: 0.24827991 | Q35: 0.25085109 | R35: 0.24899691 | S35: 0.24499889 | T35: 4501.7572 | U35: 3503.1143 | V35: 7396.7928 | W35: 663.66106 | X35: 전자 장비 및 기기 | Y35: 76380513
A36: A047810 | B36: 한국항공우주 | C36: 연결 | D36: 3Q | E36: =J36*Y36/100000000 -> 39082.584 | F36: =VLOOKUP($A36,종합!$A:$T,COLUMN(종합!F40),FALSE) -> 13.141854 | G36: =VLOOKUP($A36,종합!$A:$T,COLUMN(종합!G40),FALSE) -> 2.3239213 | H36: =VLOOKUP($A36,종합!$A:$T,COLUMN(종합!H40),FALSE) -> 0.1768336 | I36: =(K36-J36)/J36 -> 1.8456294 | J36: =IF(COUNTIF(현재가!$A:$A,$B36),VLOOKUP($B36,현재가!$A:$B,2,FALSE),VLOOKUP($B36,현재가!$D:$E,2,FALSE)) -> 31550 | K36: =IFERROR(((L36+M36)*100000000)/Y36,"-") -> 89779.606 | L36: =IFERROR(T36+U36-V36-W36,"-") -> 6752.21 | M36: =O36*N36 -> 104462.34 | N36: =(1-P36)/$E$3 -> 9.4692227 | O36: 11031.776 | P36: 0.24246219 | Q36: 0.25730007 | R36: 0.2525979 | S36: 0.21786437 | T36: 23005.815 | U36: 14888.061 | V36: 17943.875 | W36: 13197.792 | X36: 상업서비스 | Y36: 123875069
A37: A021240 | B37: 코웨이 | C37: 연결 | D37: 3Q | E37: =J37*Y37/100000000 -> 72034.104 | F37: =VLOOKUP($A37,종합!$A:$T,COLUMN(종합!F36),FALSE) -> 22.022933 | G37: =VLOOKUP($A37,종합!$A:$T,COLUMN(종합!G36),FALSE) -> 4.7030701 | H37: =VLOOKUP($A37,종합!$A:$T,COLUMN(종합!H36),FALSE) -> 0.21355331 | I37: =(K37-J37)/J37 -> -0.62855949 | J37: =IF(COUNTIF(현재가!$A:$A,$B37),VLOOKUP($B37,현재가!$A:$B,2,FALSE),VLOOKUP($B37,현재가!$D:$E,2,FALSE)) -> 73900 | K37: =IFERROR(((L37+M37)*100000000)/Y37,"-") -> 27449.454 | L37: =IFERROR(T37+U37-V37-W37,"-") -> -9489.4388 | M37: =O37*N37 -> 36245.823 | N37: =(1-P37)/$E$3 -> 10.571739 | O37: 3428.5582 | P37: 0.15426086 | Q37: 0.0200716 | R37: 0.21034987 | S37: 0.24557628 | T37: 7148.3964 | U37: 1882.8528 | V37: 12074.458 | W37: 6446.2302 | X37: 내구소비재 | Y37: 97475107
A38: A004020 | B38: 현대제철 | C38: 연결 | D38: 3Q | E38: =J38*Y38/100000000 -> 60784.555 | F38: =VLOOKUP($A38,종합!$A:$T,COLUMN(종합!F38),FALSE) -> 6.2730464 | G38: =VLOOKUP($A38,종합!$A:$T,COLUMN(종합!G38),FALSE) -> 0.38196793 | H38: =VLOOKUP($A38,종합!$A:$T,COLUMN(종합!H38),FALSE) -> 0.060890339 | I38: =(K38-J38)/J38 -> -0.18920625 | J38: =IF(COUNTIF(현재가!$A:$A,$B38),VLOOKUP($B38,현재가!$A:$B,2,FALSE),VLOOKUP($B38,현재가!$D:$E,2,FALSE)) -> 45550 | K38: =IFERROR(((L38+M38)*100000000)/Y38,"-") -> 36931.655 | L38: =IFERROR(T38+U38-V38-W38,"-") -> -93937.217 | M38: =O38*N38 -> 143220.95 | N38: =(1-P38)/$E$3 -> 10.101555 | O38: 14178.109 | P38: 0.19187558 | Q38: 0.093268044 | R38: 0.28801403 | S38: 0.20239046 | T38: 42849.417 | U38: 21796.963 | V38: 66327.309 | W38: 92256.287 | X38: 금속 및 광물 | Y38: 133445785
A39: A128940 | B39: 한미약품 | C39: 연결 | D39: 3Q | E39: =J39*Y39/100000000 -> 97687.5 | F39: =VLOOKUP($A39,종합!$A:$T,COLUMN(종합!F41),FALSE) -> 12.345322 | G39: =VLOOKUP($A39,종합!$A:$T,COLUMN(종합!G41),FALSE) -> 3.9159601 | H39: =VLOOKUP($A39,종합!$A:$T,COLUMN(종합!H41),FALSE) -> 0.31720193 | I39: =(K39-J39)/J39 -> -0.48397699 | J39: =IF(COUNTIF(현재가!$A:$A,$B39),VLOOKUP($B39,현재가!$A:$B,2,FALSE),VLOOKUP($B39,현재가!$D:$E,2,FALSE)) -> 260500 | K39: =IFERROR(((L39+M39)*100000000)/Y39,"-") -> 134423.99 | L39: =IFERROR(T39+U39-V39-W39,"-") -> -15258.337 | M39: =O39*N39 -> 65667.335 | N39: =(1-P39)/$E$3 -> 8.6562556 | O39: 7586.1132 | P39: 0.30749955 | Q39: 0.31478578 | R39: 0.24623714 | S39: 0.36417147 | T39: 19926.883 | U39: 8216.0292 | V39: 26089.641 | W39: 17311.608 | X39: 제약 | Y39: 37500000
A40: A161390 | B40: 한국타이어앤테크놀로지 | C40: 연결 | D40: 3Q | E40: =J40*Y40/100000000 -> 29396.837 | F40: =VLOOKUP($A40,종합!$A:$T,COLUMN(종합!F35),FALSE) -> 6.1901688 | G40: =VLOOKUP($A40,종합!$A:$T,COLUMN(종합!G35),FALSE) -> 0.94918298 | H40: =VLOOKUP($A40,종합!$A:$T,COLUMN(종합!H35),FALSE) -> 0.15333717 | I40: =(K40-J40)/J40 -> -1.1901015 | J40: =IF(COUNTIF(현재가!$A:$A,$B40),VLOOKUP($B40,현재가!$A:$B,2,FALSE),VLOOKUP($B40,현재가!$D:$E,2,FALSE)) -> 42750 | K40: =IFERROR(((L40+M40)*100000000)/Y40,"-") -> -8126.8396 | L40: =IFERROR(T40+U40-V40-W40,"-") -> 67279.196 | M40: =O40*N40 -> -72867.579 | N40: =(1-P40)/$E$3 -> 9.2462458 | O40: -7880.7746 | P40: 0.26030034 | Q40: 0.20553162 | R40: 0.23699575 | S40: 0.3423796 | T40: 35027.631 | U40: 73903.263 | V40: 23466.048 | W40: 18185.65 | X40: 자동차부품 | Y40: 68764530
A41: A086280 | B41: 현대글로비스 | C41: 연결 | D41: 3Q | E41: =J41*Y41/100000000 -> 37717.918 | F41: =VLOOKUP($A41,종합!$A:$T,COLUMN(종합!F46),FALSE) -> 10.262465 | G41: =VLOOKUP($A41,종합!$A:$T,COLUMN(종합!G46),FALSE) -> 1.8745617 | H41: =VLOOKUP($A41,종합!$A:$T,COLUMN(종합!H46),FALSE) -> 0.18266193 | I41: =(K41-J41)/J41 -> 0.12267622 | J41: =IF(COUNTIF(현재가!$A:$A,$B41),VLOOKUP($B41,현재가!$A:$B,2,FALSE),VLOOKUP($B41,현재가!$D:$E,2,FALSE)) -> 172000 | K41: =IFERROR(((L41+M41)*100000000)/Y41,"-") -> 193100.31 | L41: =IFERROR(T41+U41-V41-W41,"-") -> 14445.649 | M41: =O41*N41 -> 27899.36 | N41: =(1-P41)/$E$3 -> 9.2393933 | O41: 3019.6096 | P41: 0.26084854 | Q41: 0.26605307 | R41: 0.21276073 | S41: 0.30545444 | T41: 9370.583 | U41: 9203.9117 | V41: 1602.0439 | W41: 2526.8018 | X41: 육상운수 | Y41: 21929022
A42: A023530 | B42: 롯데쇼핑 | C42: 연결 | D42: 3Q | E42: =J42*Y42/100000000 -> 547145 | F42: =VLOOKUP($A42,종합!$A:$T,COLUMN(종합!F43),FALSE) -> -8.3831114 | G42: =VLOOKUP($A42,종합!$A:$T,COLUMN(종합!G43),FALSE) -> 0.19857322 | H42: =VLOOKUP($A42,종합!$A:$T,COLUMN(종합!H43),FALSE) -> -0.023687294 | I42: =(K42-J42)/J42 -> -0.92294616 | J42: =IF(COUNTIF(현재가!$A:$A,$B42),VLOOKUP($B42,현재가!$A:$B,2,FALSE),VLOOKUP($B42,현재가!$D:$E,2,FALSE)) -> 102500 | K42: =IFERROR(((L42+M42)*100000000)/Y42,"-") -> 7898.0185 | L42: =IFERROR(T42+U42-V42-W42,"-") -> 1662.2905 | M42: =O42*N42 -> 40497.332 | N42: =(1-P42)/$E$3 -> 9.4813953 | O42: 4271.2418 | P42: 0.24148838 | Q42: 0.21323408 | R42: 0.21699133 | S42: 0.2959728 | T42: 10913.881 | U42: 1953.9746 | V42: 5771.6757 | W42: 5433.8897 | X42: 백화점 | Y42: 533800000
A43: A018880 | B43: 한온시스템 | C43: 연결 | D43: 3Q | E43: =J43*Y43/100000000 -> 8801.8367 | F43: =VLOOKUP($A43,종합!$A:$T,COLUMN(종합!F34),FALSE) -> 30.181328 | G43: =VLOOKUP($A43,종합!$A:$T,COLUMN(종합!G34),FALSE) -> 4.5361136 | H43: =VLOOKUP($A43,종합!$A:$T,COLUMN(종합!H34),FALSE) -> 0.15029536 | I43: =(K43-J43)/J43 -> 1.6545759 | J43: =IF(COUNTIF(현재가!$A:$A,$B43),VLOOKUP($B43,현재가!$A:$B,2,FALSE),VLOOKUP($B43,현재가!$D:$E,2,FALSE)) -> 15100 | K43: =IFERROR(((L43+M43)*100000000)/Y43,"-") -> 40084.096 | L43: =IFERROR(T43+U43-V43-W43,"-") -> 7099.1341 | M43: =O43*N43 -> 16266.01 | N43: =(1-P43)/$E$3 -> 12.048642 | O43: 1350.0285 | P43: 0.03610866 | Q43: 0.081495154 | R43: -0.17112022 | S43: 0.2407943 | T43: 1973.3436 | U43: 6081.8911 | V43: 811.88627 | W43: 144.21428 | X43: 자동차부품 | Y43: 58290309
A44: A035720 | B44: 카카오 | C44: 연결 | D44: 3Q | E44: =J44*Y44/100000000 -> 79448.465 | F44: =VLOOKUP($A44,종합!$A:$T,COLUMN(종합!F44),FALSE) -> 175.64049 | G44: =VLOOKUP($A44,종합!$A:$T,COLUMN(종합!G44),FALSE) -> 2.3900799 | H44: =VLOOKUP($A44,종합!$A:$T,COLUMN(종합!H44),FALSE) -> 0.013607796 | I44: =(K44-J44)/J44 -> -0.93079071 | J44: =IF(COUNTIF(현재가!$A:$A,$B44),VLOOKUP($B44,현재가!$A:$B,2,FALSE),VLOOKUP($B44,현재가!$D:$E,2,FALSE)) -> 117500 | K44: =IFERROR(((L44+M44)*100000000)/Y44,"-") -> 8132.0919 | L44: =IFERROR(T44+U44-V44-W44,"-") -> -5359.5292 | M44: =O44*N44 -> 10858.101 | N44: =(1-P44)/$E$3 -> 11.01413 | O44: 985.83374 | P44: 0.11886958 | Q44: -0.017196901 | R44: 0.11258489 | S44: 0.2809693 | T44: 8516.0806 | U44: 2294.1938 | V44: 6274.9173 | W44: 9894.8862 | X44: 인터넷 서비스 | Y44: 67615715
A45: A001040 | B45: CJ | C45: 연결 | D45: 3Q | E45: =J45*Y45/100000000 -> 28360.042 | F45: =VLOOKUP($A45,종합!$A:$T,COLUMN(종합!F45),FALSE) -> 11.269121 | G45: =VLOOKUP($A45,종합!$A:$T,COLUMN(종합!G45),FALSE) -> 0.75972978 | H45: =VLOOKUP($A45,종합!$A:$T,COLUMN(종합!H45),FALSE) -> 0.06741695 | I45: =(K45-J45)/J45 -> 3.0276636 | J45: =IF(COUNTIF(현재가!$A:$A,$B45),VLOOKUP($B45,현재가!$A:$B,2,FALSE),VLOOKUP($B45,현재가!$D:$E,2,FALSE)) -> 97200 | K45: =IFERROR(((L45+M45)*100000000)/Y45,"-") -> 391488.9 | L45: =IFERROR(T45+U45-V45-W45,"-") -> -4.494748 | M45: =O45*N45 -> 114229.2 | N45: =(1-P45)/$E$3 -> 8.9200879 | O45: 12805.838 | P45: 0.28639297 | Q45: 0.25022014 | R45: 0.3620711 | S45: 0.25007106 | T45: 44354.025 | U45: 30543.34 | V45: 1973.4152 | W45: 72928.444 | X45: 식료품 | Y45: 29176998
A46: A036570 | B46: 엔씨소프트 | C46: 연결 | D46: 3Q | E46: =J46*Y46/100000000 -> 2523613.7 | F46: =VLOOKUP($A46,종합!$A:$T,COLUMN(종합!F50),FALSE) -> 51.209592 | G46: =VLOOKUP($A46,종합!$A:$T,COLUMN(종합!G50),FALSE) -> 7.2357156 | H46: =VLOOKUP($A46,종합!$A:$T,COLUMN(종합!H50),FALSE) -> 0.1412961 | I46: =(K46-J46)/J46 -> -0.99704732 | J46: =IF(COUNTIF(현재가!$A:$A,$B46),VLOOKUP($B46,현재가!$A:$B,2,FALSE),VLOOKUP($B46,현재가!$D:$E,2,FALSE)) -> 578000 | K46: =IFERROR(((L46+M46)*100000000)/Y46,"-") -> 1706.6463 | L46: =IFERROR(T46+U46-V46-W46,"-") -> -57414.376 | M46: =O46*N46 -> 64865.787 | N46: =(1-P46)/$E$3 -> 9.6068429 | O46: 6752.04 | P46: 0.23145257 | Q46: 0.16289944 | R46: 0.28862752 | S46: 0.24618782 | T46: 8915.85 | U46: 11232.55 | V46: 41862.936 | W46: 35699.84 | X46: 게임 소프트웨어 | Y46: 436611361
A47: A001800 | B47: 오리온 | C47: 연결 | D47: 3Q | E47: =J47*Y47/100000000 -> 0 | F47: =VLOOKUP($A47,종합!$A:$T,COLUMN(종합!F51),FALSE) -> 3.6648397 | G47: =VLOOKUP($A47,종합!$A:$T,COLUMN(종합!G51),FALSE) -> 0.47921787 | H47: =VLOOKUP($A47,종합!$A:$T,COLUMN(종합!H51),FALSE) -> 0.13076094 | I47: =(K47-J47)/J47 -> #VALUE! | J47: =IF(COUNTIF(현재가!$A:$A,$B47),VLOOKUP($B47,현재가!$A:$B,2,FALSE),VLOOKUP($B47,현재가!$D:$E,2,FALSE)) -> 117000 | K47: =IFERROR(((L47+M47)*100000000)/Y47,"-") -> - | L47: =IFERROR(T47+U47-V47-W47,"-") -> -57414.376 | M47: =O47*N47 -> 64865.787 | N47: =(1-P47)/$E$3 -> 9.6068429 | O47: 6752.04 | P47: 0.23145257 | Q47: 0.16289944 | R47: 0.28862752 | S47: 0.24618782 | T47: 8915.85 | U47: 11232.55 | V47: 41862.936 | W47: 35699.84 | X47: 식료품
A48: A027410 | B48: BGF리테일 | C48: 연결 | D48: 3Q | E48: =J48*Y48/100000000 -> 0 | F48: =VLOOKUP($A48,종합!$A:$T,COLUMN(종합!F52),FALSE) -> 51.544958 | G48: =VLOOKUP($A48,종합!$A:$T,COLUMN(종합!G52),FALSE) -> 10.129077 | H48: =VLOOKUP($A48,종합!$A:$T,COLUMN(종합!H52),FALSE) -> 0.19650957 | I48: =(K48-J48)/J48 -> #VALUE! | J48: =IF(COUNTIF(현재가!$A:$A,$B48),VLOOKUP($B48,현재가!$A:$B,2,FALSE),VLOOKUP($B48,현재가!$D:$E,2,FALSE)) -> 180000 | K48: =IFERROR(((L48+M48)*100000000)/Y48,"-") -> - | L48: =IFERROR(T48+U48-V48-W48,"-") -> -57414.376 | M48: =O48*N48 -> 64865.787 | N48: =(1-P48)/$E$3 -> 9.6068429 | O48: 6752.04 | P48: 0.23145257 | Q48: 0.16289944 | R48: 0.28862752 | S48: 0.24618782 | T48: 8915.85 | U48: 11232.55 | V48: 41862.936 | W48: 35699.84 | X48: 도소매
A49: A097950 | B49: CJ제일제당 | C49: 연결 | D49: 3Q | E49: =J49*Y49/100000000 -> 0 | F49: =VLOOKUP($A49,종합!$A:$T,COLUMN(종합!F53),FALSE) -> 18.086481 | G49: =VLOOKUP($A49,종합!$A:$T,COLUMN(종합!G53),FALSE) -> 1.5890874 | H49: =VLOOKUP($A49,종합!$A:$T,COLUMN(종합!H53),FALSE) -> 0.087860505 | I49: =(K49-J49)/J49 -> #VALUE! | J49: =IF(COUNTIF(현재가!$A:$A,$B49),VLOOKUP($B49,현재가!$A:$B,2,FALSE),VLOOKUP($B49,현재가!$D:$E,2,FALSE)) -> 399000 | K49: =IFERROR(((L49+M49)*100000000)/Y49,"-") -> - | L49: =IFERROR(T49+U49-V49-W49,"-") -> -57414.376 | M49: =O49*N49 -> 64865.787 | N49: =(1-P49)/$E$3 -> 9.6068429 | O49: 6752.04 | P49: 0.23145257 | Q49: 0.16289944 | R49: 0.28862752 | S49: 0.24618782 | T49: 8915.85 | U49: 11232.55 | V49: 41862.936 | W49: 35699.84 | X49: 식료품
A50: A032640 | B50: LG유플러스 | C50: 연결 | D50: 3Q | E50: =J50*Y50/100000000 -> 0 | F50: =VLOOKUP($A50,종합!$A:$T,COLUMN(종합!F54),FALSE) -> 15.226561 | G50: =VLOOKUP($A50,종합!$A:$T,COLUMN(종합!G54),FALSE) -> 1.3386053 | H50: =VLOOKUP($A50,종합!$A:$T,COLUMN(종합!H54),FALSE) -> 0.087912517 | I50: =(K50-J50)/J50 -> #VALUE! | J50: =IF(COUNTIF(현재가!$A:$A,$B50),VLOOKUP($B50,현재가!$A:$B,2,FALSE),VLOOKUP($B50,현재가!$D:$E,2,FALSE)) -> 14450 | K50: =IFERROR(((L50+M50)*100000000)/Y50,"-") -> - | L50: =IFERROR(T50+U50-V50-W50,"-") -> -57414.376 | M50: =O50*N50 -> 64865.787 | N50: =(1-P50)/$E$3 -> 9.6068429 | O50: 6752.04 | P50: 0.23145257 | Q50: 0.16289944 | R50: 0.28862752 | S50: 0.24618782 | T50: 8915.85 | U50: 11232.55 | V50: 41862.936 | W50: 35699.84 | X50: 무선통신

Sheet RIM (개별)
A1: * V=수정BPS+(수정EPS-r*BPS) / r | K1: 입력H
A2: 종목 | C2: 재무 | D2: 실적 | E2: 시가총액 | F2: 기대수익율 | G2: 주가 | H2: V | I2: 자산가치 | J2: 수익가치 | K2: 할인율 | L2: ROE평균 | M2: 유보율 | N2: 성장율 | O2: 순보통주 | P2: 수정BPS | Q2: BPS | R2: EPS | S2: DPS평균 | T2: ROA평균 | U2: 총자산 | V2: 추정순이익 | W2: 자본총계 | X2: 무형자산 | Y2: 업종 | Z2: 매출액 | AA2: 매출채권 | AB2: 재고자산
A3: 삼성전자 | C3: 개별 | D3: 3Q | E3: =VLOOKUP($A$3,$B:$AR,COLUMN(E10)-1,FALSE) -> #N/A | F3: =IFERROR(H3/G3-1,"-") -> 18.347412 | G3: =VLOOKUP($A$3,$B:$AR,COLUMN(G10)-1,FALSE) -> 71500 | H3: =IFERROR(P3+((R3-(K3*Q3))/K3),"-") -> 1383339.9 | I3: =P3 -> 906315.48 | J3: =(R3-K3*Q3)/K3 -> 477024.46 | K3: 0.08 | L3: =VLOOKUP($A3,$B:$AA,COLUMN(L10)-1,FALSE) -> 0.12336014 | M3: =VLOOKUP($A3,$B:$AA,COLUMN(M10)-1,FALSE) -> 0.87753654 | N3: =VLOOKUP($A3,$B:$AA,COLUMN(N10)-1,FALSE) -> 0.10825303 | O3: =VLOOKUP($A3,$B:$AA,COLUMN(O10)-1,FALSE)+Y6 -> 142221078 | P3: =IFERROR(((W3-X3-U6-V6+W6-X6)*100000000)/O3,"-") -> 906315.48 | Q3: =VLOOKUP($A3,$B:$AA,COLUMN(Q10)-1,FALSE) -> 927476.08 | R3: =VLOOKUP($A3,$B:$AA,COLUMN(R10)-1,FALSE) -> 112360.04 | S3: =VLOOKUP($A3,$B:$AA,COLUMN(S10)-1,FALSE) -> 13760 | T3: =VLOOKUP($A3,$B:$AA,COLUMN(T10)-1,FALSE) -> 0.096847362 | U3: =VLOOKUP($A3,$B:$AA,COLUMN(U10)-1,FALSE) -> 1650015.7 | V3: =VLOOKUP($A3,$B:$AA,COLUMN(V10)-1,FALSE) -> 159799.66 | W3: =VLOOKUP($A3,$B:$AA,COLUMN(W10)-1,FALSE) -> 1319066.5 | X3: =VLOOKUP($A3,$B:$AA,COLUMN(X10)-1,FALSE) -> 30094.84 | ... AA3: =VLOOKUP($A3,$B:$AA,COLUMN(AA10)-1,FALSE) -> 231771.03 | AB3: =VLOOKUP($A3,$B:$AB,COLUMN(AB10)-1,FALSE) -> 58088.05
C4: 연결 | D4: 3Q | E4: =E3 -> #N/A | F4: =IFERROR(H4/G4-1,"-") -> 31.202236 | G4: =G3 -> 71500 | H4: ='RIM (연결)'!H3 -> 2302459.9 | I4: ='RIM (연결)'!I3 -> 1182535.2 | J4: ='RIM (연결)'!J3 -> 1119924.7 | K4: =K3 -> 0.08 | L4: ='RIM (연결)'!L3 -> 0.16326412 | M4: ='RIM (연결)'!M3 -> 0.9264403 | N4: ='RIM (연결)'!N3 -> 0.15125446 | O4: =O3 -> 142221078 | P4: ='RIM (연결)'!P3 -> 1182535.2 | Q4: ='RIM (연결)'!Q3 -> 1218312.1 | R4: ='RIM (연결)'!R3 -> 187058.95 | S4: ='RIM (연결)'!S3 -> 13760 | T4: ='RIM (연결)'!T3 -> 0.1088214 | U4: ='RIM (연결)'!U3 -> 2444714.6 | V4: ='RIM (연결)'!V3 -> 266037.25 | W4: ='RIM (연결)'!W3 -> 1732696.6 | X4: ='RIM (연결)'!X3 -> 50882.33 | Z4: ='RIM (연결)'!Z3 -> 2018504.6 | AA4: ='RIM (연결)'!AA3 -> 243525.15 | AB4: ='RIM (연결)'!AB3 -> 183782.45
T5: 자본조정 | U5: 매출채권 | V5: 재고자산 | W5: 투자자산 | X5: 잠재부채 | Y5: 잠재주식
T6: =X3+X6+U6+V6+W6 -> 30094.84 | U6: 0 | V6: 0 | W6: 0 | X6: 0 | Y6: 0 | Z6: E 입력
T7: =X4+U7+V7+W7+X7 -> 50882.33 | U7: ='RIM (연결)'!U5 -> 0 | V7: ='RIM (연결)'!V5 -> 0 | W7: ='RIM (연결)'!W5 -> 0 | X7: ='RIM (연결)'!X5 -> 0
K8: 입력H | L8: (개별)
A9: CODE | B9: 종목 | C9: 재무 | D9: 실적 | E9: 시가총액 (억) | F9: 기대수익율 | G9: 주가 (원) | H9: V (원) | I9: 자산가치 (원) | J9: 수익가치 (원) | K9: 할인율 | L9: ROE평균 | M9: 유보율 | N9: 성장율 | O9: 순보통주 | P9: 수정 BPS | Q9: BPS | R9: EPS | S9: DPS평균 | T9: ROA평균 | U9: 총자산 | V9: 추정순이익 | W9: 자본총계 | X9: 무형자산 | Y9: 업종 | Z9: 매출액 | AA9: 매출채권 | AB9: 재고자산
A10: A005930 | B10: 삼성전자 | C10: 개별 | D10: 3Q | E10: =VLOOKUP($A10,종합!$A:$T,COLUMN(종합!E6),FALSE) -> #N/A | F10: =H10/G10-1 -> 18.347412 | G10: =IF(COUNTIF(현재가!$A:$A,$B10),VLOOKUP($B10,현재가!$A:$B,2,FALSE),VLOOKUP($B10,현재가!$D:$E,2,FALSE)) -> 71500 | H10: =IFERROR(P10+((R10-(K10*Q10))/K10),"-") -> 1383339.9 | I10: =IFERROR(P10,"-") -> 906315.48 | J10: =IFERROR((R10-K10*Q10)/K10,"-") -> 477024.46 | K10: =$K$3 -> 0.08 | L10: 0.12336014 | M10: =IFERROR(IF(S10/R10<0,0,1-(S10/R10)),"-") -> 0.87753654 | N10: =IFERROR(M10*L10,"-") -> 0.10825303 | O10: 142221078 | P10: =IFERROR(((W10-X10)*100000000)/O10,"-") -> 906315.48 | Q10: =IFERROR((W10*100000000)/O10,"-") -> 927476.08 | R10: =IFERROR((V10*100000000)/O10,"-") -> 112360.04 | S10: 13760 | T10: 0.096847362 | U10: 1650015.7 | V10: =IFERROR(T10*U10,"-") -> 159799.66 | W10: 1319066.5 | X10: 30094.84 | Y10: 휴대폰 및 관련부품 | Z10: 1337788.5 | AA10: 231771.03 | AB10: 58088.05
A11: A015760 | B11: 한국전력 | C11: 개별 | D11: 3Q | E11: =VLOOKUP($A11,종합!$A:$T,COLUMN(종합!E7),FALSE) -> 146367.81 | F11: =H11/G11-1 -> 0.17969045 | G11: =IF(COUNTIF(현재가!$A:$A,$B11),VLOOKUP($B11,현재가!$A:$B,2,FALSE),VLOOKUP($B11,현재가!$D:$E,2,FALSE)) -> 22800 | H11: =IFERROR(P11+((R11-(K11*Q11))/K11),"-") -> 26896.942 | I11: =IFERROR(P11,"-") -> 86502.54 | J11: =IFERROR((R11-K11*Q11)/K11,"-") -> -59605.597 | K11: =$K$3 -> 0.08 | L11: 0.025174557 | M11: =IFERROR(IF(S11/R11<0,0,1-(S11/R11)),"-") -> 0.43065717 | N11: =IFERROR(M11*L11,"-") -> 0.010841604 | O11: 641964077 | P11: =IFERROR(((W11-X11)*100000000)/O11,"-") -> 86502.54 | Q11: =IFERROR((W11*100000000)/O11,"-") -> 86610.416 | R11: =IFERROR((V11*100000000)/O11,"-") -> 2160.3855 | S11: 1230 | T11: 0.013285047 | U11: 1043948 | V11: =IFERROR(T11*U11,"-") -> 13868.899 | W11: 556007.76 | X11: 692.53 | Y11: 전력 | Z11: 595812.85 | AA11: 55945.92 | AB11: 1656.17
A12: A005380 | B12: 현대차 | C12: 개별 | D12: 3Q | E12: =VLOOKUP($A12,종합!$A:$T,COLUMN(종합!E8),FALSE) -> 451566.78 | F12: =H12/G12-1 -> -0.50993086 | G12: =IF(COUNTIF(현재가!$A:$A,$B12),VLOOKUP($B12,현재가!$A:$B,2,FALSE),VLOOKUP($B12,현재가!$D:$E,2,FALSE)) -> 205000 | H12: =IFERROR(P12+((R12-(K12*Q12))/K12),"-") -> 100464.17 | I12: =IFERROR(P12,"-") -> 94699.413 | J12: =IFERROR((R12-K12*Q12)/K12,"-") -> 5764.7607 | K12: =$K$3 -> 0.08 | L12: 0.078385501 | M12: =IFERROR(IF(S12/R12<0,0,1-(S12/R12)),"-") -> 0.9399379 | N12: =IFERROR(M12*L12,"-") -> 0.073677504 | O12: 169783683 | P12: =IFERROR(((W12-X12)*100000000)/O12,"-") -> 94699.413 | Q12: =IFERROR((W12*100000000)/O12,"-") -> 98294.21 | R12: =IFERROR((V12*100000000)/O12,"-") -> 8324.7177 | S12: 500 | T12: 0.042819161 | U12: 330086.15 | V12: =IFERROR(T12*U12,"-") -> 14134.012 | W12: 166887.53 | X12: 6103.3785 | Y12: 복합 산업 | Z12: 193038.33 | AA12: 48581.525 | AB12: 7419.2104
A13: A028260 | B13: 삼성물산 | C13: 개별 | D13: 3Q | E13: =VLOOKUP($A13,종합!$A:$T,COLUMN(종합!E9),FALSE) -> 231421.85 | F13: =H13/G13-1 -> -0.6786086 | G13: =IF(COUNTIF(현재가!$A:$A,$B13),VLOOKUP($B13,현재가!$A:$B,2,FALSE),VLOOKUP($B13,현재가!$D:$E,2,FALSE)) -> 122000 | H13: =IFERROR(P13+((R13-(K13*Q13))/K13),"-") -> 39209.75 | I13: =IFERROR(P13,"-") -> 28424.742 | J13: =IFERROR((R13-K13*Q13)/K13,"-") -> 10785.008 | K13: =$K$3 -> 0.08 | L13: 0.1178153 | M13: =IFERROR(IF(S13/R13<0,0,1-(S13/R13)),"-") -> 0.87875852 | N13: =IFERROR(M13*L13,"-") -> 0.1035312 | O13: 706001795 | P13: =IFERROR(((W13-X13)*100000000)/O13,"-") -> 28424.742 | Q13: =IFERROR((W13*100000000)/O13,"-") -> 30455.003 | R13: =IFERROR((V13*100000000)/O13,"-") -> 3299.2009 | S13: 400 | T13: 0.081337314 | U13: 286368.17 | V13: =IFERROR(T13*U13,"-") -> 23292.418 | W13: 215012.87 | X13: 14333.68 | Y13: 반도체 및 관련장비 | Z13: 158646.41 | AA13: 20369.5 | AB13: 16949.17
A14: A035420 | B14: NAVER | C14: 개별 | D14: 3Q | E14: =VLOOKUP($A14,종합!$A:$T,COLUMN(종합!E10),FALSE) -> 128060.01 | F14: =H14/G14-1 -> -0.33447701 | G14: =IF(COUNTIF(현재가!$A:$A,$B14),VLOOKUP($B14,현재가!$A:$B,2,FALSE),VLOOKUP($B14,현재가!$D:$E,2,FALSE)) -> 388500 | H14: =IFERROR(P14+((R14-(K14*Q14))/K14),"-") -> 258555.68 | I14: =IFERROR(P14,"-") -> 179043.18 | J14: =IFERROR((R14-K14*Q14)/K14,"-") -> 79512.497 | K14: =$K$3 -> 0.08 | L14: 0.12762692 | M14: =IFERROR(IF(S14/R14<0,0,1-(S14/R14)),"-") -> 0.8835856 | N14: =IFERROR(M14*L14,"-") -> 0.11276931 | O14: 272256111 | P14: =IFERROR(((W14-X14)*100000000)/O14,"-") -> 179043.18 | Q14: =IFERROR((W14*100000000)/O14,"-") -> 191072.6 | R14: =IFERROR((V14*100000000)/O14,"-") -> 21646.807 | S14: 2520 | T14: 0.089697699 | U14: 657037.55 | V14: =IFERROR(T14*U14,"-") -> 58934.756 | W14: 520206.82 | X14: 32750.81 | Y14: 자동차 | Z14: 420152.8 | AA14: 31743.41 | AB14: 23116.49
A15: A012330 | B15: 현대모비스 | C15: 개별 | D15: 3Q | E15: =VLOOKUP($A15,종합!$A:$T,COLUMN(종합!E11),FALSE) -> 258934.68 | F15: =H15/G15-1 -> 0.90548053 | G15: =IF(COUNTIF(현재가!$A:$A,$B15),VLOOKUP($B15,현재가!$A:$B,2,FALSE),VLOOKUP($B15,현재가!$D:$E,2,FALSE)) -> 266000 | H15: =IFERROR(P15+((R15-(K15*Q15))/K15),"-") -> 506857.82 | I15: =IFERROR(P15,"-") -> 97429.639 | J15: =IFERROR((R15-K15*Q15)/K15,"-") -> 409428.18 | K15: =$K$3 -> 0.08 | L15: 0.40690972 | M15: =IFERROR(IF(S15/R15<0,0,1-(S15/R15)),"-") -> 0.98146426 | N15: =IFERROR(M15*L15,"-") -> 0.39936735 | O15: 28807413 | P15: =IFERROR(((W15-X15)*100000000)/O15,"-") -> 97429.639 | Q15: =IFERROR((W15*100000000)/O15,"-") -> 98779.335 | R15: =IFERROR((V15*100000000)/O15,"-") -> 40656.601 | S15: 753.6 | T15: 0.3042621 | U15: 38493.507 | V15: =IFERROR(T15*U15,"-") -> 11712.115 | W15: 28455.771 | X15: 388.8125 | Y15: 인터넷 서비스 | Z15: 23986.806 | AA15: 3342.7861 | AB15: 9.00171
A16: A000660 | B16: SK하이닉스 | C16: 개별 | D16: 3Q | E16: =VLOOKUP($A16,종합!$A:$T,COLUMN(종합!E12),FALSE) -> 684322.22 | F16: =H16/G16-1 -> 2.3892159 | G16: =IF(COUNTIF(현재가!$A:$A,$B16),VLOOKUP($B16,현재가!$A:$B,2,FALSE),VLOOKUP($B16,현재가!$D:$E,2,FALSE)) -> 94000 | H16: =IFERROR(P16+((R16-(K16*Q16))/K16),"-") -> 318586.29 | I16: =IFERROR(P16,"-") -> 198720.71 | J16: =IFERROR((R16-K16*Q16)/K16,"-") -> 119865.58 | K16: =$K$3 -> 0.08 | L16: 0.13889757 | M16: =IFERROR(IF(S16/R16<0,0,1-(S16/R16)),"-") -> 0.90737298 | N16: =IFERROR(M16*L16,"-") -> 0.1260319 | O16: 94700668 | P16: =IFERROR(((W16-X16)*100000000)/O16,"-") -> 198720.71 | Q16: =IFERROR((W16*100000000)/O16,"-") -> 206712.99 | R16: =IFERROR((V16*100000000)/O16,"-") -> 26126.286 | S16: 2420 | T16: 0.10336482 | U16: 239363.53 | V16: =IFERROR(T16*U16,"-") -> 24741.767 | W16: 195758.58 | X16: 7568.74 | Y16: 자동차부품 | Z16: 195633.18 | AA16: 34934.03 | AB16: 11031.24
A17: A090430 | B17: 아모레퍼시픽 | C17: 개별 | D17: 3Q | E17: =VLOOKUP($A17,종합!$A:$T,COLUMN(종합!E13),FALSE) -> 106102.16 | F17: =H17/G17-1 -> -0.46853317 | G17: =IF(COUNTIF(현재가!$A:$A,$B17),VLOOKUP($B17,현재가!$A:$B,2,FALSE),VLOOKUP($B17,현재가!$D:$E,2,FALSE)) -> 181500 | H17: =IFERROR(P17+((R17-(K17*Q17))/K17),"-") -> 96461.229 | I17: =IFERROR(P17,"-") -> 51796.591 | J17: =IFERROR((R17-K17*Q17)/K17,"-") -> 44664.638 | K17: =$K$3 -> 0.08 | L17: 0.14692413 | M17: =IFERROR(IF(S17/R17<0,0,1-(S17/R17)),"-") -> 0.89385172 | N17: =IFERROR(M17*L17,"-") -> 0.13132838 | O17: 68983279 | P17: =IFERROR(((W17-X17)*100000000)/O17,"-") -> 51796.591 | Q17: =IFERROR((W17*100000000)/O17,"-") -> 54253.594 | R17: =IFERROR((V17*100000000)/O17,"-") -> 7913.4586 | S17: 840 | T17: 0.1196978 | U17: 45606.211 | V17: =IFERROR(T17*U17,"-") -> 5458.9632 | W17: 37425.908 | X17: 1694.9216 | Y17: 개인생활용품 | Z17: 42710.703 | AA17: 4120.8983 | AB17: 2314.5511
A18: A005490 | B18: POSCO | C18: 개별 | D18: 3Q | E18: =VLOOKUP($A18,종합!$A:$T,COLUMN(종합!E14),FALSE) -> 278997.87 | F18: =H18/G18-1 -> -0.096243043 | G18: =IF(COUNTIF(현재가!$A:$A,$B18),VLOOKUP($B18,현재가!$A:$B,2,FALSE),VLOOKUP($B18,현재가!$D:$E,2,FALSE)) -> 320000 | H18: =IFERROR(P18+((R18-(K18*Q18))/K18),"-") -> 289202.23 | I18: =IFERROR(P18,"-") -> 541764.85 | J18: =IFERROR((R18-K18*Q18)/K18,"-") -> -252562.63 | K18: =$K$3 -> 0.08 | L18: 0.04836263 | M18: =IFERROR(IF(S18/R18<0,0,1-(S18/R18)),"-") -> 0.64439613 | N18: =IFERROR(M18*L18,"-") -> 0.031164691 | O18: 79997665 | P18: =IFERROR(((W18-X18)*100000000)/O18,"-") -> 541764.85 | Q18: =IFERROR((W18*100000000)/O18,"-") -> 547835 | R18: =IFERROR((V18*100000000)/O18,"-") -> 23621.79 | S18: 8400 | T18: 0.036876909 | U18: 512431.25 | V18: =IFERROR(T18*U18,"-") -> 18896.88 | W18: 438255.21 | X18: 4855.9779 | Y18: 금속 및 광물 | Z18: 238285.54 | AA18: 28772.513 | AB18: 33111.119
A19: A017670 | B19: SK텔레콤 | C19: 개별 | D19: 3Q | E19: =VLOOKUP($A19,종합!$A:$T,COLUMN(종합!E15),FALSE) -> 245870.69 | F19: =H19/G19-1 -> -0.40895716 | G19: =IF(COUNTIF(현재가!$A:$A,$B19),VLOOKUP($B19,현재가!$A:$B,2,FALSE),VLOOKUP($B19,현재가!$D:$E,2,FALSE)) -> 304500 | H19: =IFERROR(P19+((R19-(K19*Q19))/K19),"-") -> 179972.54 | I19: =IFERROR(P19,"-") -> 142485.59 | J19: =IFERROR((R19-K19*Q19)/K19,"-") -> 37486.951 | K19: =$K$3 -> 0.08 | L19: 0.094627853 | M19: =IFERROR(IF(S19/R19<0,0,1-(S19/R19)),"-") -> 0.49820764 | N19: =IFERROR(M19*L19,"-") -> 0.047144319 | O19: 70609160 | P19: =IFERROR(((W19-X19)*100000000)/O19,"-") -> 142485.59 | Q19: =IFERROR((W19*100000000)/O19,"-") -> 199662.93 | R19: =IFERROR((V19*100000000)/O19,"-") -> 18971.991 | S19: 9520 | T19: 0.055246503 | U19: 242476.22 | V19: =IFERROR(T19*U19,"-") -> 13395.963 | W19: 140980.32 | X19: 40372.44 | Y19: 무선통신 | Z19: 124300.19 | AA19: 23541.67 | AB19: 352.75
A20: A051910 | B20: LG화학 | C20: 개별 | D20: 3Q | E20: =VLOOKUP($A20,종합!$A:$T,COLUMN(종합!E16),FALSE) -> 539325.5 | F20: =H20/G20-1 -> -0.88783014 | G20: =IF(COUNTIF(현재가!$A:$A,$B20),VLOOKUP($B20,현재가!$A:$B,2,FALSE),VLOOKUP($B20,현재가!$D:$E,2,FALSE)) -> 764000 | H20: =IFERROR(P20+((R20-(K20*Q20))/K20),"-") -> 85697.774 | I20: =IFERROR(P20,"-") -> 49488.757 | J20: =IFERROR((R20-K20*Q20)/K20,"-") -> 36209.017 | K20: =$K$3 -> 0.08 | L20: 0.14131921 | M20: =IFERROR(IF(S20/R20<0,0,1-(S20/R20)),"-") -> 0.88876376 | N20: =IFERROR(M20*L20,"-") -> 0.12559939 | O20: 400931263 | P20: =IFERROR(((W20-X20)*100000000)/O20,"-") -> 49488.757 | Q20: =IFERROR((W20*100000000)/O20,"-") -> 54813.481 | R20: =IFERROR((V20*100000000)/O20,"-") -> 7281.7998 | S20: 810 | T20: 0.085409793 | U20: 341822.77 | V20: =IFERROR(T20*U20,"-") -> 29195.012 | W20: 219764.38 | X20: 21348.48 | Y20: 자동차 | Z20: 319744.33 | AA20: 28941.47 | AB20: 13343.52
A21: A000270 | B21: 기아 | C21: 개별 | D21: 3Q | E21: =VLOOKUP($A21,종합!$A:$T,COLUMN(종합!E17),FALSE) -> 331992.58 | F21: =H21/G21-1 -> 0.15794586 | G21: =IF(COUNTIF(현재가!$A:$A,$B21),VLOOKUP($B21,현재가!$A:$B,2,FALSE),VLOOKUP($B21,현재가!$D:$E,2,FALSE)) -> 81900 | H21: =IFERROR(P21+((R21-(K21*Q21))/K21),"-") -> 94835.766 | I21: =IFERROR(P21,"-") -> 49072.665 | J21: =IFERROR((R21-K21*Q21)/K21,"-") -> 45763.101 | K21: =$K$3 -> 0.08 | L21: 0.15346041 | M21: =IFERROR(IF(S21/R21<0,0,1-(S21/R21)),"-") -> 0.56868766 | N21: =IFERROR(M21*L21,"-") -> 0.087271043 | O21: 126265127 | P21: =IFERROR(((W21-X21)*100000000)/O21,"-") -> 49072.665 | Q21: =IFERROR((W21*100000000)/O21,"-") -> 49295.622 | R21: =IFERROR((V21*100000000)/O21,"-") -> 7604.6978 | S21: 3280 | T21: 0.12692446 | U21: 75651.938 | V21: =IFERROR(T21*U21,"-") -> 9602.0813 | W21: 62243.179 | X21: 281.51643 | Y21: 담배 | Z21: 28733.684 | AA21: 10852.084 | AB21: 8240.5403
... A39: A006400 | B39: 삼성SDI | C39: 개별 | D39: 3Q | E39: =VLOOKUP($A39,종합!$A:$T,COLUMN(종합!E35),FALSE) -> 471724.68 | F39: =H39/G39-1 -> -0.93540894 | G39: =IF(COUNTIF(현재가!$A:$A,$B39),VLOOKUP($B39,현재가!$A:$B,2,FALSE),VLOOKUP($B39,현재가!$D:$E,2,FALSE)) -> 686000 | H39: =IFERROR(P39+((R39-(K39*Q39))/K39),"-") -> 44309.465 | I39: =IFERROR(P39,"-") -> 15207.853 | J39: =IFERROR((R39-K39*Q39)/K39,"-") -> 29101.613 | K39: =$K$3 -> 0.08 | L39: 0.23812057 | M39: =IFERROR(IF(S39/R39<0,0,1-(S39/R39)),"-") -> 0.42284434 | N39: =IFERROR(M39*L39,"-") -> 0.10068794 | O39: 72500293 | P39: =IFERROR(((W39-X39)*100000000)/O39,"-") -> 15207.853 | Q39: =IFERROR((W39*100000000)/O39,"-") -> 17246.369 | R39: =IFERROR((V39*100000000)/O39,"-") -> 3707.8386 | S39: 2140 | T39: 0.14019329 | U39: 19174.911 | V39: =IFERROR(T39*U39,"-") -> 2688.1938 | W39: 12503.668 | X39: 1477.9307 | Y39: 내구소비재 | Z39: 22332.107 | AA39: 4168.5429 | AB39: 472.75995
A40: A047810 | B40: 한국항공우주 | C40: 개별 | D40: 3Q | E40: =VLOOKUP($A40,종합!$A:$T,COLUMN(종합!E36),FALSE) -> 30753.396 | F40: =H40/G40-1 -> #VALUE! | G40: =IF(COUNTIF(현재가!$A:$A,$B40),VLOOKUP($B40,현재가!$A:$B,2,FALSE),VLOOKUP($B40,현재가!$D:$E,2,FALSE)) -> 31550 | H40: =IFERROR(P40+((R40-(K40*Q40))/K40),"-") -> - | I40: =IFERROR(P40,"-") -> 31724.071 | J40: =IFERROR((R40-K40*Q40)/K40,"-") -> - | K40: =$K$3 -> 0.08 | L40: - | M40: =IFERROR(IF(S40/R40<0,0,1-(S40/R40)),"-") -> - | N40: =IFERROR(M40*L40,"-") -> - | O40: 123852681 | P40: =IFERROR(((W40-X40)*100000000)/O40,"-") -> 31724.071 | Q40: =IFERROR((W40*100000000)/O40,"-") -> 31941.77 | R40: =IFERROR((V40*100000000)/O40,"-") -> - | S40: 400 | T40: #DIV/0! | U40: 60280.634 | V40: =IFERROR(T40*U40,"-") -> - | W40: 39560.739 | X40: 269.62642 | Y40: 자동차부품 | Z40: 33152.871 | AA40: 9147.574 | AB40: 3369.3223
A41: A021240 | B41: 코웨이 | C41: 개별 | D41: 3Q | E41: =VLOOKUP($A41,종합!$A:$T,COLUMN(종합!E37),FALSE) -> 56445.199 | F41: =H41/G41-1 -> -0.73595166 | G41: =IF(COUNTIF(현재가!$A:$A,$B41),VLOOKUP($B41,현재가!$A:$B,2,FALSE),VLOOKUP($B41,현재가!$D:$E,2,FALSE)) -> 73900 | H41: =IFERROR(P41+((R41-(K41*Q41))/K41),"-") -> 19513.172 | I41: =IFERROR(P41,"-") -> 11091.751 | J41: =IFERROR((R41-K41*Q41)/K41,"-") -> 8421.4207 | K41: =$K$3 -> 0.08 | L41: 0.12425175 | M41: =IFERROR(IF(S41/R41<0,0,1-(S41/R41)),"-") -> 0.85792719 | N41: =IFERROR(M41*L41,"-") -> 0.10659896 | O41: 97475107 | P41: =IFERROR(((W41-X41)*100000000)/O41,"-") -> 11091.751 | Q41: =IFERROR((W41*100000000)/O41,"-") -> 13574.343 | R41: =IFERROR((V41*100000000)/O41,"-") -> 1759.6611 | S41: 250 | T41: 0.057674453 | U41: 29739.883 | V41: =IFERROR(T41*U41,"-") -> 1715.2315 | W41: 13231.605 | X41: 2419.9085 | Y41: 상업서비스 | Z41: 32101.735 | AA41: 12975.114 | AB41: 4455.9923
A42: A004020 | B42: 현대제철 | C42: 개별 | D42: 3Q | E42: =VLOOKUP($A42,종합!$A:$T,COLUMN(종합!E38),FALSE) -> 60784.555 | F42: =H42/G42-1 -> 0.6394253 | G42: =IF(COUNTIF(현재가!$A:$A,$B42),VLOOKUP($B42,현재가!$A:$B,2,FALSE),VLOOKUP($B42,현재가!$D:$E,2,FALSE)) -> 45550 | H42: =IFERROR(P42+((R42-(K42*Q42))/K42),"-") -> 74675.822 | I42: =IFERROR(P42,"-") -> 109422.21 | J42: =IFERROR((R42-K42*Q42)/K42,"-") -> -34746.39 | K42: =$K$3 -> 0.08 | L42: 0.066610881 | M42: =IFERROR(IF(S42/R42<0,0,1-(S42/R42)),"-") -> 0.91303593 | N42: =IFERROR(M42*L42,"-") -> 0.060818128 | O42: 132086605 | P42: =IFERROR(((W42-X42)*100000000)/O42,"-") -> 109422.21 | Q42: =IFERROR((W42*100000000)/O42,"-") -> 120988.91 | R42: =IFERROR((V42*100000000)/O42,"-") -> 6899.4014 | S42: 600 | T42: 0.030190906 | U42: 301851.99 | V42: =IFERROR(T42*U42,"-") -> 9113.1851 | W42: 159810.14 | X42: 15278.055 | Y42: 금속 및 광물 | Z42: 140206.35 | AA42: 16702.196 | AB42: 24991.897
A43: A128940 | B43: 한미약품 | C43: 개별 | D43: 3Q | E43: =VLOOKUP($A43,종합!$A:$T,COLUMN(종합!E39),FALSE) -> 27183.464 | F43: =H43/G43-1 -> -0.19923967 | G43: =IF(COUNTIF(현재가!$A:$A,$B43),VLOOKUP($B43,현재가!$A:$B,2,FALSE),VLOOKUP($B43,현재가!$D:$E,2,FALSE)) -> 260500 | H43: =IFERROR(P43+((R43-(K43*Q43))/K43),"-") -> 208598.07 | I43: =IFERROR(P43,"-") -> 81305.209 | J43: =IFERROR((R43-K43*Q43)/K43,"-") -> 127292.86 | K43: =$K$3 -> 0.08 | L43: 0.2022319 | M43: =IFERROR(IF(S43/R43<0,0,1-(S43/R43)),"-") -> 0.88659038 | N43: =IFERROR(M43*L43,"-") -> 0.17929686 | O43: 37500000 | P43: =IFERROR(((W43-X43)*100000000)/O43,"-") -> 81305.209 | Q43: =IFERROR((W43*100000000)/O43,"-") -> 82125.008 | R43: =IFERROR((V43*100000000)/O43,"-") -> 16753.429 | S43: 1900 | T43: 0.093686674 | U43: 67059.014 | V43: =IFERROR(T43*U43,"-") -> 6282.536 | W43: 30796.878 | X43: 307.42493 | Y43: 육상운수 | Z43: 120802.42 | AA43: 12763.803 | AB43: 7112.4884
A44: A161390 | B44: 한국타이어앤테크놀로지 | C44: 개별 | D44: 3Q | E44: =VLOOKUP($A44,종합!$A:$T,COLUMN(종합!E40),FALSE) -> 52956.592 | F44: =H44/G44-1 -> 0.90145735 | G44: =IF(COUNTIF(현재가!$A:$A,$B44),VLOOKUP($B44,현재가!$A:$B,2,FALSE),VLOOKUP($B44,현재가!$D:$E,2,FALSE)) -> 42750 | H44: =IFERROR(P44+((R44-(K44*Q44))/K44),"-") -> 81287.302 | I44: =IFERROR(P44,"-") -> 146544.15 | J44: =IFERROR((R44-K44*Q44)/K44,"-") -> -65256.844 | K44: =$K$3 -> 0.08 | L44: 0.046140148 | M44: =IFERROR(IF(S44/R44<0,0,1-(S44/R44)),"-") -> 0.82438805 | N44: =IFERROR(M44*L44,"-") -> 0.038037387 | O44: 67190077 | P44: =IFERROR(((W44-X44)*100000000)/O44,"-") -> 146544.15 | Q44: =IFERROR((W44*100000000)/O44,"-") -> 157790.41 | R44: =IFERROR((V44*100000000)/O44,"-") -> 7402.6855 | S44: 1300 | T44: 0.035681142 | U44: 139397.73 | V44: =IFERROR(T44*U44,"-") -> 4973.8701 | W44: 106019.5 | X44: 7556.3756 | Y44: 전자 장비 및 기기 | Z44: 68273.079 | AA44: 9922.2117 | AB44: 3893.4746
A45: A086280 | B45: 현대글로비스 | C45: 개별 | D45: 3Q | E45: =VLOOKUP($A45,종합!$A:$T,COLUMN(종합!E41),FALSE) -> 64500 | F45: =H45/G45-1 -> -0.15272379 | G45: =IF(COUNTIF(현재가!$A:$A,$B45),VLOOKUP($B45,현재가!$A:$B,2,FALSE),VLOOKUP($B45,현재가!$D:$E,2,FALSE)) -> 172000 | H45: =IFERROR(P45+((R45-(K45*Q45))/K45),"-") -> 145731.51 | I45: =IFERROR(P45,"-") -> 82901.042 | J45: =IFERROR((R45-K45*Q45)/K45,"-") -> 62830.466 | K45: =$K$3 -> 0.08 | L45: 0.13684748 | M45: =IFERROR(IF(S45/R45<0,0,1-(S45/R45)),"-") -> 0.86407881 | N45: =IFERROR(M45*L45,"-") -> 0.11824701 | O45: 21240439 | P45: =IFERROR(((W45-X45)*100000000)/O45,"-") -> 82901.042 | Q45: =IFERROR((W45*100000000)/O45,"-") -> 83890.581 | R45: =IFERROR((V45*100000000)/O45,"-") -> 11737.684 | S45: 1595.4 | T45: 0.11540115 | U45: 21604.078 | V45: =IFERROR(T45*U45,"-") -> 2493.1356 | W45: 17818.728 | X45: 210.18252 | Y45: 게임 소프트웨어 | Z45: 6761.8012 | AA45: 908.10571 | AB45: 1.12271
A46: A023530 | B46: 롯데쇼핑 | C46: 개별 | D46: 3Q | E46: =VLOOKUP($A46,종합!$A:$T,COLUMN(종합!E42),FALSE) -> 32278.164 | F46: =H46/G46-1 -> -0.95242387 | G46: =IF(COUNTIF(현재가!$A:$A,$B46),VLOOKUP($B46,현재가!$A:$B,2,FALSE),VLOOKUP($B46,현재가!$D:$E,2,FALSE)) -> 102500 | H46: =IFERROR(P46+((R46-(K46*Q46))/K46),"-") -> 4876.5529 | I46: =IFERROR(P46,"-") -> 2920.3904 | J46: =IFERROR((R46-K46*Q46)/K46,"-") -> 1956.1625 | K46: =$K$3 -> 0.08 | L46: 0.12468431 | M46: =IFERROR(IF(S46/R46<0,0,1-(S46/R46)),"-") -> 0.65285902 | N46: =IFERROR(M46*L46,"-") -> 0.08140128 | O46: 533800000 | P46: =IFERROR(((W46-X46)*100000000)/O46,"-") -> 2920.3904 | Q46: =IFERROR((W46*100000000)/O46,"-") -> 3105.1817 | R46: =IFERROR((V46*100000000)/O46,"-") -> 404.90754 | S46: 140.56 | T46: 0.086857573 | U46: 24884.375 | V46: =IFERROR(T46*U46,"-") -> 2161.3965 | W46: 16575.46 | X46: 986.41636 | Y46: 자동차부품 | Z46: 22866.378 | AA46: 5191.0501 | AB46: 1010.3104
A47: A018880 | B47: 한온시스템 | C47: 개별 | D47: 3Q | E47: =VLOOKUP($A47,종합!$A:$T,COLUMN(종합!E43),FALSE) -> 80603.8 | F47: =H47/G47-1 -> -0.63435659 | G47: =IF(COUNTIF(현재가!$A:$A,$B47),VLOOKUP($B47,현재가!$A:$B,2,FALSE),VLOOKUP($B47,현재가!$D:$E,2,FALSE)) -> 15100 | H47: =IFERROR(P47+((R47-(K47*Q47))/K47),"-") -> 5521.2154 | I47: =IFERROR(P47,"-") -> 10172.423 | J47: =IFERROR((R47-K47*Q47)/K47,"-") -> -4651.2079 | K47: =$K$3 -> 0.08 | L47: 0.046764803 | M47: =IFERROR(IF(S47/R47<0,0,1-(S47/R47)),"-") -> -0.088639496 | N47: =IFERROR(M47*L47,"-") -> -0.0041452086 | O47: 56350839 | P47: =IFERROR(((W47-X47)*100000000)/O47,"-") -> 10172.423 | Q47: =IFERROR((W47*100000000)/O47,"-") -> 10279.793 | R47: =IFERROR((V47*100000000)/O47,"-") -> 450.2868 | S47: 490.2 | T47: 0.038339073 | U47: 6618.3237 | V47: =IFERROR(T47*U47,"-") -> 253.74039 | W47: 5792.7496 | X47: 60.50369 | Y47: 제약 | Z47: 1640.5199 | AA47: 132.93986 | AB47: 0
A48: A035720 | B48: 카카오 | C48: 개별 | D48: 3Q | E48: =VLOOKUP($A48,종합!$A:$T,COLUMN(종합!E44),FALSE) -> 79448.465 | F48: =H48/G48-1 -> -0.38950631 | G48: =IF(COUNTIF(현재가!$A:$A,$B48),VLOOKUP($B48,현재가!$A:$B,2,FALSE),VLOOKUP($B48,현재가!$D:$E,2,FALSE)) -> 117500 | H48: =IFERROR(P48+((R48-(K48*Q48))/K48),"-") -> 71733.008 | I48: =IFERROR(P48,"-") -> 24541.111 | J48: =IFERROR((R48-K48*Q48)/K48,"-") -> 47191.897 | K48: =$K$3 -> 0.08 | L48: 0.1329158 | M48: =IFERROR(IF(S48/R48<0,0,1-(S48/R48)),"-") -> 0.89188123 | N48: =IFERROR(M48*L48,"-") -> 0.11854511 | O48: 67610527 | P48: =IFERROR(((W48-X48)*100000000)/O48,"-") -> 24541.111 | Q48: =IFERROR((W48*100000000)/O48,"-") -> 49692.298 | R48: =IFERROR((V48*100000000)/O48,"-") -> 7750.7357 | S48: 838 | T48: 0.11070346 | U48: 47336.49 | V48: =IFERROR(T48*U48,"-") -> 5240.3132 | W48: 33597.225 | X48: 17004.85 | Y48: 인터넷 서비스 | Z48: 8395.8577 | AA48: 782.62052 | AB48: 30.08813
A49: A001040 | B49: CJ | C49: 개별 | D49: 3Q | E49: =VLOOKUP($A49,종합!$A:$T,COLUMN(종합!E45),FALSE) -> 28360.042 | F49: =H49/G49-1 -> -0.4796108 | G49: =IF(COUNTIF(현재가!$A:$A,$B49),VLOOKUP($B49,현재가!$A:$B,2,FALSE),VLOOKUP($B49,현재가!$D:$E,2,FALSE)) -> 97200 | H49: =IFERROR(P49+((R49-(K49*Q49))/K49),"-") -> 50581.83 | I49: =IFERROR(P49,"-") -> 93845.152 | J49: =IFERROR((R49-K49*Q49)/K49,"-") -> -43263.322 | K49: =$K$3 -> 0.08 | L49: 0.049101492 | M49: =IFERROR(IF(S49/R49<0,0,1-(S49/R49)),"-") -> 0.77772388 | N49: =IFERROR(M49*L49,"-") -> 0.038187403 | O49: 28465665 | P49: =IFERROR(((W49-X49)*100000000)/O49,"-") -> 93845.152 | Q49: =IFERROR((W49*100000000)/O49,"-") -> 94438.411 | R49: =IFERROR((V49*100000000)/O49,"-") -> 4094.0071 | S49: 910 | T49: 0.039306353 | U49: 29648.804 | V49: =IFERROR(T49*U49,"-") -> 1165.3864 | W49: 26882.522 | X49: 168.87508 | Y49: 식료품 | Z49: 1207.794 | AA49: 0 | AB49: 0
A50: A036570 | B50: 엔씨소프트 | C50: 개별 | D50: 3Q | E50: =VLOOKUP($A50,종합!$A:$T,COLUMN(종합!E46),FALSE) -> 126749.75 | F50: =H50/G50-1 -> -0.99217225 | G50: =IF(COUNTIF(현재가!$A:$A,$B50),VLOOKUP($B50,현재가!$A:$B,2,FALSE),VLOOKUP($B50,현재가!$D:$E,2,FALSE)) -> 578000 | H50: =IFERROR(P50+((R50-(K50*Q50))/K50),"-") -> 4524.439 | I50: =IFERROR(P50,"-") -> 8925.9313 | J50: =IFERROR((R50-K50*Q50)/K50,"-") -> -4401.4922 | K50: =$K$3 -> 0.08 | L50: 0.052071266 | M50: =IFERROR(IF(S50/R50<0,0,1-(S50/R50)),"-") -> 0.66109102 | N50: =IFERROR(M50*L50,"-") -> 0.034423847 | O50: 436611361 | P50: =IFERROR(((W50-X50)*100000000)/O50,"-") -> 8925.9313 | Q50: =IFERROR((W50*100000000)/O50,"-") -> 10856.028 | R50: =IFERROR((V50*100000000)/O50,"-") -> 516.36283 | S50: 175 | T50: 0.0191441 | U50: 117764.68 | V50: =IFERROR(T50*U50,"-") -> 2254.4988 | W50: 47398.65 | X50: 8427.02 | Y50: 무선통신 | Z50: 111780.6 | AA50: 20039.82 | AB50: 2554.16
A51: A001800 | B51: 오리온
A52: A027410 | B52: BGF리테일
A53: A097950 | B53: CJ제일제당
A54: A032640 | B54: LG유플러스

Sheet RIM (연결)
A2: ='RIM (개별)'!A3 -> 삼성전자 | C2: 재무 | D2: 실적 | E2: 시가총액 | F2: 기대수익율 | G2: 주가 | H2: V | I2: 자산가치 | J2: 수익가치 | K2: 할인율 | L2: ROE평균 | M2: 유보율 | N2: 성장율 | O2: 순보통주 | P2: 수정 BPS | Q2: BPS | R2: EPS | S2: DPS평균 | T2: ROA평균 | U2: 총자산 | V2: 추정순이익 | W2: 자본총계 | X2: 무형자산 | Y2: 업종 | Z2: 매출액 | AA2: 매출채권 | AB2: 재고자산
C3: 연결 | D3: 3Q | E3: =VLOOKUP($A$2,$B:$AS,COLUMN(E8)-1,FALSE) -> #REF! | F3: =VLOOKUP($A$2,$B:$AS,COLUMN(F8)-1,FALSE) -> 31.202236 | G3: =VLOOKUP($A$2,$B:$AS,COLUMN(G8)-1,FALSE) -> 71500 | H3: =IFERROR(P3+((R3-(K3*Q3))/K3),"-") -> 2302459.9 | I3: =P3 -> 1182535.2 | J3: =IFERROR((R3-K3*Q3)/K3,"-") -> 1119924.7 | K3: ='RIM (개별)'!$K$3 -> 0.08 | L3: =VLOOKUP($A2,$B:$AA,COLUMN(L9)-1,FALSE) -> 0.16326412 | M3: =VLOOKUP($A2,$B:$AA,COLUMN(M9)-1,FALSE) -> 0.9264403 | N3: =VLOOKUP($A2,$B:$AA,COLUMN(N9)-1,FALSE) -> 0.15125446 | O3: =VLOOKUP($A2,$B:$AA,COLUMN(O9)-1,FALSE)+Y5 -> 142221078 | P3: =IFERROR(((W3-X3-U5-V5+W5-X5)*100000000)/O3,"-") -> 1182535.2 | Q3: =VLOOKUP($A2,$B:$AA,COLUMN(Q9)-1,FALSE) -> 1218312.1 | R3: =VLOOKUP($A2,$B:$AA,COLUMN(R9)-1,FALSE) -> 187058.95 | S3: =VLOOKUP($A2,$B:$AA,COLUMN(S9)-1,FALSE) -> 13760 | T3: =VLOOKUP($A2,$B:$AA,COLUMN(T9)-1,FALSE) -> 0.1088214 | U3: =VLOOKUP($A2,$B:$AA,COLUMN(U9)-1,FALSE) -> 2444714.6 | V3: =VLOOKUP($A2,$B:$AA,COLUMN(V9)-1,FALSE) -> 266037.25 | W3: =VLOOKUP($A2,$B:$AA,COLUMN(W9)-1,FALSE) -> 1732696.6 | X3: =VLOOKUP($A2,$B:$AA,COLUMN(X9)-1,FALSE) -> 50882.33 | ... AA3: =VLOOKUP($A2,$B:$AA,COLUMN(AA9)-1,FALSE) -> 243525.15 | AB3: =VLOOKUP($A2,$B:$AN,COLUMN(AB9)-1,FALSE) -> 183782.45
T4: 자본조정 | U4: 매출채권 | V4: 재고자산 | W4: 투자자산 | X4: 잠재부채 | Y4: 잠재주식수
T5: =X3+X5+U5+V5+W5 -> 50882.33 | U5: 0 | V5: 0 | W5: 0 | X5: 0 | Y5: ='RIM (개별)'!Y6 -> 0
A7: CODE | B7: 종목 | C7: 재무 | D7: 실적 | E7: 시가총액 (억) | F7: 기대수익율 | G7: 주가 (원) | H7: V (원) | I7: 자산가치 (원) | J7: 수익가치 (원) | K7: 할인율 | L7: ROE평균 | M7: 유보율 | N7: 성장율 | O7: 순보통주 | P7: 수정 BPS | Q7: BPS | R7: EPS | S7: DPS평균 | T7: ROA평균 | U7: 총자산 | V7: 추정순이익 | W7: 자본총계 | X7: 무형자산 | Y7: 업종 | Z7: 매출액 | AA7: 매출채권 | AB7: 재고자산
A8: A005930 | B8: 삼성전자 | C8: 연결 | D8: 3Q | E8: =VLOOKUP($A8,종합!$A:$T,COLUMN(종합!#REF!),FALSE) -> #REF! | F8: =IFERROR(H8/G8-1,"-") -> 31.202236 | G8: =IF(COUNTIF(현재가!$A:$A,$B8),VLOOKUP($B8,현재가!$A:$B,2,FALSE),VLOOKUP($B8,현재가!$D:$E,2,FALSE)) -> 71500 | H8: =IFERROR(P8+((R8-(K8*Q8))/K8),"-") -> 2302459.9 | I8: =IFERROR(P8,"-") -> 1182535.2 | J8: =IFERROR((R8-K8*Q8)/K8,"-") -> 1119924.7 | K8: ='RIM (개별)'!$K$3 -> 0.08 | L8: 0.16326412 | M8: =IFERROR(IF(S8/R8<0,0,1-(S8/R8)),"-") -> 0.9264403 | N8: =IFERROR(M8*L8,"-") -> 0.15125446 | O8: =VLOOKUP($A8,'RIM (개별)'!$A:$AA,COLUMN('RIM (개별)'!O10),FALSE) -> 142221078 | P8: =IFERROR(((W8-X8)*100000000)/O8,"-") -> 1182535.2 | Q8: =IFERROR((W8*100000000)/O8,"-") -> 1218312.1 | R8: =IFERROR((V8*100000000)/O8,"-") -> 187058.95 | S8: 13760 | T8: 0.1088214 | U8: 2444714.6 | V8: =IFERROR(T8*U8,"-") -> 266037.25 | W8: 1732696.6 | X8: 50882.33 | Y8: 휴대폰 및 관련부품 | Z8: 2018504.6 | AA8: 243525.15 | AB8: 183782.45
A9: A015760 | B9: 한국전력 | C9: 연결 | D9: 3Q | E9: =VLOOKUP($A9,종합!$A:$T,COLUMN(종합!E7),FALSE) -> 146367.81 | F9: =IFERROR(H9/G9-1,"-") -> 1.1059596 | G9: =IF(COUNTIF(현재가!$A:$A,$B9),VLOOKUP($B9,현재가!$A:$B,2,FALSE),VLOOKUP($B9,현재가!$D:$E,2,FALSE)) -> 22800 | H9: =IFERROR(P9+((R9-(K9*Q9))/K9),"-") -> 48015.878 | I9: =IFERROR(P9,"-") -> 109273.17 | J9: =IFERROR((R9-K9*Q9)/K9,"-") -> -61257.294 | K9: ='RIM (개별)'!$K$3 -> 0.08 | L9: 0.038950682 | M9: =IFERROR(IF(S9/R9<0,0,1-(S9/R9)),"-") -> 0.68844841 | N9: =IFERROR(M9*L9,"-") -> 0.026815535 | O9: =VLOOKUP($A9,'RIM (개별)'!$A:$AA,COLUMN('RIM (개별)'!O11),FALSE) -> 641964077 | P9: =IFERROR(((W9-X9)*100000000)/O9,"-") -> 109273.17 | Q9: =IFERROR((W9*100000000)/O9,"-") -> 110607.07 | R9: =IFERROR((V9*100000000)/O9,"-") -> 3947.9818 | S9: 1230 | T9: 0.014380828 | U9: 1762389.8 | V9: =IFERROR(T9*U9,"-") -> 25344.625 | W9: 710057.63 | X9: 8563.12 | Y9: 전력 | Z9: 595963.31 | AA9: 62168.41 | AB9: 47867.72
A10: A005380 | B10: 현대차 | C10: 연결 | D10: 3Q | E10: =VLOOKUP($A10,종합!$A:$T,COLUMN(종합!E8),FALSE) -> 451566.78 | F10: =IFERROR(H10/G10-1,"-") -> -0.47600669 | G10: =IF(COUNTIF(현재가!$A:$A,$B10),VLOOKUP($B10,현재가!$A:$B,2,FALSE),VLOOKUP($B10,현재가!$D:$E,2,FALSE)) -> 205000 | H10: =IFERROR(P10+((R10-(K10*Q10))/K10),"-") -> 107418.63 | I10: =IFERROR(P10,"-") -> 87693.014 | J10: =IFERROR((R10-K10*Q10)/K10,"-") -> 19725.613 | K10: ='RIM (개별)'!$K$3 -> 0.08 | L10: 0.077637626 | M10: =IFERROR(IF(S10/R10<0,0,1-(S10/R10)),"-") -> 0.94642953 | N10: =IFERROR(M10*L10,"-") -> 0.073478542 | O10: =VLOOKUP($A10,'RIM (개별)'!$A:$AA,COLUMN('RIM (개별)'!O12),FALSE) -> 169783683 | P10: =IFERROR(((W10-X10)*100000000)/O10,"-") -> 87693.014 | Q10: =IFERROR((W10*100000000)/O10,"-") -> 96943.145 | R10: =IFERROR((V10*100000000)/O10,"-") -> 9333.5007 | S10: 500 | T10: 0.039264156 | U10: 403593.57 | V10: =IFERROR(T10*U10,"-") -> 15846.761 | W10: 164593.64 | X10: 15705.213 | Y10: 복합 산업 | Z10: 273803.85 | AA10: 55633.188 | AB10: 13855.826
A11: A028260 | B11: 삼성물산 | C11: 연결 | D11: 3Q | E11: =VLOOKUP($A11,종합!$A:$T,COLUMN(종합!E9),FALSE) -> 231421.85 | F11: =IFERROR(H11/G11-1,"-") -> -0.65844793 | G11: =IF(COUNTIF(현재가!$A:$A,$B11),VLOOKUP($B11,현재가!$A:$B,2,FALSE),VLOOKUP($B11,현재가!$D:$E,2,FALSE)) -> 122000 | H11: =IFERROR(P11+((R11-(K11*Q11))/K11),"-") -> 41669.353 | I11: =IFERROR(P11,"-") -> 28604.698 | J11: =IFERROR((R11-K11*Q11)/K11,"-") -> 13064.655 | K11: ='RIM (개별)'!$K$3 -> 0.08 | L11: 0.12878316 | M11: =IFERROR(IF(S11/R11<0,0,1-(S11/R11)),"-") -> 0.88694675 | N11: =IFERROR(M11*L11,"-") -> 0.1142238 | O11: =VLOOKUP($A11,'RIM (개별)'!$A:$AA,COLUMN('RIM (개별)'!O13),FALSE) -> 706001795 | P11: =IFERROR(((W11-X11)*100000000)/O11,"-") -> 28604.698 | Q11: =IFERROR((W11*100000000)/O11,"-") -> 31162.292 | R11: =IFERROR((V11*100000000)/O11,"-") -> 3538.1557 | S11: 400 | T11: 0.08564284 | U11: 291669.95 | V11: =IFERROR(T11*U11,"-") -> 24979.443 | W11: 220006.34 | X11: 18056.66 | Y11: 반도체 및 관련장비 | Z11: 162563.33 | AA11: 23320.43 | AB11: 19950.02
A12: A035420 | B12: NAVER | C12: 연결 | D12: 3Q | E12: =VLOOKUP($A12,종합!$A:$T,COLUMN(종합!E10),FALSE) -> 128060.01 | F12: =IFERROR(H12/G12-1,"-") -> 0.11275303 | G12: =IF(COUNTIF(현재가!$A:$A,$B12),VLOOKUP($B12,현재가!$A:$B,2,FALSE),VLOOKUP($B12,현재가!$D:$E,2,FALSE)) -> 388500 | H12: =IFERROR(P12+((R12-(K12*Q12))/K12),"-") -> 432304.55 | I12: =IFERROR(P12,"-") -> 220064.46 | J12: =IFERROR((R12-K12*Q12)/K12,"-") -> 212240.09 | K12: ='RIM (개별)'!$K$3 -> 0.08 | L12: 0.16052969 | M12: =IFERROR(IF(S12/R12<0,0,1-(S12/R12)),"-") -> 0.9297318 | N12: =IFERROR(M12*L12,"-") -> 0.14924956 | O12: =VLOOKUP($A12,'RIM (개별)'!$A:$AA,COLUMN('RIM (개별)'!O14),FALSE) -> 272256111 | P12: =IFERROR(((W12-X12)*100000000)/O12,"-") -> 220064.46 | Q12: =IFERROR((W12*100000000)/O12,"-") -> 236042.36 | R12: =IFERROR((V12*100000000)/O12,"-") -> 35862.596 | S12: 2520 | T12: 0.058437584 | U12: 1670810.2 | V12: =IFERROR(T12*U12,"-") -> 97638.11 | W12: 642639.76 | X12: 43500.81 | Y12: 자동차 | Z12: 938757.92 | AA12: 71486.53 | AB12: 98846.74
A13: A012330 | B13: 현대모비스 | C13: 연결 | D13: 3Q | E13: =VLOOKUP($A13,종합!$A:$T,COLUMN(종합!E11),FALSE) -> 258934.68 | F13: =IFERROR(H13/G13-1,"-") -> 1.3860626 | G13: =IF(COUNTIF(현재가!$A:$A,$B13),VLOOKUP($B13,현재가!$A:$B,2,FALSE),VLOOKUP($B13,현재가!$D:$E,2,FALSE)) -> 266000 | H13: =IFERROR(P13+((R13-(K13*Q13))/K13),"-") -> 634692.65 | I13: =IFERROR(P13,"-") -> 124623.52 | J13: =IFERROR((R13-K13*Q13)/K13,"-") -> 510069.13 | K13: ='RIM (개별)'!$K$3 -> 0.08 | L13: 0.40463293 | M13: =IFERROR(IF(S13/R13<0,0,1-(S13/R13)),"-") -> 0.98525275 | N13: =IFERROR(M13*L13,"-") -> 0.3986657 | O13: =VLOOKUP($A13,'RIM (개별)'!$A:$AA,COLUMN('RIM (개별)'!O15),FALSE) -> 28807413 | P13: =IFERROR(((W13-X13)*100000000)/O13,"-") -> 124623.52 | Q13: =IFERROR((W13*100000000)/O13,"-") -> 128694.17 | R13: =IFERROR((V13*100000000)/O13,"-") -> 51101.065 | S13: 753.6 | T13: 0.24554218 | U13: 59952.611 | V13: =IFERROR(T13*U13,"-") -> 14720.895 | W13: 37073.462 | X13: 1172.6504 | Y13: 인터넷 서비스 | Z13: 38262.977 | AA13: 6311.3043 | AB13: 95.19633
A14: A000660 | B14: SK하이닉스 | C14: 연결 | D14: 3Q | E14: =VLOOKUP($A14,종합!$A:$T,COLUMN(종합!E12),FALSE) -> 684322.22 | F14: =IFERROR(H14/G14-1,"-") -> 4.8085881 | G14: =IF(COUNTIF(현재가!$A:$A,$B14),VLOOKUP($B14,현재가!$A:$B,2,FALSE),VLOOKUP($B14,현재가!$D:$E,2,FALSE)) -> 94000 | H14: =IFERROR(P14+((R14-(K14*Q14))/K14),"-") -> 546007.28 | I14: =IFERROR(P14,"-") -> 278264.62 | J14: =IFERROR((R14-K14*Q14)/K14,"-") -> 267742.67 | K14: ='RIM (개별)'!$K$3 -> 0.08 | L14: 0.17911569 | M14: =IFERROR(IF(S14/R14<0,0,1-(S14/R14)),"-") -> 0.94558097 | N14: =IFERROR(M14*L14,"-") -> 0.16936839 | O14: =VLOOKUP($A14,'RIM (개별)'!$A:$AA,COLUMN('RIM (개별)'!O16),FALSE) -> 94700668 | P14: =IFERROR(((W14-X14)*100000000)/O14,"-") -> 278264.62 | Q14: =IFERROR((W14*100000000)/O14,"-") -> 288129.06 | R14: =IFERROR((V14*100000000)/O14,"-") -> 44469.738 | S14: 2420 | T14: 0.10753137 | U14: 391635.84 | V14: =IFERROR(T14*U14,"-") -> 42113.139 | W14: 272860.14 | X14: 9341.69 | Y14: 자동차부품 | Z14: 379604.81 | AA14: 59818.16 | AB14: 27064.2
A15: A090430 | B15: 아모레퍼시픽 | C15: 연결 | D15: 3Q | E15: =VLOOKUP($A15,종합!$A:$T,COLUMN(종합!E13),FALSE) -> 106102.16 | F15: =IFERROR(H15/G15-1,"-") -> -0.43934505 | G15: =IF(COUNTIF(현재가!$A:$A,$B15),VLOOKUP($B15,현재가!$A:$B,2,FALSE),VLOOKUP($B15,현재가!$D:$E,2,FALSE)) -> 181500 | H15: =IFERROR(P15+((R15-(K15*Q15))/K15),"-") -> 101758.87 | I15: =IFERROR(P15,"-") -> 51993.904 | J15: =IFERROR((R15-K15*Q15)/K15,"-") -> 49764.97 | K15: ='RIM (개별)'!$K$3 -> 0.08 | L15: 0.15325387 | M15: =IFERROR(IF(S15/R15<0,0,1-(S15/R15)),"-") -> 0.89996465 | N15: =IFERROR(M15*L15,"-") -> 0.13792307 | O15: =VLOOKUP($A15,'RIM (개별)'!$A:$AA,COLUMN('RIM (개별)'!O17),FALSE) -> 68983279 | P15: =IFERROR(((W15-X15)*100000000)/O15,"-") -> 51993.904 | Q15: =IFERROR((W15*100000000)/O15,"-") -> 55197.923 | R15: =IFERROR((V15*100000000)/O15,"-") -> 8397.0314 | S15: 840 | T15: 0.11550406 | U15: 50150.166 | V15: =IFERROR(T15*U15,"-") -> 5792.5476 | W15: 38077.337 | X15: 2210.2375 | Y15: 개인생활용품 | Z15: 55551.811 | AA15: 3792.2203 | AB15: 3697.9792
A16: A005490 | B16: POSCO | C16: 연결 | D16: 3Q | E16: =VLOOKUP($A16,종합!$A:$T,COLUMN(종합!E14),FALSE) -> 278997.87 | F16: =IFERROR(H16/G16-1,"-") -> -0.44892139 | G16: =IF(COUNTIF(현재가!$A:$A,$B16),VLOOKUP($B16,현재가!$A:$B,2,FALSE),VLOOKUP($B16,현재가!$D:$E,2,FALSE)) -> 320000 | H16: =IFERROR(P16+((R16-(K16*Q16))/K16),"-") -> 176345.15 | I16: =IFERROR(P16,"-") -> 443395.71 | J16: =IFERROR((R16-K16*Q16)/K16,"-") -> -267050.56 | K16: ='RIM (개별)'!$K$3 -> 0.08 | L16: 0.041760668 | M16: =IFERROR(IF(S16/R16<0,0,1-(S16/R16)),"-") -> 0.5863801 | N16: =IFERROR(M16*L16,"-") -> 0.024487624 | O16: =VLOOKUP($A16,'RIM (개별)'!$A:$AA,COLUMN('RIM (개별)'!O18),FALSE) -> 79997665 | P16: =IFERROR(((W16-X16)*100000000)/O16,"-") -> 443395.71 | Q16: =IFERROR((W16*100000000)/O16,"-") -> 520906.82 | R16: =IFERROR((V16*100000000)/O16,"-") -> 20308.501 | S16: 8400 | T16: 0.021081946 | U16: 770627.47 | V16: =IFERROR(T16*U16,"-") -> 16246.326 | W16: 416713.29 | X16: 62007.074 | Y16: 금속 및 광물 | Z16: 519720.92 | AA16: 96859.179 | AB16: 79024.524
A17: A017670 | B17: SK텔레콤 | C17: 연결 | D17: 3Q | E17: =VLOOKUP($A17,종합!$A:$T,COLUMN(종합!E15),FALSE) -> 245870.69 | F17: =IFERROR(H17/G17-1,"-") -> -0.22832868 | G17: =IF(COUNTIF(현재가!$A:$A,$B17),VLOOKUP($B17,현재가!$A:$B,2,FALSE),VLOOKUP($B17,현재가!$D:$E,2,FALSE)) -> 304500 | H17: =IFERROR(P17+((R17-(K17*Q17))/K17),"-") -> 234973.92 | I17: =IFERROR(P17,"-") -> 145535.82 | J17: =IFERROR((R17-K17*Q17)/K17,"-") -> 89438.097 | K17: ='RIM (개별)'!$K$3 -> 0.08 | L17: 0.11753693 | M17: =IFERROR(IF(S17/R17<0,0,1-(S17/R17)),"-") -> 0.6126568 | N17: =IFERROR(M17*L17,"-") -> 0.072009801 | O17: =VLOOKUP($A17,'RIM (개별)'!$A:$AA,COLUMN('RIM (개별)'!O19),FALSE) -> 70609160 | P17: =IFERROR(((W17-X17)*100000000)/O17,"-") -> 145535.82 | Q17: =IFERROR((W17*100000000)/O17,"-") -> 217782.99 | R17: =IFERROR((V17*100000000)/O17,"-") -> 24577.687 | S17: 9520 | T17: 0.058716577 | U17: 295557.05 | V17: =IFERROR(T17*U17,"-") -> 17354.098 | W17: 153774.74 | X17: 51013.12 | Y17: 무선통신 | Z17: 171189.05 | AA17: 35951.69 | AB17: 2740.47
A18: A051910 | B18: LG화학 | C18: 연결 | D18: 3Q | E18: =VLOOKUP($A18,종합!$A:$T,COLUMN(종합!E16),FALSE) -> 539325.5 | F18: =IFERROR(H18/G18-1,"-") -> -0.82235269 | G18: =IF(COUNTIF(현재가!$A:$A,$B18),VLOOKUP($B18,현재가!$A:$B,2,FALSE),VLOOKUP($B18,현재가!$D:$E,2,FALSE)) -> 764000 | H18: =IFERROR(P18+((R18-(K18*Q18))/K18),"-") -> 135722.55 | I18: =IFERROR(P18,"-") -> 58208.264 | J18: =IFERROR((R18-K18*Q18)/K18,"-") -> 77514.283 | K18: ='RIM (개별)'!$K$3 -> 0.08 | L18: 0.19011205 | M18: =IFERROR(IF(S18/R18<0,0,1-(S18/R18)),"-") -> 0.92835566 | N18: =IFERROR(M18*L18,"-") -> 0.1764916 | O18: =VLOOKUP($A18,'RIM (개별)'!$A:$AA,COLUMN('RIM (개별)'!O20),FALSE) -> 400931263 | P18: =IFERROR(((W18-X18)*100000000)/O18,"-") -> 58208.264 | Q18: =IFERROR((W18*100000000)/O18,"-") -> 63808.813 | R18: =IFERROR((V18*100000000)/O18,"-") -> 11305.848 | S18: 810 | T18: 0.09466507 | U18: 478832.14 | V18: =IFERROR(T18*U18,"-") -> 45328.678 | W18: 255829.48 | X18: 22454.35 | Y18: 자동차 | Z18: 525899.72 | AA18: 28165.08 | AB18: 72486.67
A19: A000270 | B19: 기아 | C19: 연결 | D19: 3Q | E19: =VLOOKUP($A19,종합!$A:$T,COLUMN(종합!E17),FALSE) -> 331992.58 | F19: =IFERROR(H19/G19-1,"-") -> 0.23393765 | G19: =IF(COUNTIF(현재가!$A:$A,$B19),VLOOKUP($B19,현재가!$A:$B,2,FALSE),VLOOKUP($B19,현재가!$D:$E,2,FALSE)) -> 81900 | H19: =IFERROR(P19+((R19-(K19*Q19))/K19),"-") -> 101059.49 | I19: =IFERROR(P19,"-") -> 51626.063 | J19: =IFERROR((R19-K19*Q19)/K19,"-") -> 49433.431 | K19: ='RIM (개별)'!$K$3 -> 0.08 | L19: 0.15496886 | M19: =IFERROR(IF(S19/R19<0,0,1-(S19/R19)),"-") -> 0.59767662 | N19: =IFERROR(M19*L19,"-") -> 0.092621263 | O19: =VLOOKUP($A19,'RIM (개별)'!$A:$AA,COLUMN('RIM (개별)'!O21),FALSE) -> 126265127 | P19: =IFERROR(((W19-X19)*100000000)/O19,"-") -> 51626.063 | Q19: =IFERROR((W19*100000000)/O19,"-") -> 52474.641 | R19: =IFERROR((V19*100000000)/O19,"-") -> 8152.6458 | S19: 3280 | T19: 0.11638991 | U19: 88443.65 | V19: =IFERROR(T19*U19,"-") -> 10293.949 | W19: 66257.172 | X19: 1071.4587 | Y19: 담배 | Z19: 42663.092 | AA19: 13706.494 | AB19: 19425.815
A20: A033780 | B20: KT&G | C20: 연결 | D20: 3Q | E20: =VLOOKUP($A20,종합!$A:$T,COLUMN(종합!E18),FALSE) -> 110795.05 | F20: =IFERROR(H20/G20-1,"-") -> 2.2234946 | G20: =IF(COUNTIF(현재가!$A:$A,$B20),VLOOKUP($B20,현재가!$A:$B,2,FALSE),VLOOKUP($B20,현재가!$D:$E,2,FALSE)) -> 80700 | H20: =IFERROR(P20+((R20-(K20*Q20))/K20),"-") -> 260136.01 | I20: =IFERROR(P20,"-") -> 164606.67 | J20: =IFERROR((R20-K20*Q20)/K20,"-") -> 95529.338 | K20: ='RIM (개별)'!$K$3 -> 0.08 | L20: 0.12935529 | M20: =IFERROR(IF(S20/R20<0,0,1-(S20/R20)),"-") -> 0.81012068 | N20: =IFERROR(M20*L20,"-") -> 0.1047934 | O20: =VLOOKUP($A20,'RIM (개별)'!$A:$AA,COLUMN('RIM (개별)'!O22),FALSE) -> 77921348 | P20: =IFERROR(((W20-X20)*100000000)/O20,"-") -> 164606.67 | Q20: =IFERROR((W20*100000000)/O20,"-") -> 174378.94 | R20: =IFERROR((V20*100000000)/O20,"-") -> 21592.662 | S20: 4100 | T20: 0.083959845 | U20: 200396.91 | V20: =IFERROR(T20*U20,"-") -> 16825.293 | W20: 135878.42 | X20: 7614.68 | Y20: 화학 | Z20: 201881.89 | AA20: 33484.55 | AB20: 27170.69
... A48: A036570 | B48: 엔씨소프트 | C48: 연결 | D48: 3Q | E48: =VLOOKUP($A48,종합!$A:$T,COLUMN(종합!E46),FALSE) -> 126749.75 | F48: =IFERROR(H48/G48-1,"-") -> -0.99245465 | G48: =IF(COUNTIF(현재가!$A:$A,$B48),VLOOKUP($B48,현재가!$A:$B,2,FALSE),VLOOKUP($B48,현재가!$D:$E,2,FALSE)) -> 578000 | H48: =IFERROR(P48+((R48-(K48*Q48))/K48),"-") -> 4361.213 | I48: =IFERROR(P48,"-") -> 8842.1542 | J48: =IFERROR((R48-K48*Q48)/K48,"-") -> -4480.9412 | K48: ='RIM (개별)'!$K$3 -> 0.08 | L48: 0.051085991 | M48: =IFERROR(IF(S48/R48<0,0,1-(S48/R48)),"-") -> 0.65354089 | N48: =IFERROR(M48*L48,"-") -> 0.033386784 | O48: =VLOOKUP($A48,'RIM (개별)'!$A:$AA,COLUMN('RIM (개별)'!O50),FALSE) -> 436611361 | P48: =IFERROR(((W48-X48)*100000000)/O48,"-") -> 8842.1542 | Q48: =IFERROR((W48*100000000)/O48,"-") -> 10794.818 | R48: =IFERROR((V48*100000000)/O48,"-") -> 505.11011 | S48: 175 | T48: 0.018702863 | U48: 117916.07 | V48: =IFERROR(T48*U48,"-") -> 2205.3681 | W48: 47131.4 | X48: 8525.55 | Y48: 무선통신 | Z48: 111899.97 | AA48: 20095.98 | AB48: 2597.15
A49: A001800 | B49: 오리온
A50: A027410 | B50: BGF리테일
A51: A097950 | B51: CJ제일제당
A52: A032640 | B52: LG유플러스

Sheet 무성장가치
E2: 할인율 | G2: 삼성전자 | I2: 주가 | J2: 무성장가치 | K2: 성장 프리미엄
D3: 입력F | E3: 0.08 | I3: =VLOOKUP($G2,$B:$X,COLUMN(I6)-1,FALSE) -> 71500 | J3: =VLOOKUP($G2,$B:$X,COLUMN(J6)-1,FALSE) -> 1493125.8 | K3: =VLOOKUP($G2,$B:$X,COLUMN(K6)-1,FALSE) -> 없음
A5: CODE | B5: 종목 | C5: 주재무 | D5: 실적 | E5: 시가총액 (억) | F5: PER | G5: PBR | H5: ROE | I5: 주가 (원) | J5: 무성장가치 (원) | K5: 성장 프리미엄 | L5: EPS 3년평균 | M5: EPS 3Q연환산 | N5: EPS 2015 | O5: EPS 2014 | P5: 업종 | Q5: 주식수
A6: A005930 | B6: 삼성전자 | C6: 연결 | D6: 3Q | E6: =I6*Q6/100000000 -> 100585.73 | F6: =VLOOKUP($A6,종합!$A:$T,COLUMN(종합!F6),FALSE) -> - | G6: =VLOOKUP($A6,종합!$A:$T,COLUMN(종합!G6),FALSE) -> - | H6: =VLOOKUP($A6,종합!$A:$T,COLUMN(종합!H6),FALSE) -> - | I6: =IF(COUNTIF(현재가!$A:$A,$B6),VLOOKUP($B6,현재가!$A:$B,2,FALSE),VLOOKUP($B6,현재가!$D:$E,2,FALSE)) -> 71500 | J6: =L6/$E$3 -> 1493125.8 | K6: =IF((I6/J6-1)>0,I6/J6-1,"없음") -> 없음 | L6: 119450.06 | M6: 112794.14 | N6: 109882.59 | O6: 135673.45 | P6: 휴대폰 및 관련부품 | Q6: 140679337
A7: A015760 | B7: 한국전력 | C7: 연결 | D7: 3Q | E7: =I7*Q7/100000000 -> 146367.81 | F7: =VLOOKUP($A7,종합!$A:$T,COLUMN(종합!F7),FALSE) -> 1.7572433 | G7: =VLOOKUP($A7,종합!$A:$T,COLUMN(종합!G7),FALSE) -> 0.20613511 | H7: =VLOOKUP($A7,종합!$A:$T,COLUMN(종합!H7),FALSE) -> 0.11730596 | I7: =IF(COUNTIF(현재가!$A:$A,$B7),VLOOKUP($B7,현재가!$A:$B,2,FALSE),VLOOKUP($B7,현재가!$D:$E,2,FALSE)) -> 22800 | J7: =L7/$E$3 -> 157754.12 | K7: =IF((I7/J7-1)>0,I7/J7-1,"없음") -> 없음 | L7: 12620.33 | M7: 12974.87 | N7: 20700.73 | O7: 4185.39 | P7: 전력 | Q7: 641964077
A8: A005380 | B8: 현대차 | C8: 연결 | D8: 3Q | E8: =I8*Q8/100000000 -> 388864.59 | F8: =VLOOKUP($A8,종합!$A:$T,COLUMN(종합!F9),FALSE) -> 7.4789359 | G8: =VLOOKUP($A8,종합!$A:$T,COLUMN(종합!G9),FALSE) -> 0.70267483 | H8: =VLOOKUP($A8,종합!$A:$T,COLUMN(종합!H9),FALSE) -> 0.093953851 | I8: =IF(COUNTIF(현재가!$A:$A,$B8),VLOOKUP($B8,현재가!$A:$B,2,FALSE),VLOOKUP($B8,현재가!$D:$E,2,FALSE)) -> 205000 | J8: =L8/$E$3 -> 83281.667 | K8: =IF((I8/J8-1)>0,I8/J8-1,"없음") -> 1.4615261 | L8: 6662.5333 | M8: -1393.97 | N8: 17749.13 | O8: 3632.44 | P8: 복합 산업 | Q8: 189690043
A9: A028260 | B9: 삼성물산 | C9: 연결 | D9: 3Q | E9: =I9*Q9/100000000 -> 888162.89 | F9: =VLOOKUP($A9,종합!$A:$T,COLUMN(종합!F12),FALSE) -> -86.775022 | G9: =VLOOKUP($A9,종합!$A:$T,COLUMN(종합!G12),FALSE) -> 1.4060194 | H9: =VLOOKUP($A9,종합!$A:$T,COLUMN(종합!H12),FALSE) -> -0.016203043 | I9: =IF(COUNTIF(현재가!$A:$A,$B9),VLOOKUP($B9,현재가!$A:$B,2,FALSE),VLOOKUP($B9,현재가!$D:$E,2,FALSE)) -> 122000 | J9: =L9/$E$3 -> 61341.083 | K9: =IF((I9/J9-1)>0,I9/J9-1,"없음") -> 0.98887912 | L9: 4907.2867 | M9: 3018.34 | N9: 5937.28 | O9: 5766.24 | P9: 반도체 및 관련장비 | Q9: 728002365
A10: A035420 | B10: NAVER | C10: 연결 | D10: 3Q | E10: =I10*Q10/100000000 -> 855774.12 | F10: =VLOOKUP($A10,종합!$A:$T,COLUMN(종합!F8),FALSE) -> 17.923567 | G10: =VLOOKUP($A10,종합!$A:$T,COLUMN(종합!G8),FALSE) -> 3.4542231 | H10: =VLOOKUP($A10,종합!$A:$T,COLUMN(종합!H8),FALSE) -> 0.19271963 | I10: =IF(COUNTIF(현재가!$A:$A,$B10),VLOOKUP($B10,현재가!$A:$B,2,FALSE),VLOOKUP($B10,현재가!$D:$E,2,FALSE)) -> 388500 | J10: =L10/$E$3 -> 319935 | K10: =IF((I10/J10-1)>0,I10/J10-1,"없음") -> 0.21430916 | L10: 25594.8 | M10: 23412.46 | N10: 24883.84 | O10: 28488.1 | P10: 자동차 | Q10: 220276479
A11: A012330 | B11: 현대모비스 | C11: 연결 | D11: 3Q | E11: =I11*Q11/100000000 -> 87680.726 | F11: =VLOOKUP($A11,종합!$A:$T,COLUMN(종합!F10),FALSE) -> 8.0958982 | G11: =VLOOKUP($A11,종합!$A:$T,COLUMN(종합!G10),FALSE) -> 0.94896483 | H11: =VLOOKUP($A11,종합!$A:$T,COLUMN(종합!H10),FALSE) -> 0.11721551 | I11: =IF(COUNTIF(현재가!$A:$A,$B11),VLOOKUP($B11,현재가!$A:$B,2,FALSE),VLOOKUP($B11,현재가!$D:$E,2,FALSE)) -> 266000 | J11: =L11/$E$3 -> 213332.46 | K11: =IF((I11/J11-1)>0,I11/J11-1,"없음") -> 0.24688011 | L11: 17066.597 | M11: 21675.37 | N11: 15737.39 | O11: 13787.03 | P11: 인터넷 서비스 | Q11: 32962679
A12: A000660 | B12: SK하이닉스 | C12: 연결 | D12: 3Q | E12: =I12*Q12/100000000 -> 91503.231 | F12: =VLOOKUP($A12,종합!$A:$T,COLUMN(종합!F11),FALSE) -> 31.142941 | G12: =VLOOKUP($A12,종합!$A:$T,COLUMN(종합!G11),FALSE) -> 3.1104659 | H12: =VLOOKUP($A12,종합!$A:$T,COLUMN(종합!H11),FALSE) -> 0.099877076 | I12: =IF(COUNTIF(현재가!$A:$A,$B12),VLOOKUP($B12,현재가!$A:$B,2,FALSE),VLOOKUP($B12,현재가!$D:$E,2,FALSE)) -> 94000 | J12: =L12/$E$3 -> 414193.17 | K12: =IF((I12/J12-1)>0,I12/J12-1,"없음") -> 없음 | L12: 33135.453 | M12: 32854.8 | N12: 31386.56 | O12: 35165 | P12: 자동차부품 | Q12: 97343863
A13: A090430 | B13: 아모레퍼시픽 | C13: 연결 | D13: 3Q | E13: =I13*Q13/100000000 -> 106102.16 | F13: =VLOOKUP($A13,종합!$A:$T,COLUMN(종합!F13),FALSE) -> 16.675699 | G13: =VLOOKUP($A13,종합!$A:$T,COLUMN(종합!G13),FALSE) -> 2.786491 | H13: =VLOOKUP($A13,종합!$A:$T,COLUMN(종합!H13),FALSE) -> 0.16709891 | I13: =IF(COUNTIF(현재가!$A:$A,$B13),VLOOKUP($B13,현재가!$A:$B,2,FALSE),VLOOKUP($B13,현재가!$D:$E,2,FALSE)) -> 181500 | J13: =L13/$E$3 -> 105387.58 | K13: =IF((I13/J13-1)>0,I13/J13-1,"없음") -> 0.72221427 | L13: 8431.0067 | M13: 9219.1 | N13: 9703.95 | O13: 6369.97 | P13: 개인생활용품 | Q13: 58458490
A14: A005490 | B14: POSCO | C14: 연결 | D14: 3Q | E14: =I14*Q14/100000000 -> 278997.87 | F14: =VLOOKUP($A14,종합!$A:$T,COLUMN(종합!F14),FALSE) -> 20.180326 | G14: =VLOOKUP($A14,종합!$A:$T,COLUMN(종합!G14),FALSE) -> 0.66951998 | H14: =VLOOKUP($A14,종합!$A:$T,COLUMN(종합!H14),FALSE) -> 0.033176867 | I14: =IF(COUNTIF(현재가!$A:$A,$B14),VLOOKUP($B14,현재가!$A:$B,2,FALSE),VLOOKUP($B14,현재가!$D:$E,2,FALSE)) -> 320000 | J14: =L14/$E$3 -> 104625.42 | K14: =IF((I14/J14-1)>0,I14/J14-1,"없음") -> 2.0585302 | L14: 8370.0333 | M14: 15857.03 | N14: 2071.95 | O14: 7181.12 | P14: 금속 및 광물 | Q14: 87186835
A15: A017670 | B15: SK텔레콤 | C15: 연결 | D15: 3Q | E15: =I15*Q15/100000000 -> 245870.69 | F15: =VLOOKUP($A15,종합!$A:$T,COLUMN(종합!F15),FALSE) -> 16.578126 | G15: =VLOOKUP($A15,종합!$A:$T,COLUMN(종합!G15),FALSE) -> 1.5989017 | H15: =VLOOKUP($A15,종합!$A:$T,COLUMN(종합!H15),FALSE) -> 0.096446464 | I15: =IF(COUNTIF(현재가!$A:$A,$B15),VLOOKUP($B15,현재가!$A:$B,2,FALSE),VLOOKUP($B15,현재가!$D:$E,2,FALSE)) -> 304500 | J15: =L15/$E$3 -> 247840.04 | K15: =IF((I15/J15-1)>0,I15/J15-1,"없음") -> 0.22861503 | L15: 19827.203 | M15: 18367.58 | N15: 18807.24 | O15: 22306.79 | P15: 무선통신 | Q15: 80745711
A16: A051910 | B16: LG화학 | C16: 연결 | D16: 3Q | E16: =I16*Q16/100000000 -> 3096976 | F16: =VLOOKUP($A16,종합!$A:$T,COLUMN(종합!F17),FALSE) -> 44.112744 | G16: =VLOOKUP($A16,종합!$A:$T,COLUMN(종합!G17),FALSE) -> 3.969177 | H16: =VLOOKUP($A16,종합!$A:$T,COLUMN(종합!H17),FALSE) -> 0.089978011 | I16: =IF(COUNTIF(현재가!$A:$A,$B16),VLOOKUP($B16,현재가!$A:$B,2,FALSE),VLOOKUP($B16,현재가!$D:$E,2,FALSE)) -> 764000 | J16: =L16/$E$3 -> 87263.542 | K16: =IF((I16/J16-1)>0,I16/J16-1,"없음") -> 7.7550882 | L16: 6981.0833 | M16: 7068.8 | N16: 6489.49 | O16: 7384.96 | P16: 자동차 | Q16: 405363347
A17: A000270 | B17: 기아 | C17: 연결 | D17: 3Q | E17: =I17*Q17/100000000 -> 112442.56 | F17: =VLOOKUP($A17,종합!$A:$T,COLUMN(종합!F18),FALSE) -> 11.586131 | G17: =VLOOKUP($A17,종합!$A:$T,COLUMN(종합!G18),FALSE) -> 1.2977104 | H17: =VLOOKUP($A17,종합!$A:$T,COLUMN(종합!H18),FALSE) -> 0.1120055 | I17: =IF(COUNTIF(현재가!$A:$A,$B17),VLOOKUP($B17,현재가!$A:$B,2,FALSE),VLOOKUP($B17,현재가!$D:$E,2,FALSE)) -> 81900 | J17: =L17/$E$3 -> 86302.25 | K17: =IF((I17/J17-1)>0,I17/J17-1,"없음") -> 없음 | L17: 6904.18 | M17: 7155.19 | N17: 7543.87 | O17: 6013.48 | P17: 담배 | Q17: 137292497
A18: A033780 | B18: KT&G | C18: 연결 | D18: 3Q | E18: =I18*Q18/100000000 -> 56968.021 | F18: =VLOOKUP($A18,종합!$A:$T,COLUMN(종합!F16),FALSE) -> 11.278526 | G18: =VLOOKUP($A18,종합!$A:$T,COLUMN(종합!G16),FALSE) -> 1.672197 | H18: =VLOOKUP($A18,종합!$A:$T,COLUMN(종합!H16),FALSE) -> 0.14826379 | I18: =IF(COUNTIF(현재가!$A:$A,$B18),VLOOKUP($B18,현재가!$A:$B,2,FALSE),VLOOKUP($B18,현재가!$D:$E,2,FALSE)) -> 80700 | J18: =L18/$E$3 -> 182877.58 | K18: =IF((I18/J18-1)>0,I18/J18-1,"없음") -> 없음 | L18: 14630.207 | M18: 16544.07 | N18: 15601.98 | O18: 11744.57 | P18: 화학 | Q18: 70592343
A19: A034730 | B19: SK | C19: 연결 | D19: 3Q | E19: =I19*Q19/100000000 -> 180825.96 | F19: =VLOOKUP($A19,종합!$A:$T,COLUMN(종합!F19),FALSE) -> 18.660166 | G19: =VLOOKUP($A19,종합!$A:$T,COLUMN(종합!G19),FALSE) -> 1.3998689 | H19: =VLOOKUP($A19,종합!$A:$T,COLUMN(종합!H19),FALSE) -> 0.075019102 | I19: =IF(COUNTIF(현재가!$A:$A,$B19),VLOOKUP($B19,현재가!$A:$B,2,FALSE),VLOOKUP($B19,현재가!$D:$E,2,FALSE)) -> 257000 | J19: =L19/$E$3 -> 455747.88 | K19: =IF((I19/J19-1)>0,I19/J19-1,"없음") -> 없음 | L19: 36459.83 | M19: 13662.72 | N19: 93170.89 | O19: 2545.88 | P19: 석유 및 가스 | Q19: 70360297
A20: A051900 | B20: LG생활건강 | C20: 연결 | D20: 3Q | E20: =I20*Q20/100000000 -> 216155.85 | F20: =VLOOKUP($A20,종합!$A:$T,COLUMN(종합!F20),FALSE) -> 36.330368 | G20: =VLOOKUP($A20,종합!$A:$T,COLUMN(종합!G20),FALSE) -> 8.6847275 | H20: =VLOOKUP($A20,종합!$A:$T,COLUMN(종합!H20),FALSE) -> 0.23904871 | I20: =IF(COUNTIF(현재가!$A:$A,$B20),VLOOKUP($B20,현재가!$A:$B,2,FALSE),VLOOKUP($B20,현재가!$D:$E,2,FALSE)) -> 1384000 | J20: =L20/$E$3 -> 330352.54 | K20: =IF((I20/J20-1)>0,I20/J20-1,"없음") -> 3.1894638 | L20: 26428.203 | M20: 33580.34 | N20: 25982.28 | O20: 19721.99 | P20: 가정생활용품 | Q20: 15618197
A21: A096770 | B21: SK이노베이션 | C21: 연결 | D21: 3Q | E21: =I21*Q21/100000000 -> 229314.6 | F21: =VLOOKUP($A21,종합!$A:$T,COLUMN(종합!F21),FALSE) -> 17.298867 | G21: =VLOOKUP($A21,종합!$A:$T,COLUMN(종합!G21),FALSE) -> 1.3697576 | H21: =VLOOKUP($A21,종합!$A:$T,COLUMN(종합!H21),FALSE) -> 0.079181929 | I21: =IF(COUNTIF(현재가!$A:$A,$B21),VLOOKUP($B21,현재가!$A:$B,2,FALSE),VLOOKUP($B21,현재가!$D:$E,2,FALSE)) -> 248000 | J21: =L21/$E$3 -> 68990.958 | K21: =IF((I21/J21-1)>0,I21/J21-1,"없음") -> 2.5946739 | L21: 5519.2767 | M21: 14145.22 | N21: 8695.9 | O21: -6283.29 | P21: 석유 및 가스 | Q21: 92465564
A22: A018260 | B22: 삼성에스디에스 | C22: 연결 | D22: 3Q | E22: =I22*Q22/100000000 -> 132345.38 | F22: =VLOOKUP($A22,종합!$A:$T,COLUMN(종합!F24),FALSE) -> 25.982276 | G22: =VLOOKUP($A22,종합!$A:$T,COLUMN(종합!G24),FALSE) -> 2.5684343 | H22: =VLOOKUP($A22,종합!$A:$T,COLUMN(종합!H24),FALSE) -> 0.098853325 | I22: =IF(COUNTIF(현재가!$A:$A,$B22),VLOOKUP($B22,현재가!$A:$B,2,FALSE),VLOOKUP($B22,현재가!$D:$E,2,FALSE)) -> 160500 | J22: =L22/$E$3 -> 42051.875 | K22: =IF((I22/J22-1)>0,I22/J22-1,"없음") -> 2.8167145 | L22: 3364.15 | M22: 4237.41 | N22: 3158.41 | O22: 2696.63 | P22: 개인생활용품 | Q22: 82458180
A23: A068270 | B23: 셀트리온 | C23: 연결 | D23: 3Q | E23: =I23*Q23/100000000 -> 173326.27 | F23: =VLOOKUP($A23,종합!$A:$T,COLUMN(종합!F22),FALSE) -> 147.81101 | G23: =VLOOKUP($A23,종합!$A:$T,COLUMN(종합!G22),FALSE) -> 13.191926 | H23: =VLOOKUP($A23,종합!$A:$T,COLUMN(종합!H22),FALSE) -> 0.089248604 | I23: =IF(COUNTIF(현재가!$A:$A,$B23),VLOOKUP($B23,현재가!$A:$B,2,FALSE),VLOOKUP($B23,현재가!$D:$E,2,FALSE)) -> 224000 | J23: =L23/$E$3 -> 71612.125 | K23: =IF((I23/J23-1)>0,I23/J23-1,"없음") -> 2.1279619 | L23: 5728.97 | M23: 6177.29 | N23: 5673.72 | O23: 5335.9 | P23: IT 서비스 | Q23: 77377800
A24: A002790 | B24: 아모레G | C24: 연결 | D24: 3Q | E24: =I24*Q24/100000000 -> 58007.668 | F24: =VLOOKUP($A24,종합!$A:$T,COLUMN(종합!F23),FALSE) -> 11.740652 | G24: =VLOOKUP($A24,종합!$A:$T,COLUMN(종합!G23),FALSE) -> 1.463395 | H24: =VLOOKUP($A24,종합!$A:$T,COLUMN(종합!H23),FALSE) -> 0.12464342 | I24: =IF(COUNTIF(현재가!$A:$A,$B24),VLOOKUP($B24,현재가!$A:$B,2,FALSE),VLOOKUP($B24,현재가!$D:$E,2,FALSE)) -> 49750 | J24: =L24/$E$3 -> 16068.417 | K24: =IF((I24/J24-1)>0,I24/J24-1,"없음") -> 2.0961358 | L24: 1285.4733 | M24: 1516.93 | N24: 1331.91 | O24: 1007.58 | P24: 바이오 | Q24: 116598327
A25: A003550 | B25: LG | C25: 연결 | D25: 3Q | E25: =I25*Q25/100000000 -> 69844 | F25: =VLOOKUP($A25,종합!$A:$T,COLUMN(종합!F27),FALSE) -> 14.780226 | G25: =VLOOKUP($A25,종합!$A:$T,COLUMN(종합!G27),FALSE) -> 1.1768438 | H25: =VLOOKUP($A25,종합!$A:$T,COLUMN(종합!H27),FALSE) -> 0.079622852 | I25: =IF(COUNTIF(현재가!$A:$A,$B25),VLOOKUP($B25,현재가!$A:$B,2,FALSE),VLOOKUP($B25,현재가!$D:$E,2,FALSE)) -> 91900 | J25: =L25/$E$3 -> -147631.46 | K25: =IF((I25/J25-1)>0,I25/J25-1,"없음") -> 없음 | L25: -11810.517 | M25: 5609.58 | N25: -17761.99 | O25: -23279.14 | P25: 조선 | Q25: 76000000
A26: A034220 | B26: LG디스플레이 | C26: 연결 | D26: 3Q | E26: =I26*Q26/100000000 -> 64049.01 | F26: =VLOOKUP($A26,종합!$A:$T,COLUMN(종합!F26),FALSE) -> 68.987851 | G26: =VLOOKUP($A26,종합!$A:$T,COLUMN(종합!G26),FALSE) -> 0.54086842 | H26: =VLOOKUP($A26,종합!$A:$T,COLUMN(종합!H26),FALSE) -> 0.0078400532 | I26: =IF(COUNTIF(현재가!$A:$A,$B26),VLOOKUP($B26,현재가!$A:$B,2,FALSE),VLOOKUP($B26,현재가!$D:$E,2,FALSE)) -> 17900 | J26: =L26/$E$3 -> 22866.333 | K26: =IF((I26/J26-1)>0,I26/J26-1,"없음") -> 없음 | L26: 1829.3067 | M26: 259.47 | N26: 2701.26 | O26: 2527.19 | P26: 디스플레이 및 관련부품 | Q26: 357815700
A27: A009540 | B27: 현대중공업 | C27: 연결 | D27: 3Q | E27: =I27*Q27/100000000 -> 180322.2 | F27: =VLOOKUP($A27,종합!$A:$T,COLUMN(종합!F25),FALSE) -> 18.628854 | G27: =VLOOKUP($A27,종합!$A:$T,COLUMN(종합!G25),FALSE) -> 0.49191463 | H27: =VLOOKUP($A27,종합!$A:$T,COLUMN(종합!H25),FALSE) -> 0.026406059 | I27: =IF(COUNTIF(현재가!$A:$A,$B27),VLOOKUP($B27,현재가!$A:$B,2,FALSE),VLOOKUP($B27,현재가!$D:$E,2,FALSE)) -> 104500 | J27: =L27/$E$3 -> 67796.958 | K27: =IF((I27/J27-1)>0,I27/J27-1,"없음") -> 0.54136708 | L27: 5423.7567 | M27: 6100.58 | N27: 5368.62 | O27: 4802.07 | P27: 복합 산업 | Q27: 172557131
A28: A011170 | B28: 롯데케미칼 | C28: 연결 | D28: 3Q | E28: =I28*Q28/100000000 -> 81746.874 | F28: =VLOOKUP($A28,종합!$A:$T,COLUMN(종합!F28),FALSE) -> 5.7237365 | G28: =VLOOKUP($A28,종합!$A:$T,COLUMN(종합!G28),FALSE) -> 0.96273302 | H28: =VLOOKUP($A28,종합!$A:$T,COLUMN(종합!H28),FALSE) -> 0.16820009 | I28: =IF(COUNTIF(현재가!$A:$A,$B28),VLOOKUP($B28,현재가!$A:$B,2,FALSE),VLOOKUP($B28,현재가!$D:$E,2,FALSE)) -> 238500 | J28: =L28/$E$3 -> 312125.54 | K28: =IF((I28/J28-1)>0,I28/J28-1,"없음") -> 없음 | L28: 24970.043 | M28: 41668.58 | N28: 28956.97 | O28: 4284.58 | P28: 화학 | Q28: 34275419
A29: A010130 | B29: 고려아연 | C29: 연결 | D29: 3Q | E29: =I29*Q29/100000000 -> 597814.63 | F29: =VLOOKUP($A29,종합!$A:$T,COLUMN(종합!F33),FALSE) -> 19.662155 | G29: =VLOOKUP($A29,종합!$A:$T,COLUMN(종합!G33),FALSE) -> 1.893131 | H29: =VLOOKUP($A29,종합!$A:$T,COLUMN(종합!H33),FALSE) -> 0.09628299 | I29: =IF(COUNTIF(현재가!$A:$A,$B29),VLOOKUP($B29,현재가!$A:$B,2,FALSE),VLOOKUP($B29,현재가!$D:$E,2,FALSE)) -> 531000 | J29: =L29/$E$3 -> 51008 | K29: =IF((I29/J29-1)>0,I29/J29-1,"없음") -> 9.4101317 | L29: 4080.64 | M29: 9296.12 | N29: 5414.21 | O29: -2468.41 | P29: 석유 및 가스 | Q29: 112582792
A30: A035250 | B30: 강원랜드 | C30: 연결 | D30: 3Q | E30: =I30*Q30/100000000 -> 5340.21 | F30: =VLOOKUP($A30,종합!$A:$T,COLUMN(종합!F29),FALSE) -> 12.514295 | G30: =VLOOKUP($A30,종합!$A:$T,COLUMN(종합!G29),FALSE) -> 1.8936224 | H30: =VLOOKUP($A30,종합!$A:$T,COLUMN(종합!H29),FALSE) -> 0.15131674 | I30: =IF(COUNTIF(현재가!$A:$A,$B30),VLOOKUP($B30,현재가!$A:$B,2,FALSE),VLOOKUP($B30,현재가!$D:$E,2,FALSE)) -> 28300 | J30: =L30/$E$3 -> 335686.25 | K30: =IF((I30/J30-1)>0,I30/J30-1,"없음") -> 없음 | L30: 26854.9 | M30: 27006.2 | N30: 26993.92 | O30: 26564.58 | P30: 금속 및 광물 | Q30: 18870000
A31: A066570 | B31: LG전자 | C31: 연결 | D31: 3Q | E31: =I31*Q31/100000000 -> 313334.17 | F31: =VLOOKUP($A31,종합!$A:$T,COLUMN(종합!F32),FALSE) -> 78.24891 | G31: =VLOOKUP($A31,종합!$A:$T,COLUMN(종합!G32),FALSE) -> 1.7332171 | H31: =VLOOKUP($A31,종합!$A:$T,COLUMN(종합!H32),FALSE) -> 0.022150048 | I31: =IF(COUNTIF(현재가!$A:$A,$B31),VLOOKUP($B31,현재가!$A:$B,2,FALSE),VLOOKUP($B31,현재가!$D:$E,2,FALSE)) -> 120000 | J31: =L31/$E$3 -> -7.5416667 | K31: =IF((I31/J31-1)>0,I31/J31-1,"없음") -> 없음 | L31: -0.60333333 | M31: 1920.89 | N31: 2117.73 | O31: -4040.43 | P31: 무선통신 | Q31: 261111808
A32: A030200 | B32: KT | C32: 연결 | D32: 3Q | E32: =I32*Q32/100000000 -> 51303.59 | F32: =VLOOKUP($A32,종합!$A:$T,COLUMN(종합!F31),FALSE) -> 16.320562 | G32: =VLOOKUP($A32,종합!$A:$T,COLUMN(종합!G31),FALSE) -> 0.72186919 | H32: =VLOOKUP($A32,종합!$A:$T,COLUMN(종합!H31),FALSE) -> 0.044230659 | I32: =IF(COUNTIF(현재가!$A:$A,$B32),VLOOKUP($B32,현재가!$A:$B,2,FALSE),VLOOKUP($B32,현재가!$D:$E,2,FALSE)) -> 31350 | J32: =L32/$E$3 -> 17850.375 | K32: =IF((I32/J32-1)>0,I32/J32-1,"없음") -> 0.75626562 | L32: 1428.03 | M32: 1387.82 | N32: 687.89 | O32: 2208.38 | P32: 내구소비재 | Q32: 163647814
A33: A010950 | B33: S-Oil | C33: 연결 | D33: 3Q | E33: =I33*Q33/100000000 -> 226776.93 | F33: =VLOOKUP($A33,종합!$A:$T,COLUMN(종합!F30),FALSE) -> 11.009313 | G33: =VLOOKUP($A33,종합!$A:$T,COLUMN(종합!G30),FALSE) -> 1.91587 | H33: =VLOOKUP($A33,종합!$A:$T,COLUMN(종합!H30),FALSE) -> 0.17402267 | I33: =IF(COUNTIF(현재가!$A:$A,$B33),VLOOKUP($B33,현재가!$A:$B,2,FALSE),VLOOKUP($B33,현재가!$D:$E,2,FALSE)) -> 106000 | J33: =L33/$E$3 -> 25022.875 | K33: =IF((I33/J33-1)>0,I33/J33-1,"없음") -> 3.2361239 | L33: 2001.83 | M33: 2261.41 | N33: 2064.34 | O33: 1679.74 | P33: 호텔 및 레저 | Q33: 213940500
A34: A008930 | B34: 한미사이언스 | C34: 연결 | D34: 3Q | E34: =I34*Q34/100000000 -> 18327.699 | F34: =VLOOKUP($A34,종합!$A:$T,COLUMN(종합!F42),FALSE) -> 18.307289 | G34: =VLOOKUP($A34,종합!$A:$T,COLUMN(종합!G42),FALSE) -> 5.0687464 | H34: =VLOOKUP($A34,종합!$A:$T,COLUMN(종합!H42),FALSE) -> 0.27687039 | I34: =IF(COUNTIF(현재가!$A:$A,$B34),VLOOKUP($B34,현재가!$A:$B,2,FALSE),VLOOKUP($B34,현재가!$D:$E,2,FALSE)) -> 58200 | J34: =L34/$E$3 -> -31947.792 | K34: =IF((I34/J34-1)>0,I34/J34-1,"없음") -> 없음 | L34: -2555.8233 | M34: -12226.96 | N34: -12164.39 | O34: 16723.88 | P34: 백화점 | Q34: 31490892
A35: A006400 | B35: 삼성SDI | C35: 연결 | D35: 3Q | E35: =I35*Q35/100000000 -> 523970.32 | F35: =VLOOKUP($A35,종합!$A:$T,COLUMN(종합!F37),FALSE) -> 4552.9272 | G35: =VLOOKUP($A35,종합!$A:$T,COLUMN(종합!G37),FALSE) -> 4.3364423 | H35: =VLOOKUP($A35,종합!$A:$T,COLUMN(종합!H37),FALSE) -> 0.00095245147 | I35: =IF(COUNTIF(현재가!$A:$A,$B35),VLOOKUP($B35,현재가!$A:$B,2,FALSE),VLOOKUP($B35,현재가!$D:$E,2,FALSE)) -> 686000 | J35: =L35/$E$3 -> 45876.708 | K35: =IF((I35/J35-1)>0,I35/J35-1,"없음") -> 13.953122 | L35: 3670.1367 | M35: 3323.65 | N35: 4449.26 | O35: 3237.5 | P35: 내구소비재 | Q35: 76380513
A36: A047810 | B36: 한국항공우주 | C36: 연결 | D36: 3Q | E36: =I36*Q36/100000000 -> 39082.584 | F36: =VLOOKUP($A36,종합!$A:$T,COLUMN(종합!F40),FALSE) -> 13.141854 | G36: =VLOOKUP($A36,종합!$A:$T,COLUMN(종합!G40),FALSE) -> 2.3239213 | H36: =VLOOKUP($A36,종합!$A:$T,COLUMN(종합!H40),FALSE) -> 0.1768336 | I36: =IF(COUNTIF(현재가!$A:$A,$B36),VLOOKUP($B36,현재가!$A:$B,2,FALSE),VLOOKUP($B36,현재가!$D:$E,2,FALSE)) -> 31550 | J36: =L36/$E$3 -> 74378.792 | K36: =IF((I36/J36-1)>0,I36/J36-1,"없음") -> 없음 | L36: 5950.3033 | M36: 6906.11 | N36: 5291.04 | O36: 5653.76 | P36: 자동차부품 | Q36: 123875069
A37: A021240 | B37: 코웨이 | C37: 연결 | D37: 3Q | E37: =I37*Q37/100000000 -> 72034.104 | F37: =VLOOKUP($A37,종합!$A:$T,COLUMN(종합!F36),FALSE) -> 22.022933 | G37: =VLOOKUP($A37,종합!$A:$T,COLUMN(종합!G36),FALSE) -> 4.7030701 | H37: =VLOOKUP($A37,종합!$A:$T,COLUMN(종합!H36),FALSE) -> 0.21355331 | I37: =IF(COUNTIF(현재가!$A:$A,$B37),VLOOKUP($B37,현재가!$A:$B,2,FALSE),VLOOKUP($B37,현재가!$D:$E,2,FALSE)) -> 73900 | J37: =L37/$E$3 -> 22470.958 | K37: =IF((I37/J37-1)>0,I37/J37-1,"없음") -> 2.2886893 | L37: 1797.6767 | M37: 2400.73 | N37: 1852.43 | O37: 1139.87 | P37: 상업서비스 | Q37: 97475107
A38: A004020 | B38: 현대제철 | C38: 연결 | D38: 3Q | E38: =I38*Q38/100000000 -> 60784.555 | F38: =VLOOKUP($A38,종합!$A:$T,COLUMN(종합!F38),FALSE) -> 6.2730464 | G38: =VLOOKUP($A38,종합!$A:$T,COLUMN(종합!G38),FALSE) -> 0.38196793 | H38: =VLOOKUP($A38,종합!$A:$T,COLUMN(종합!H38),FALSE) -> 0.060890339 | I38: =IF(COUNTIF(현재가!$A:$A,$B38),VLOOKUP($B38,현재가!$A:$B,2,FALSE),VLOOKUP($B38,현재가!$D:$E,2,FALSE)) -> 45550 | J38: =L38/$E$3 -> 82036.25 | K38: =IF((I38/J38-1)>0,I38/J38-1,"없음") -> 없음 | L38: 6562.9 | M38: 7261.22 | N38: 5865.81 | O38: 6561.67 | P38: 금속 및 광물 | Q38: 133445785
A39: A128940 | B39: 한미약품 | C39: 연결 | D39: 3Q | E39: =I39*Q39/100000000 -> 97687.5 | F39: =VLOOKUP($A39,종합!$A:$T,COLUMN(종합!F41),FALSE) -> 12.345322 | G39: =VLOOKUP($A39,종합!$A:$T,COLUMN(종합!G41),FALSE) -> 3.9159601 | H39: =VLOOKUP($A39,종합!$A:$T,COLUMN(종합!H41),FALSE) -> 0.31720193 | I39: =IF(COUNTIF(현재가!$A:$A,$B39),VLOOKUP($B39,현재가!$A:$B,2,FALSE),VLOOKUP($B39,현재가!$D:$E,2,FALSE)) -> 260500 | J39: =L39/$E$3 -> 171300.92 | K39: =IF((I39/J39-1)>0,I39/J39-1,"없음") -> 0.52071574 | L39: 13704.073 | M39: 16760.11 | N39: 10052.38 | O39: 14299.73 | P39: 육상운수 | Q39: 37500000
A40: A161390 | B40: 한국타이어앤테크놀로지 | C40: 연결 | D40: 3Q | E40: =I40*Q40/100000000 -> 29396.837 | F40: =VLOOKUP($A40,종합!$A:$T,COLUMN(종합!F35),FALSE) -> 6.1901688 | G40: =VLOOKUP($A40,종합!$A:$T,COLUMN(종합!G35),FALSE) -> 0.94918298 | H40: =VLOOKUP($A40,종합!$A:$T,COLUMN(종합!H35),FALSE) -> 0.15333717 | I40: =IF(COUNTIF(현재가!$A:$A,$B40),VLOOKUP($B40,현재가!$A:$B,2,FALSE),VLOOKUP($B40,현재가!$D:$E,2,FALSE)) -> 42750 | J40: =L40/$E$3 -> -2139.375 | K40: =IF((I40/J40-1)>0,I40/J40-1,"없음") -> 없음 | L40: -171.15 | M40: 147.21 | N40: 765.05 | O40: -1425.71 | P40: 전자 장비 및 기기 | Q40: 68764530
A41: A086280 | B41: 현대글로비스 | C41: 연결 | D41: 3Q | E41: =I41*Q41/100000000 -> 37717.918 | F41: =VLOOKUP($A41,종합!$A:$T,COLUMN(종합!F46),FALSE) -> 10.262465 | G41: =VLOOKUP($A41,종합!$A:$T,COLUMN(종합!G46),FALSE) -> 1.8745617 | H41: =VLOOKUP($A41,종합!$A:$T,COLUMN(종합!H46),FALSE) -> 0.18266193 | I41: =IF(COUNTIF(현재가!$A:$A,$B41),VLOOKUP($B41,현재가!$A:$B,2,FALSE),VLOOKUP($B41,현재가!$D:$E,2,FALSE)) -> 172000 | J41: =L41/$E$3 -> 122151.25 | K41: =IF((I41/J41-1)>0,I41/J41-1,"없음") -> 0.40809038 | L41: 9772.1 | M41: 11286.95 | N41: 7542.22 | O41: 10487.13 | P41: 게임 소프트웨어 | Q41: 21929022
A42: A023530 | B42: 롯데쇼핑 | C42: 연결 | D42: 3Q | E42: =I42*Q42/100000000 -> 547145 | F42: =VLOOKUP($A42,종합!$A:$T,COLUMN(종합!F43),FALSE) -> -8.3831114 | G42: =VLOOKUP($A42,종합!$A:$T,COLUMN(종합!G43),FALSE) -> 0.19857322 | H42: =VLOOKUP($A42,종합!$A:$T,COLUMN(종합!H43),FALSE) -> -0.023687294 | I42: =IF(COUNTIF(현재가!$A:$A,$B42),VLOOKUP($B42,현재가!$A:$B,2,FALSE),VLOOKUP($B42,현재가!$D:$E,2,FALSE)) -> 102500 | J42: =L42/$E$3 -> 6033.5 | K42: =IF((I42/J42-1)>0,I42/J42-1,"없음") -> 15.988481 | L42: 482.68 | M42: 500.31 | N42: 431.83 | O42: 515.9 | P42: 자동차부품 | Q42: 533800000
A43: A018880 | B43: 한온시스템 | C43: 연결 | D43: 3Q | E43: =I43*Q43/100000000 -> 8801.8367 | F43: =VLOOKUP($A43,종합!$A:$T,COLUMN(종합!F34),FALSE) -> 30.181328 | G43: =VLOOKUP($A43,종합!$A:$T,COLUMN(종합!G34),FALSE) -> 4.5361136 | H43: =VLOOKUP($A43,종합!$A:$T,COLUMN(종합!H34),FALSE) -> 0.15029536 | I43: =IF(COUNTIF(현재가!$A:$A,$B43),VLOOKUP($B43,현재가!$A:$B,2,FALSE),VLOOKUP($B43,현재가!$D:$E,2,FALSE)) -> 15100 | J43: =L43/$E$3 -> 27530.417 | K43: =IF((I43/J43-1)>0,I43/J43-1,"없음") -> 없음 | L43: 2202.4333 | M43: 3179.06 | N43: 3062.62 | O43: 365.62 | P43: 제약 | Q43: 58290309
A44: A035720 | B44: 카카오 | C44: 연결 | D44: 3Q | E44: =I44*Q44/100000000 -> 79448.465 | F44: =VLOOKUP($A44,종합!$A:$T,COLUMN(종합!F44),FALSE) -> 175.64049 | G44: =VLOOKUP($A44,종합!$A:$T,COLUMN(종합!G44),FALSE) -> 2.3900799 | H44: =VLOOKUP($A44,종합!$A:$T,COLUMN(종합!H44),FALSE) -> 0.013607796 | I44: =IF(COUNTIF(현재가!$A:$A,$B44),VLOOKUP($B44,현재가!$A:$B,2,FALSE),VLOOKUP($B44,현재가!$D:$E,2,FALSE)) -> 117500 | J44: =L44/$E$3 -> 33716.583 | K44: =IF((I44/J44-1)>0,I44/J44-1,"없음") -> 2.484932 | L44: 2697.3267 | M44: 705.6 | N44: 1269.27 | O44: 6117.11 | P44: 인터넷 서비스 | Q44: 67615715
A45: A001040 | B45: CJ | C45: 연결 | D45: 3Q | E45: =I45*Q45/100000000 -> 28360.042 | F45: =VLOOKUP($A45,종합!$A:$T,COLUMN(종합!F45),FALSE) -> 11.269121 | G45: =VLOOKUP($A45,종합!$A:$T,COLUMN(종합!G45),FALSE) -> 0.75972978 | H45: =VLOOKUP($A45,종합!$A:$T,COLUMN(종합!H45),FALSE) -> 0.06741695 | I45: =IF(COUNTIF(현재가!$A:$A,$B45),VLOOKUP($B45,현재가!$A:$B,2,FALSE),VLOOKUP($B45,현재가!$D:$E,2,FALSE)) -> 97200 | J45: =L45/$E$3 -> 95421.208 | K45: =IF((I45/J45-1)>0,I45/J45-1,"없음") -> 0.018641471 | L45: 7633.6967 | M45: 8634.64 | N45: 7068.64 | O45: 7197.81 | P45: 식료품 | Q45: 29176998
A46: A036570 | B46: 엔씨소프트 | C46: 연결 | D46: 3Q | E46: =I46*Q46/100000000 -> 2523613.7 | F46: =VLOOKUP($A46,종합!$A:$T,COLUMN(종합!F50),FALSE) -> 51.209592 | G46: =VLOOKUP($A46,종합!$A:$T,COLUMN(종합!G50),FALSE) -> 7.2357156 | H46: =VLOOKUP($A46,종합!$A:$T,COLUMN(종합!H50),FALSE) -> 0.1412961 | I46: =IF(COUNTIF(현재가!$A:$A,$B46),VLOOKUP($B46,현재가!$A:$B,2,FALSE),VLOOKUP($B46,현재가!$D:$E,2,FALSE)) -> 578000 | J46: =L46/$E$3 -> 9485.7917 | K46: =IF((I46/J46-1)>0,I46/J46-1,"없음") -> 59.933238 | L46: 758.86333 | M46: 949 | N46: 804.94 | O46: 522.65 | P46: 무선통신 | Q46: 436611361
A47: A001800 | B47: 오리온
A48: A027410 | B48: BGF리테일
A49: A097950 | B49: CJ제일제당
A50: A032640 | B50: LG유플러스

Sheet 분기 환산주식수

Sheet 10년 환산주식수
A1: Symbol | B1: Symbol Name | C1: Item Name | D1: Frequency | E1: 2010 | F1: 2011 | G1: 2012 | H1: 2013 | I1: 2014 | J1: 2015 | K1: 2016 | L1: 2017 | M1: 2018 | N1: 2019 | O1: 2020
A2: A005930 | B2: 삼성전자 | C2: 상장주식수 (보통+우선)(주) | D2: YEARLY | E2: 170132764 | F2: 170132764 | G2: 170132764 | H2: 170132764 | I2: 170132764 | J2: 170132764 | K2: 170132764 | L2: 170132764 | M2: 170132764 | N2: 170132764 | O2: 166662764
A3: A015760 | B3: 한국전력 | C3: 상장주식수 (보통+우선)(주) | D3: YEARLY | E3: 641567712 | F3: 641567712 | G3: 641567712 | H3: 641567712 | I3: 641567712 | J3: 641964077 | K3: 641964077 | L3: 641964077 | M3: 641964077 | N3: 641964077 | O3: 641964077
A4: A005380 | B4: 현대차 | C4: 상장주식수 (보통+우선)(주) | D4: YEARLY | E4: 284668401 | F4: 285075954 | G4: 285478625 | H4: 285478625 | I4: 285478625 | J4: 285478625 | K4: 285478625 | L4: 285478625 | M4: 285478625 | N4: 285478625 | O4: 285478625
A5: A028260 | B5: 삼성물산 | C5: 상장주식수 (보통+우선)(주) | D5: YEARLY | M5: 135000000 | N5: 191317483 | O5: 191317483
A6: A012330 | B6: 현대모비스 | C6: 상장주식수 (보통+우선)(주) | D6: YEARLY | E6: 85837430 | F6: 87503915 | G6: 87616465 | H6: 97369321 | I6: 97369321 | J6: 97369321 | K6: 97369321 | L6: 97369321 | M6: 97347837 | N6: 97343863 | O6: 97343863
A7: A090430 | B7: 아모레퍼시픽 | C7: 상장주식수 (보통+우선)(주) | D7: YEARLY | E7: 6901632 | F7: 6901632 | G7: 6901632 | H7: 6901632 | I7: 6901632 | J7: 6901632 | K7: 6901632 | L7: 6901632 | M7: 6901632 | N7: 69016320 | O7: 69016320
A8: A035420 | B8: NAVER | C8: 상장주식수 (보통+우선)(주) | D8: YEARLY | E8: 46348388 | F8: 47848399 | G8: 48127704 | H8: 48127704 | I8: 48127704 | J8: 48127704 | K8: 48127704 | L8: 32962679 | M8: 32962679 | N8: 32962679 | O8: 32962679
A9: A000660 | B9: SK하이닉스 | C9: 상장주식수 (보통+우선)(주) | D9: YEARLY | E9: 459021989 | F9: 459228628 | G9: 459602790 | H9: 589638561 | I9: 590276554 | J9: 592171582 | K9: 694152768 | L9: 710200891 | M9: 728002365 | N9: 728002365 | O9: 728002365
A10: A018260 | B10: 삼성에스디에스 | C10: 상장주식수 (보통+우선)(주) | D10: YEARLY | M10: 77377800 | N10: 77377800 | O10: 77377800
A11: A032830 | B11: 삼성생명 | C11: 상장주식수 (보통+우선)(주) | D11: YEARLY | I11: 200000000 | J11: 200000000 | K11: 200000000 | L11: 200000000 | M11: 200000000 | N11: 200000000 | O11: 200000000
A12: A000270 | B12: 기아 | C12: 상장주식수 (보통+우선)(주) | D12: YEARLY | E12: 347230455 | F12: 347230455 | G12: 347230455 | H12: 387701429 | I12: 397575200 | J12: 403814773 | K12: 405363347 | L12: 405363347 | M12: 405363347 | N12: 405363347 | O12: 405363347
A13: A051910 | B13: LG화학 | C13: 상장주식수 (보통+우선)(주) | D13: YEARLY | E13: 73086315 | F13: 83900021 | G13: 83900021 | H13: 73900021 | I13: 73900021 | J13: 73900021 | K13: 73900021 | L13: 73900021 | M13: 73900021 | N13: 73900021 | O13: 73900021
A14: A055550 | B14: 신한지주 | C14: 상장주식수 (보통+우선)(주) | D14: YEARLY | E14: 381567614 | F14: 396199587 | G14: 396199587 | H14: 474199587 | I14: 474199587 | J14: 474199587 | K14: 474199587 | L14: 474199587 | M14: 474199587 | N14: 474199587 | O14: 474199587
A15: A034730 | B15: SK | C15: 상장주식수 (보통+우선)(주) | D15: YEARLY | H15: 50000000 | I15: 50000000 | J15: 50000000 | K15: 50000000 | L15: 50000000 | M15: 50000000 | N15: 70926432 | O15: 70926432
A16: A017670 | B16: SK텔레콤 | C16: 상장주식수 (보통+우선)(주) | D16: YEARLY | E16: 81193711 | F16: 81193711 | G16: 81193711 | H16: 80745711 | I16: 80745711 | J16: 80745711 | K16: 80745711 | L16: 80745711 | M16: 80745711 | N16: 80745711 | O16: 80745711
A17: A051900 | B17: LG생활건강 | C17: 상장주식수 (보통+우선)(주) | D17: YEARLY | E17: 17717894 | F17: 17717894 | G17: 17717894 | H17: 17717894 | I17: 17717894 | J17: 17717894 | K17: 17717894 | L17: 17717894 | M17: 17717894 | N17: 17717894 | O17: 17717894
A18: A005490 | B18: POSCO | C18: 상장주식수 (보통+우선)(주) | D18: YEARLY | E18: 87186835 | F18: 87186835 | G18: 87186835 | H18: 87186835 | I18: 87186835 | J18: 87186835 | K18: 87186835 | L18: 87186835 | M18: 87186835 | N18: 87186835 | O18: 87186835
A19: A033780 | B19: KT&G | C19: 상장주식수 (보통+우선)(주) | D19: YEARLY | E19: 147442497 | F19: 143442497 | G19: 138792497 | H19: 137292497 | I19: 137292497 | J19: 137292497 | K19: 137292497 | L19: 137292497 | M19: 137292497 | N19: 137292497 | O19: 137292497
A20: A000810 | B20: 삼성화재 | C20: 상장주식수 (보통+우선)(주) | D20: YEARLY | E20: 52166837 | F20: 50566837 | G20: 50566837 | H20: 50566837 | I20: 50566837 | J20: 50566837 | K20: 50566837 | L20: 50566837 | M20: 50566837 | N20: 50566837 | O20: 50566837
A21: A068270 | B21: 셀트리온 | C21: 상장주식수 (보통+우선)(주) | D21: YEARLY | E21: 6000000 | F21: 6000000 | G21: 106649918 | H21: 107959251 | I21: 115987832 | J21: 116522891 | K21: 174639638 | L21: 100503857 | M21: 103569771 | N21: 112431663 | O21: 112431663
A22: A096770 | B22: SK이노베이션 | C22: 상장주식수 (보통+우선)(주) | D22: YEARLY | F22: 92621921 | G22: 93713990 | H22: 93713990 | I22: 93713990 | J22: 93713990 | K22: 93713990 | L22: 93713990 | M22: 93713990 | N22: 93713990 | O22: 93713990
A23: A003550 | B23: LG | C23: 상장주식수 (보통+우선)(주) | D23: YEARLY | E23: 175871808 | F23: 175871808 | G23: 175871808 | H23: 175871808 | I23: 175871808 | J23: 175871808 | K23: 175871808 | L23: 175871808 | M23: 175871808 | N23: 175871808 | O23: 175871808
A24: A002790 | B24: 아모레G | C24: 상장주식수 (보통+우선)(주) | D24: YEARLY | E24: 8890195 | F24: 8890195 | G24: 8890195 | H24: 8890195 | I24: 8890195 | J24: 8890195 | K24: 8890195 | L24: 8890195 | M24: 8623475 | N24: 86234750 | O24: 86234750
A25: A105560 | B25: KB금융 | C25: 상장주식수 (보통+우선)(주) | D25: YEARLY | G25: 356351693 | H25: 386351693 | I25: 386351693 | J25: 386351693 | K25: 386351693 | L25: 386351693 | M25: 386351693 | N25: 386351693 | O25: 386351693
A26: A008930 | B26: 한미사이언스 | C26: 상장주식수 (보통+우선)(주) | D26: YEARLY | E26: 7917958 | F26: 8298493 | G26: 8697970 | H26: 9112872 | I26: 9030876 | J26: 9473288 | K26: 49663395 | L26: 52049591 | M26: 54554979 | N26: 57185523 | O26: 58290309
A27: A010950 | B27: S-Oil | C27: 상장주식수 (보통+우선)(주) | D27: YEARLY | E27: 116604719 | F27: 116604719 | G27: 116604719 | H27: 116604719 | I27: 116604719 | J27: 116604719 | K27: 116604719 | L27: 116604719 | M27: 116604719 | N27: 116604719 | O27: 116604719
A28: A066570 | B28: LG전자 | C28: 상장주식수 (보통+우선)(주) | D28: YEARLY | E28: 161833806 | F28: 161833806 | G28: 161833806 | H28: 161833806 | I28: 161833806 | J28: 161833806 | K28: 180833806 | L28: 180833806 | M28: 180833806 | N28: 180833806 | O28: 180833806
A29: A011170 | B29: 롯데케미칼 | C29: 상장주식수 (보통+우선)(주) | D29: YEARLY | E29: 31860000 | F29: 31860000 | G29: 31860000 | H29: 31860000 | I29: 31860000 | J29: 31860000 | K29: 31860000 | L29: 34275419 | M29: 34275419 | N29: 34275419 | O29: 34275419
A30: A035250 | B30: 강원랜드 | C30: 상장주식수 (보통+우선)(주) | D30: YEARLY | E30: 213940500 | F30: 213940500 | G30: 213940500 | H30: 213940500 | I30: 213940500 | J30: 213940500 | K30: 213940500 | L30: 213940500 | M30: 213940500 | N30: 213940500 | O30: 213940500
A31: A001040 | B31: CJ | C31: 상장주식수 (보통+우선)(주) | D31: YEARLY | E31: 36402919 | F31: 23016922 | G31: 31355523 | H31: 31211042 | I31: 31233454 | J31: 31252286 | K31: 31275345 | L31: 31300795 | M31: 31344650 | N31: 31393971 | O31: 31393971
A32: A010130 | B32: 고려아연 | C32: 상장주식수 (보통+우선)(주) | D32: YEARLY | E32: 18870000 | F32: 18870000 | G32: 18870000 | H32: 18870000 | I32: 18870000 | J32: 18870000 | K32: 18870000 | L32: 18870000 | M32: 18870000 | N32: 18870000 | O32: 18870000
A33: A034220 | B33: LG디스플레이 | C33: 상장주식수 (보통+우선)(주) | D33: YEARLY | E33: 357815700 | F33: 357815700 | G33: 357815700 | H33: 357815700 | I33: 357815700 | J33: 357815700 | K33: 357815700 | L33: 357815700 | M33: 357815700 | N33: 357815700 | O33: 357815700
A34: A086280 | B34: 현대글로비스 | C34: 상장주식수 (보통+우선)(주) | D34: YEARLY | E34: 37500000 | F34: 37500000 | G34: 37500000 | H34: 37500000 | I34: 37500000 | J34: 37500000 | K34: 37500000 | L34: 37500000 | M34: 37500000 | N34: 37500000 | O34: 37500000
A35: A021240 | B35: 코웨이 | C35: 상장주식수 (보통+우선)(주) | D35: YEARLY | E35: 74375593 | F35: 74431993 | G35: 74431993 | H35: 77124796 | I35: 77124796 | J35: 77124796 | K35: 77124796 | L35: 77124796 | M35: 77124796 | N35: 77124796 | O35: 77124796
A36: A128940 | B36: 한미약품 | C36: 상장주식수 (보통+우선)(주) | D36: YEARLY | I36: 7154540 | J36: 7512061 | K36: 7887276 | L36: 8281116 | M36: 9744522 | N36: 10230909 | O36: 10435111
A37: A023530 | B37: 롯데쇼핑 | C37: 상장주식수 (보통+우선)(주) | D37: YEARLY | E37: 29043374 | F37: 29043374 | G37: 29043374 | H37: 29043374 | I37: 29043374 | J37: 29043374 | K37: 29043374 | L37: 31490892 | M37: 31490892 | N37: 31490892 | O37: 31490892
A38: A030200 | B38: KT | C38: 상장주식수 (보통+우선)(주) | D38: YEARLY | E38: 279627400 | F38: 277569400 | G38: 273535700 | H38: 261111808 | I38: 261111808 | J38: 261111808 | K38: 261111808 | L38: 261111808 | M38: 261111808 | N38: 261111808 | O38: 261111808
A39: A035720 | B39: 카카오 | C39: 상장주식수 (보통+우선)(주) | D39: YEARLY | E39: 12539428 | F39: 12872888 | G39: 12963773 | H39: 13044665 | I39: 13336456 | J39: 13451869 | K39: 13504429 | L39: 13560229 | M39: 57699951 | N39: 60096088 | O39: 60096088
A40: A047810 | B40: 한국항공우주 | C40: 상장주식수 (보통+우선)(주) | D40: YEARLY | J40: 97475107 | K40: 97475107 | L40: 97475107 | M40: 97475107 | N40: 97475107 | O40: 97475107
A41: A009540 | B41: 현대중공업 | C41: 상장주식수 (보통+우선)(주) | D41: YEARLY | E41: 76000000 | F41: 76000000 | G41: 76000000 | H41: 76000000 | I41: 76000000 | J41: 76000000 | K41: 76000000 | L41: 76000000 | M41: 76000000 | N41: 76000000 | O41: 76000000
A42: A004020 | B42: 현대제철 | C42: 상장주식수 (보통+우선)(주) | D42: YEARLY | E42: 85314475 | F42: 85314475 | G42: 85314475 | H42: 85314475 | I42: 85314475 | J42: 85314475 | K42: 85314475 | L42: 85314475 | M42: 116549784 | N42: 133445785 | O42: 133445785
A43: A009240 | B43: 한샘 | C43: 상장주식수 (보통+우선)(주) | D43: YEARLY | E43: 23533928 | F43: 23533928 | G43: 23533928 | H43: 23533928 | I43: 23533928 | J43: 23533928 | K43: 23533928 | L43: 23533928 | M43: 23533928 | N43: 23533928 | O43: 23533928
A44: A001800 | B44: 오리온 | C44: 상장주식수 (보통+우선)(주) | D44: YEARLY | E44: 5918807 | F44: 5940214 | G44: 5954535 | H44: 5954535 | I44: 5964082 | J44: 5964865 | K44: 5966890 | L44: 5971135 | M44: 5974969 | N44: 5976091 | O44: 5976091
A45: A024110 | B45: 기업은행 | C45: 상장주식수 (보통+우선)(주) | D45: YEARLY | E45: 405151585 | F45: 405151618 | G45: 442645133 | H45: 543616503 | I45: 546001430 | J45: 546001430 | K45: 546001430 | L45: 550195005 | M45: 552515139 | N45: 556401958 | O45: 556401958
A46: A006400 | B46: 삼성SDI | C46: 상장주식수 (보통+우선)(주) | D46: YEARLY | E46: 47176237 | F46: 47176237 | G46: 47176237 | H46: 47176237 | I46: 47176237 | J46: 47176237 | K46: 47176237 | L46: 47176237 | M46: 70382426 | N46: 70382426 | O46: 70382426
A47: A086790 | B47: 하나금융지주 | C47: 상장주식수 (보통+우선)(주) | D47: YEARLY | E47: 211851593 | F47: 211851593 | G47: 211851593 | H47: 211851593 | I47: 211851593 | J47: 243049763 | K47: 243049763 | L47: 289894062 | M47: 289894062 | N47: 296003062 | O47: 296003062
A48: A088350 | B48: 한화생명 | C48: 상장주식수 (보통+우선)(주) | D48: YEARLY | I48: 868530000 | J48: 868530000 | K48: 868530000 | L48: 868530000 | M48: 868530000 | N48: 868530000 | O48: 868530000
A49: A161390 | B49: 한국타이어 | C49: 상장주식수 (보통+우선)(주) | D49: YEARLY | K49: 123875069 | L49: 123875069 | M49: 123875069 | N49: 123875069 | O49: 123875069
A50: A000030 | B50: 우리은행 | C50: 상장주식수 (보통+우선)(주) | D50: YEARLY | E50: 552880000 | F50: 552880000 | G50: 552880000 | H50: 552880000 | I50: 552880000 | J50: 552880000 | K50: 552880000 | L50: 552880000 | M50: 676278371 | N50: 676000000 | O50: 676000000
A51: A018880 | B51: 한온시스템 | C51: 상장주식수 (보통+우선)(주) | D51: YEARLY | E51: 106760000 | F51: 106760000 | G51: 106760000 | H51: 106760000 | I51: 106760000 | J51: 106760000 | K51: 106760000 | L51: 106760000 | M51: 106760000 | N51: 106760000 | O51: 106760000
A52: A097950 | B52: CJ제일제당 | C52: 상장주식수 (보통+우선)(주) | D52: YEARLY | F52: 13515739 | G52: 13515739 | H52: 13681210 | I52: 14102381 | J52: 14406330 | K52: 14412466 | L52: 14427431 | M52: 14465731 | N52: 14485631 | O52: 14485631
A53: A036570 | B53: 엔씨소프트 | C53: 상장주식수 (보통+우선)(주) | D53: YEARLY | E53: 20387434 | F53: 20469871 | G53: 20474448 | H53: 21709450 | I53: 21806365 | J53: 21847635 | K53: 21897582 | L53: 21914708 | M53: 21929022 | N53: 21929022 | O53: 21929022
A54: A027410 | B54: BGF리테일 | C54: 상장주식수 (보통+우선)(주) | D54: YEARLY | M54: 24640080 | N54: 24773964 | O54: 24773964
A55: A000120 | B55: CJ대한통운 | C55: 상장주식수 (보통+우선)(주) | D55: YEARLY | E55: 15979740 | F55: 15989654 | G55: 40176724 | H55: 22812344 | I55: 22812344 | J55: 22812344 | K55: 22812344 | L55: 22812344 | M55: 22812344 | N55: 22812344 | O55: 22812344
A56: A007070 | B56: GS리테일 | C56: 상장주식수 (보통+우선)(주) | D56: YEARLY | J56: 77000000 | K56: 77000000 | L56: 77000000 | M56: 77000000 | N56: 77000000 | O56: 77000000
A57: A007310 | B57: 오뚜기 | C57: 상장주식수 (보통+우선)(주) | D57: YEARLY | E57: 3440000 | F57: 3440000 | G57: 3440000 | H57: 3440000 | I57: 3440000 | J57: 3440000 | K57: 3440000 | L57: 3440000 | M57: 3440000 | N57: 3440000 | O57: 3440000
